timestamp,sensor,innovation_x,innovation_y,nis,accepted,reason
0.00621624542939708,LIDAR,-0.029357957843103577,,0.0034350593382602734,True,ok
0.013322338546636522,FLOW,-0.003537910135589636,-0.04495954011381985,0.022137997953540694,True,ok
0.020405601087840987,LIDAR,0.030794294304826053,,0.5184303058465907,True,ok
0.025973961583963645,BARO,0.3986741306190802,,1.292492475183001,True,ok
0.03216234610589273,LIDAR,0.04894654803952436,,1.718363157401505,True,ok
0.035893908689618996,LIDAR,0.04824506190501898,,1.889202913305325,True,ok
0.04158643576465091,FLOW,0.008452219602618289,0.06719577048892414,1.2779921572129884,True,ok
0.049202786130665435,LIDAR,0.023347031684584074,,0.4548326418177416,True,ok
0.059456155220310766,LIDAR,-0.03531829265715691,,1.0603344748589185,True,ok
0.06629945296638437,FLOW,-0.004549086334726431,-0.0969268227046086,2.490633851292057,True,ok
0.07049968449260033,LIDAR,-0.033574549046162305,,0.9616097677117369,True,ok
0.07157259122784412,BARO,0.7363290776033922,,4.418222441883238,True,ok
0.0796436778329834,CAMERA,0.021667034170301813,-0.14211203137228334,0.07813455123484254,True,ok
0.081045769578899,FLOW,0.027008738851866835,0.029523196619412634,0.4653297432270077,True,ok
0.08474812405909479,LIDAR,-0.037239158618649126,,1.1741487398688046,True,ok
0.08698159786432377,LIDAR,-0.012516719345070593,,0.13914216340530328,True,ok
0.10456153316982354,LIDAR,0.05575921203054568,,2.6440750616166455,True,ok
0.10499596230852404,FLOW,0.008263148023598454,0.1270703746180123,5.119892428821306,True,ok
0.11099366168637415,FLOW,-0.004748717939828815,0.041213422616439274,0.6194370161277186,True,ok
0.11311817451317147,LIDAR,-0.02976603407898115,,0.7742958915159274,True,ok
0.12408762295331353,LIDAR,0.002887580341543572,,0.007282187187039246,True,ok
0.12475497075676545,BARO,0.06281399598556936,,0.03215764964212517,True,ok
0.13078611494116132,LIDAR,-0.038667009563660315,,1.3318020399170214,True,ok
0.1393416741837132,FLOW,0.007342958422327801,-0.04394302743672635,0.5235130581426314,True,ok
0.14490397714455863,LIDAR,-0.014344862207184672,,0.18113868100217523,True,ok
0.14709469468412525,LIDAR,-0.0682690262369583,,4.2535697214301,True,ok
0.15460555021588532,FLOW,0.012997877132222863,-0.006901846731041616,0.06840267954324834,True,ok
0.1565324022044587,CAMERA,0.09263669403354904,0.24930011717691664,2.5176076866860524,True,ok
0.15996585270688948,BARO,0.12480420594484642,,0.1269345099138368,True,ok
0.164612158230038,LIDAR,-0.005239235372877626,,0.024316231719565748,True,ok
0.17148150624648245,LIDAR,0.01637279280334747,,0.24182514416455111,True,ok
0.17846734208161488,LIDAR,-0.04952685248098598,,2.2423388971225213,True,ok
0.17964786873596506,FLOW,0.018825192439455025,-0.039794584845061626,0.6285509520150431,True,ok
0.18618200256350284,LIDAR,-0.012107063660395267,,0.1350888991347382,True,ok
0.2010695962241094,LIDAR,0.03248641524542806,,0.9572996352003518,True,ok
0.20191455322744284,BARO,0.12651020506040278,,0.13047289239733115,True,ok
0.20526758683969148,FLOW,-0.04644048816305388,-0.059502460908424266,1.9845614968163519,True,ok
0.2059376457202099,LIDAR,0.007641508427390864,,0.054066423639334074,True,ok
0.21748961334654038,LIDAR,0.02692267474665866,,0.6682414003116065,True,ok
0.22152230986505533,BARO,-0.04679937574893378,,0.017855023285653825,True,ok
0.22296446465062023,FLOW,-0.07779547563446167,0.025575073731707303,2.5842384418587794,True,ok
0.23343079771797615,LIDAR,-0.03444836242529559,,1.0784635936502125,True,ok
0.24252716137671607,LIDAR,0.03303078735821896,,1.0006258094460294,True,ok
0.24765026007192192,FLOW,-0.013331091434654992,0.07044033023106368,1.9689576070304542,True,ok
0.24804284510284644,LIDAR,-0.039385826677515556,,1.4472214066768738,True,ok
0.2641480875260716,FLOW,-0.07033606690350908,0.006488769960333353,2.0196169508699997,True,ok
0.26457218278940936,LIDAR,0.022210126624102156,,0.45323393167932424,True,ok
0.271991939214067,LIDAR,-0.001867239068367832,,0.0032431137839732758,True,ok
0.2777560536084763,LIDAR,-0.02225454761942025,,0.466914351357573,True,ok
0.28211024723537614,FLOW,-0.015683308868523916,-0.05800672791485624,1.48651721344835,True,ok
0.28758804941463184,BARO,0.3220525394215852,,0.8455750970857993,True,ok
0.2881922604240078,LIDAR,-0.021180240535405348,,0.42289083504683306,True,ok
0.29206200025616286,CAMERA,-0.2254595684931412,0.38009891962620557,9.059010720136342,False,gate
0.3012359305461578,BARO,0.6375043341199087,,3.3131279851756914,True,ok
0.30268837925877373,LIDAR,0.011964856168140692,,0.13373528558583364,True,ok
0.3066215694198952,FLOW,0.03822600449292167,-0.023251435142073607,0.812646635497536,True,ok
0.3123329998639538,LIDAR,0.029904356157162137,,0.8391592445367799,True,ok
0.3159680052583221,LIDAR,0.010831666258369399,,0.11195508488822638,True,ok
0.320390786398801,FLOW,-0.032241976991042934,-0.03089880279557229,0.8630308456758798,True,ok
0.32970867395333775,LIDAR,0.01600337468021973,,0.2423318274655529,True,ok
0.33204355425633925,FLOW,-0.002728159756668643,0.04218890520796073,0.8029342605038092,True,ok
0.3366780165679262,LIDAR,0.029727414621169235,,0.842916678551289,True,ok
0.3534731314590335,LIDAR,0.013225844193368808,,0.16452515573390997,True,ok
0.3546260880155368,CAMERA,-0.03886251405229381,-0.043947036315421996,0.15915955604349188,True,ok
0.3571057095425286,BARO,-0.30622930696257344,,0.764612043808104,True,ok
0.36235172414164774,FLOW,0.002392006431363078,-0.014334496036930384,0.08850685924359394,True,ok
0.3627124654390623,LIDAR,0.04458056912769259,,1.879272706071323,True,ok
0.3679271188889266,LIDAR,0.002366399490180582,,0.0053601645979735576,True,ok
0.3772702546946125,LIDAR,0.027280730459062763,,0.7134150458218353,True,ok
0.38906144125188197,FLOW,0.05425821423030413,-0.06292546094317096,2.8555463007476796,True,ok
0.38981025434701927,LIDAR,-0.029920209431813394,,0.8539387603495395,True,ok
0.3908531089988346,BARO,0.1999320848754007,,0.3259647076319128,True,ok
0.3958795406525552,LIDAR,0.010464032847866012,,0.10538590463900918,True,ok
0.40148287591830273,FLOW,0.012485783988771548,0.01165521038859279,0.12755349082680492,True,ok
0.41341141641233414,LIDAR,0.015140383228448906,,0.2173624678018547,True,ok
0.4213230230054725,FLOW,-0.05160826039584297,-0.018433511614952516,1.3109443173683146,True,ok
0.4219418037022984,LIDAR,0.00036364941362165837,,0.00012611465631507247,True,ok
0.42281357417348403,BARO,-0.4988940720089874,,2.029658496079677,True,ok
0.42571530584166245,LIDAR,-0.03415294117007761,,1.127543194199484,True,ok
0.43348629676507255,FLOW,-0.0033427814281815796,0.024848527046442685,0.283986963522689,True,ok
0.43908240851122793,LIDAR,0.03481295748694557,,1.1632757092650468,True,ok
0.4497263112918131,LIDAR,-0.016580164609778292,,0.26372686375443355,True,ok
0.45731716548601675,FLOW,0.016345840886989642,0.048505216534068626,1.1442386967571725,True,ok
0.45917834700914206,LIDAR,-0.043653277618343145,,1.8316090854588858,True,ok
0.4676818445127722,LIDAR,-5.42651091408608e-05,,2.8397258389499928e-06,True,ok
0.48435688377724945,LIDAR,0.0387900914137036,,1.4335480060662162,True,ok
0.4865884167008125,FLOW,-0.012447034046646405,-0.018548680811951938,0.20840113223316797,True,ok
0.48978024419180977,BARO,0.4948534226552799,,1.9967669435200417,True,ok
0.4938337233361168,LIDAR,-0.0017298661098612556,,0.002861771932917714,True,ok
0.4954632458331399,LIDAR,0.0016601356700882697,,0.0026802702357605775,True,ok
0.5006057576113448,FLOW,0.00287337323030865,-0.0018275547903174785,0.00509332606457116,True,ok
0.5057596123345768,LIDAR,0.01819972278050974,,0.32151002973976495,True,ok
0.5114831139463107,FLOW,0.013804221832150956,-0.03334348919017801,0.5964711463066689,True,ok
0.5171279401958759,LIDAR,-0.02032089694108863,,0.39947586322798434,True,ok
0.5181657197127977,CAMERA,-0.3723870821135298,0.06844956143101388,7.397534059804362,True,ok
0.521993992477797,BARO,-0.7024673492277407,,4.024147305197153,True,ok
0.5320615574981438,LIDAR,-0.026136377290443713,,0.6550234295746014,True,ok
0.5387225374925306,LIDAR,-0.043595000186937405,,1.8360503872937126,True,ok
0.5485846026860035,FLOW,0.07516789461333004,0.05044417690958615,3.3826456481541136,True,ok
0.5492202158152599,LIDAR,-0.007760957145774849,,0.05814573575758755,True,ok
0.5614824656954158,FLOW,0.046991688043347274,-0.06416203932793242,2.7698185207437644,True,ok
0.5629006214447101,LIDAR,-0.03454662641310757,,1.145089473588369,True,ok
0.564148697858778,BARO,-0.027237545217930315,,0.0060500217044961195,True,ok
0.568216907328868,LIDAR,-0.03532138297552945,,1.208910867371327,True,ok
0.5741338615423435,CAMERA,0.18858443657301963,0.050153656697012,2.0971347940445364,True,ok
0.5771666770081149,LIDAR,0.035864114178962625,,1.2481597833797353,True,ok
0.588579793503478,FLOW,0.055256619303260104,-0.0867121683652499,4.479924690264868,True,ok
0.5918037859944479,LIDAR,0.0135421513622771,,0.17643707513191212,True,ok
0.6030062372461195,LIDAR,0.022792411203214735,,0.49933042249880655,True,ok
0.6049472324118739,BARO,0.4109954345483573,,1.3775133652984124,True,ok
0.6062428338606641,LIDAR,-0.00030398507028550625,,8.998885607984726e-05,True,ok
0.6075405502979161,FLOW,-0.046759798892050834,0.019949129286026608,1.1213904005496815,True,ok
0.6190562798859733,FLOW,-0.04443431430797931,0.06273069243825566,2.685414703937704,True,ok
0.6236422091861593,LIDAR,0.003270706754275876,,0.010274112390552264,True,ok
0.6289320993745399,LIDAR,0.04872709852360302,,2.302509366718126,True,ok
0.6330178966701685,BARO,-0.23022083531368676,,0.43223821616852065,True,ok
0.6362881415279702,FLOW,-0.0034325719855790443,-0.03962837202888355,0.7196820791507932,True,ok
0.6439747752097481,LIDAR,0.03328854082939081,,1.0651190216102515,True,ok
0.647281284423347,LIDAR,0.016185494119262067,,0.2550609292167204,True,ok
0.6510291315952054,FLOW,0.012476954050460086,0.03298367499891094,0.5724427837198389,True,ok
0.6619465489084603,LIDAR,-0.01069860054731353,,0.11044318851800755,True,ok
0.6651280539861505,BARO,0.4413426052972127,,1.5884623948195762,True,ok
0.6669093165734217,LIDAR,-0.038593977325383166,,1.4507244982888732,True,ok
0.6773436726674049,FLOW,-0.03106562819293551,0.02378069660238497,0.6720587742258212,True,ok
0.6826194501824594,LIDAR,0.03243862074878501,,1.013847593683376,True,ok
0.6918685587901845,LIDAR,-0.021476142883176674,,0.44540992125398865,True,ok
0.6955322922100036,FLOW,-0.03836883288857336,-0.09890076839825097,4.996435861923266,True,ok
0.7011053443887397,LIDAR,0.04560641011569966,,2.0123701954114703,True,ok
0.7047834125691659,BARO,-0.04015396687295247,,0.013148821314108347,True,ok
0.70693391600893,LIDAR,0.02253807614404213,,0.49508417809458544,True,ok
0.7162375626270129,LIDAR,0.03691292486338149,,1.327948060148128,True,ok
0.7185832673551128,CAMERA,-0.07833872491867308,-0.12211164512590374,1.2007055486664173,True,ok
0.7235535247125093,FLOW,-0.028935242110649167,0.019419811536860954,0.5201965857487073,True,ok
0.7278426893514018,LIDAR,-0.0264391515125888,,0.6786183045962978,True,ok
0.7318403905805879,FLOW,-0.046829737243309494,0.0372591676458133,1.6382801674949938,True,ok
0.7425067237482095,LIDAR,-0.03043020049154266,,0.8914422517118313,True,ok
0.7504642462128072,LIDAR,-0.024529161453023862,,0.5819580588538119,True,ok
0.7540534730249723,FLOW,0.02503152399457822,0.037955189978204844,0.9201244253500258,True,ok
0.7628035431269531,BARO,-0.039594590819098,,0.012783436692191624,True,ok
0.7635655208953525,LIDAR,-0.021558733364761995,,0.44736399181924513,True,ok
0.7715802724278555,LIDAR,-0.000458970358231392,,0.00020370620901668127,True,ok
0.7820509899851597,LIDAR,-0.05447751919181609,,2.868585192957248,True,ok
0.7861789919248043,LIDAR,-0.007745994479273044,,0.05859378550669836,True,ok
0.7885921756227537,BARO,0.20439002359379876,,0.3407086718468681,True,ok
0.7898816143253173,FLOW,0.09566095852185824,0.0034180996586855965,3.790171842260742,True,ok
0.8005891359548578,FLOW,-0.05717547824262634,-0.05382354386008896,2.7439551477802127,True,ok
0.8011221732720835,LIDAR,-0.0029034328847059587,,0.008152434851760518,True,ok
0.811362622040416,LIDAR,0.040507321058379064,,1.586690451382547,True,ok
0.812241276689761,FLOW,0.014880819591384847,-0.017996276062215565,0.2513989273980153,True,ok
0.8183532368278272,LIDAR,0.04030231597742695,,1.5791943231998409,True,ok
0.82757023839378,CAMERA,0.06838081952972733,0.0928178022482647,0.7780076478455118,True,ok
0.8276251975002842,LIDAR,0.06428606382310731,,4.020016224014116,True,ok
0.8300213170743646,FLOW,-0.06790691531016176,0.032266461485662604,2.593320487155619,True,ok
0.8379568651662612,LIDAR,-0.014922603357732545,,0.2163151062693085,True,ok
0.8473537393353945,BARO,-0.5171735623774356,,2.181119894913716,True,ok
0.8504649151059418,FLOW,0.0025732112220969734,-0.0028386119773923454,0.0066183777352792,True,ok
0.8509659705617078,LIDAR,-0.006429271839618611,,0.039932461175471404,True,ok
0.8562119728592754,LIDAR,0.04141659336951253,,1.6713065530406819,True,ok
0.8696409927843677,LIDAR,0.034876306949635616,,1.1769821737634782,True,ok
0.8714122552043659,FLOW,0.06716658560230307,0.02056127226679183,2.2051492593195188,True,ok
0.8791298243935166,BARO,0.14132904993734385,,0.1628762719361161,True,ok
0.8796142676669604,LIDAR,-0.023053559247091515,,0.5144606451995677,True,ok
0.8900607908960184,FLOW,-0.004441298921288698,0.033565531873220755,0.5131397591341729,True,ok
0.8936440010644344,LIDAR,-0.000466702011058473,,0.00020942309611718176,True,ok
0.8961672999084184,CAMERA,-0.13238308653196323,-0.10999339832449372,1.770436023388977,True,ok
0.9021622330119843,LIDAR,0.016577780123129937,,0.2653064151662227,True,ok
0.9093667997473204,LIDAR,-0.013231541508530675,,0.16992757312927154,True,ok
0.9194738070769627,FLOW,0.026251009557178226,-0.009583943552850872,0.3345490843435598,True,ok
0.9243095068028101,LIDAR,0.020712254125083263,,0.4127428822798272,True,ok
0.9257447514473102,LIDAR,-0.02120052073009626,,0.43930973131946444,True,ok
0.9259741839270207,BARO,-0.37267856492521956,,1.1327854534772914,True,ok
0.9375500315919992,LIDAR,0.02607729903120859,,0.6616051850588173,True,ok
0.9394694256086843,FLOW,0.04459062872451065,-0.02939171337352053,1.2433477719536496,True,ok
0.9488846976155298,BARO,0.17113698014873835,,0.2388291654487549,True,ok
0.9523641149142089,LIDAR,-0.004223886484667094,,0.017204783484436485,True,ok
0.9566439286589945,CAMERA,0.09017566503052783,0.08463456718754311,0.9285982832500843,True,ok
0.9573587520888828,FLOW,-0.028615264528761612,0.07180865753920533,2.6470016261951916,True,ok
0.9587442396641995,LIDAR,-0.04197101895949573,,1.7106923983159703,True,ok
0.9694121472641452,LIDAR,-0.07154159906909596,,4.962331398158712,True,ok
0.9803935625700586,LIDAR,-0.017852631424422505,,0.30844141047406537,True,ok
0.9870572597635611,FLOW,0.01948865335779213,0.00662041785820747,0.17951159893135027,True,ok
0.988301871462456,LIDAR,0.008979695889542949,,0.07832527039057577,True,ok
0.9972422606727971,BARO,0.2988740651428836,,0.7284270172870947,True,ok
1.0024519801513352,LIDAR,-0.031551184353241224,,0.9597890781541458,True,ok
1.0059351636134042,LIDAR,-0.0006283066388452774,,0.0003851733533988084,True,ok
1.0085114490851461,FLOW,0.012352880716964797,-0.008344251211292932,0.09545444972073823,True,ok
1.018067938393276,LIDAR,0.0454175239652832,,2.0026627661490473,True,ok
1.0241477667567747,FLOW,-0.003275519830857984,0.008368684236188115,0.03591964559995302,True,ok
1.0323676906839316,LIDAR,0.03064639291015636,,0.9048040687834319,True,ok
1.04362664655126,LIDAR,-0.06108365960925921,,3.5907624001770633,True,ok
1.0456700168392639,FLOW,-0.05663316058831303,-0.02163518842817276,1.6214166980519353,True,ok
1.0470106302988909,BARO,0.09497212328695381,,0.0735544499839856,True,ok
1.0480019393653368,LIDAR,0.004457420149671876,,0.01933138951182996,True,ok
1.0571245013464512,LIDAR,-0.0011497600473115988,,0.001287002871072239,True,ok
1.069857387094115,FLOW,-0.07705354805037634,-0.005648562914899298,2.5944004235473828,True,ok
1.0720564574289795,BARO,0.10449019442596974,,0.08902878130408769,True,ok
1.073405645270597,LIDAR,-0.01655464429314435,,0.26377038183107593,True,ok
1.0819782546336685,LIDAR,-0.0024120841383536984,,0.0056207207900800995,True,ok
1.0867798893446148,FLOW,0.006189657355798885,0.00035947589666099865,0.017077628992110093,True,ok
1.0879901375381742,LIDAR,0.014647659661810586,,0.20878435061865575,True,ok
1.0966234654547151,LIDAR,-0.03530089032490569,,1.2143561561684815,True,ok
1.1011047491343673,FLOW,0.07819782692619161,-0.017417025704361384,2.9163272145886894,True,ok
1.1078005427349573,LIDAR,0.014918419365180569,,0.21620706472932424,True,ok
1.1100990065700036,BARO,-0.052535582200572195,,0.02250902875138363,True,ok
1.1102499524794536,FLOW,0.021132275738476286,-0.020640383150290723,0.41096678716473867,True,ok
1.121672451754509,CAMERA,-0.13526281030551796,-0.0631705425240964,1.3605687014961352,True,ok
1.1249734442912676,LIDAR,0.002676808882402515,,0.006873285385132992,True,ok
1.1342780457248303,LIDAR,0.01031862187107313,,0.10246236195925908,True,ok
1.1388010355900426,FLOW,0.027632699663618032,0.05455430440088174,1.6550570512495049,True,ok
1.140378781012755,LIDAR,0.002061879947903744,,0.004123861967560002,True,ok
1.1451830433972754,LIDAR,0.02351648116612992,,0.5409734485530169,True,ok
1.1516096166714744,FLOW,0.05170257267298034,-0.011972499923175553,1.2869885807405124,True,ok
1.1547609045615908,BARO,-0.6031241530343301,,2.9664701250146797,True,ok
1.1585240077758494,LIDAR,-0.021298113661094575,,0.4405090446832905,True,ok
1.1719547863620554,FLOW,-0.09081538104772323,-0.09857961871459306,8.077420043615996,True,ok
1.173038414355884,LIDAR,-0.0034632273333952135,,0.011553436619040982,True,ok
1.179370668811481,LIDAR,-0.0044157400090707455,,0.018921323093812295,True,ok
1.1867866802890101,BARO,-0.43471018738741307,,1.5410462844863875,True,ok
1.1885803450873844,LIDAR,-0.0261358336070725,,0.6636117531006337,True,ok
1.1946243253402933,CAMERA,0.22484644145750207,0.1481423765866931,4.4706847617271865,True,ok
1.1974940506290142,FLOW,-0.0446532489084038,0.05265713602735619,2.0763607273525384,True,ok
1.2002409206545803,LIDAR,0.004695898848119384,,0.02135185964833598,True,ok
1.2071255444797608,LIDAR,0.027730396578588223,,0.7485676389836443,True,ok
1.2134054327339439,FLOW,-0.009780103235328172,0.009388346937194763,0.08220356675376789,True,ok
1.2188031577952096,LIDAR,-0.03696997790445056,,1.325562983579024,True,ok
1.2254468674796044,LIDAR,-0.007791146097480439,,0.05919091927367034,True,ok
1.238043347586126,LIDAR,-0.04853590493361648,,2.2843294329648147,True,ok
1.2394256305112763,BARO,0.010073704119576199,,0.000827614903910753,True,ok
1.2488358693728399,FLOW,-0.013014080202355567,-0.020951629941503035,0.25326628456847167,True,ok
1.254024233153715,LIDAR,-0.02833359231442767,,0.7705463379473803,True,ok
1.258454329972045,LIDAR,0.029562277391412817,,0.8484026598798806,True,ok
1.2643359426434806,FLOW,-0.020401751072484233,0.027120571266126974,0.503133491498076,True,ok
1.2729756154561669,BARO,-0.4645303708999091,,1.759551010988894,True,ok
1.2734294050775268,LIDAR,-0.02509688934714327,,0.6062019396550937,True,ok
1.281845616013564,LIDAR,0.027750396123641163,,0.7441805944229496,True,ok
1.2879688232416533,FLOW,0.04127397833540661,-0.019239346329147262,0.8984977120754299,True,ok
1.2933415787095346,LIDAR,0.0173757482133321,,0.2911841506291942,True,ok
1.2978515307129688,LIDAR,0.02189373027412911,,0.4670178115305766,True,ok
1.3081954143306724,LIDAR,-0.0011592569878309256,,0.001307248562119919,True,ok
1.3084317436623851,FLOW,0.055767003041706495,-2.704961096352274e-05,1.3606962517267422,True,ok
1.3137505589193172,FLOW,-0.0677449636743906,-0.03788100967455762,2.8192218413446146,True,ok
1.321624020978265,LIDAR,0.012348253922788377,,0.147365394510298,True,ok
1.3221303464988405,BARO,0.022908249436848216,,0.004279860035444308,True,ok
1.327718810043937,CAMERA,0.26137944747218556,0.04263043990617622,4.342716444612743,True,ok
1.3321419422223526,LIDAR,-0.017975998022754958,,0.3122326625411026,True,ok
1.3404259604414999,LIDAR,0.02120839609102454,,0.43613363090175056,True,ok
1.3423988497383315,FLOW,0.02257433357120886,0.02983411180922191,0.6173953855506135,True,ok
1.348798456619169,LIDAR,-0.00010707953593147579,,1.1147020912132632e-05,True,ok
1.356084460995652,FLOW,0.08550255593391334,0.03913108870166756,4.013007000761834,True,ok
1.361689495676972,LIDAR,0.013176981666191523,,0.16788570160945132,True,ok
1.3653848802518562,LIDAR,0.014873258731296524,,0.2162489578801407,True,ok
1.3676778477188574,CAMERA,-0.06112723188790288,0.102312408327312,0.8874557814170259,True,ok
1.3679953251723889,BARO,0.12636158656341623,,0.1302254306332481,True,ok
1.3762535876484137,LIDAR,0.04461763508632899,,1.9403067846399,True,ok
1.3857269501077394,FLOW,0.008730101622059408,-0.019094146134827163,0.18995700663383397,True,ok
1.3931361723625562,LIDAR,-0.010455648606164658,,0.10521247671856229,True,ok
1.3974312696542095,FLOW,-0.10820820810922586,-0.08813928584551882,8.809725614366556,True,ok
1.3991121945489164,BARO,0.2626715044965833,,0.562635608282679,True,ok
1.4046506788285797,LIDAR,0.013161450838816258,,0.16654613321997874,True,ok
1.4132202288463094,LIDAR,-0.03337479701514923,,1.0753083688253249,True,ok
1.416794414825662,FLOW,0.0369942675302755,0.07569517090501103,3.1884938607109765,True,ok
1.4212581677606362,BARO,0.03286921206487481,,0.008810005017964306,True,ok
1.4217297609868182,LIDAR,0.037169956651537994,,1.3383980321936375,True,ok
1.4345106698264014,LIDAR,-0.01777579793016626,,0.3047107900438896,True,ok
1.4354049049019444,FLOW,-0.008895932628327954,0.02722062220057521,0.36832290643229065,True,ok
1.4397785212800718,LIDAR,0.027883775424585977,,0.7565303188737161,True,ok
1.446811722134357,LIDAR,-0.018057090655795527,,0.31859284121591636,True,ok
1.46110704019951,BARO,0.06566999155126707,,0.035166491860785146,True,ok
1.461324305030536,LIDAR,-0.012408288056456218,,0.1491144840005721,True,ok
1.4620798385113736,FLOW,0.057971344830818124,-0.047352485461630144,2.4310322301103007,True,ok
1.4673438388416238,LIDAR,-0.030741569559418203,,0.9215191224274983,True,ok
1.4791217642134682,FLOW,0.018853919963581378,0.05854976093758687,1.6740284422469356,True,ok
1.4803069821560053,LIDAR,-0.03599665375320127,,1.255901225785991,True,ok
1.4872512581579722,LIDAR,0.003016927295016014,,0.008867199704679411,True,ok
1.4983606612659763,LIDAR,0.03243002328788158,,1.021755038106995,True,ok
1.5093915822065602,FLOW,-0.05544031375101722,-0.07066780581897993,3.421495300319081,True,ok
1.5104065524620087,LIDAR,-0.010007935011921987,,0.09693588120076149,True,ok
1.518860280525361,CAMERA,0.12415929746940561,-0.07226932591561594,1.2898197860692737,True,ok
1.5227043973934489,LIDAR,-0.009263174392883045,,0.08275467881454925,True,ok
1.5288185256621596,FLOW,0.020734075195242993,-0.0030907384637660074,0.1903046934180769,True,ok
1.529356433164891,BARO,-0.0864611975667482,,0.060960119961693066,True,ok
1.5298668940143794,LIDAR,-0.014403044854876423,,0.20126428421449688,True,ok
1.5311372894699602,FLOW,0.0022680272356651876,0.04337512234016605,0.8883954684683338,True,ok
1.5385438783443033,LIDAR,0.0375293280393052,,1.369319283073684,True,ok
1.5516113344172082,LIDAR,-0.030674756264737812,,0.9096667858699209,True,ok
1.553971398729699,CAMERA,0.0819943957934036,-0.1065276284955858,1.1379574001891088,True,ok
1.555982916584761,LIDAR,0.00718219614682214,,0.050366564775512705,True,ok
1.5567910035873778,BARO,-0.015281983993824078,,0.001904724387254992,True,ok
1.5669755589082264,LIDAR,-0.05648264516124013,,3.1061393333102107,True,ok
1.568475518041509,FLOW,-0.09357471250415741,-0.03616573743011224,4.283777769158568,True,ok
1.5759274596355626,FLOW,0.019094172055937934,0.05616241515974714,1.602929573156233,True,ok
1.5818626798284365,LIDAR,0.020165155297181325,,0.39238987248027035,True,ok
1.5911520168482889,LIDAR,-0.056120214055410456,,3.045780476647721,True,ok
1.592625534188133,FLOW,0.06857754098723735,-0.021434490321893603,2.351950506448751,True,ok
1.6032989276235547,LIDAR,-0.02216578686399684,,0.4737016877725123,True,ok
1.6043725454988857,BARO,0.5673890248316633,,2.6254130310248653,True,ok
1.6090356866215043,LIDAR,0.060825571825227076,,3.5971472384577665,True,ok
1.6154236095632977,LIDAR,-0.03836915199224844,,1.4391846866435796,True,ok
1.6155332939565228,FLOW,-0.05623623915835815,-0.006273822815195326,1.4211656977979883,True,ok
1.6240391303494286,BARO,0.3524894564694545,,1.0132655560827866,True,ok
1.633099725429088,FLOW,0.009563218888692118,0.0024690419571868523,0.04363171047798617,True,ok
1.6336396787219523,LIDAR,-0.011709949550544163,,0.13204820946627033,True,ok
1.6368103703230266,LIDAR,0.006475316891655147,,0.040896838533854014,True,ok
1.6531805130026276,LIDAR,-0.012859017481516855,,0.15941188723915672,True,ok
1.6603537324859987,BARO,-0.06997824187952917,,0.03993238890528996,True,ok
1.6639119548034185,LIDAR,-0.0010198533202818716,,0.0010028583160783299,True,ok
1.6665596030018257,FLOW,-0.009958220936786027,-0.018463458704727046,0.18488997534307783,True,ok
1.67076692331528,LIDAR,-0.04165976617703615,,1.6842055613453486,True,ok
1.6716986734856003,FLOW,0.01651984084151359,0.060721797968693175,1.8097034272065369,True,ok
1.676053890846895,CAMERA,0.11898970260214888,-0.1278049709429979,1.9214725898612053,True,ok
1.682329558881351,LIDAR,0.03400203657288703,,1.1189549547969724,True,ok
1.688434980412328,LIDAR,0.025834967171632695,,0.650439517097383,True,ok
1.698937271948118,FLOW,0.07172445610661085,-0.05060749766285095,3.3684002579074215,True,ok
1.7034863987693634,LIDAR,-0.043830543623982754,,1.854938549573034,True,ok
1.7123099733891998,LIDAR,0.010742783736211958,,0.11175530854741385,True,ok
1.7203205107109376,LIDAR,0.0111869508809459,,0.12163103594908552,True,ok
1.725693040844231,FLOW,-0.01832033583786717,0.06080689747898153,1.718771198816235,True,ok
1.725753988158736,BARO,0.5495077816385447,,2.4625249474295514,True,ok
1.7262605491712657,LIDAR,0.019842569912079888,,0.3851239757682347,True,ok
1.7367531715782645,FLOW,0.06327405465756447,0.02895738809814453,2.1785544508197683,True,ok
1.7435725689032961,LIDAR,-0.026686998093861103,,0.6872075254751999,True,ok
1.7511716975150156,LIDAR,0.01652749772680373,,0.2649159712813382,True,ok
1.7630602856077402,FLOW,-0.04168645152684067,-0.05632349014015989,2.131880855745558,True,ok
1.7636947730371777,LIDAR,-0.002404059863089003,,0.005582161279897894,True,ok
1.7670604199553588,BARO,-0.1080799899328635,,0.09526161864846931,True,ok
1.77200979096922,LIDAR,-0.037293965837173815,,1.3484994290088645,True,ok
1.7750133353351172,LIDAR,0.017663192085647594,,0.30600690588866314,True,ok
1.7752183162527784,CAMERA,0.14513122729979777,0.06152618896064095,1.5693065067452239,True,ok
1.7772544264820855,FLOW,-0.04877602458071516,-0.01621778313236969,1.1828025446580948,True,ok
1.7937476847928364,LIDAR,0.004770001005427016,,0.021954037552722586,True,ok
1.8010083394737482,LIDAR,-0.02795916085527539,,0.7585503746201233,True,ok
1.808596598284418,BARO,-0.03934044112505575,,0.012621013197817192,True,ok
1.8098248700061765,FLOW,-0.04969647711907732,-0.010150836077753134,1.0847129467368084,True,ok
1.8132607098174747,LIDAR,-0.0014628373556928587,,0.0020690220684143577,True,ok
1.8205417605825718,LIDAR,0.027643109928193077,,0.7426883621785425,True,ok
1.8251446400085714,FLOW,0.07610508384811718,-0.02588633730326502,2.835775351753518,True,ok
1.8259702871250187,LIDAR,0.052431819771739274,,2.6910621327372612,True,ok
1.8360513612540992,BARO,-0.19686419698941293,,0.3160531897222498,True,ok
1.8410985614806539,LIDAR,0.005238366043140541,,0.026596173149041544,True,ok
1.843590780992756,FLOW,0.07337907487712082,0.007698429802970006,2.4113986463152455,True,ok
1.8508266327372105,LIDAR,-0.0167514649748548,,0.27216552935061944,True,ok
1.860706890536624,FLOW,-0.0588369159634805,0.051330543940217604,2.72521777635746,True,ok
1.8640209411842579,LIDAR,-0.011327257205855812,,0.12380228127277632,True,ok
1.8716836731402928,LIDAR,-0.05888168610431821,,3.3621898304530604,True,ok
1.8780584867851933,BARO,-0.005964064090779431,,0.0002900720070276867,True,ok
1.8785424743307837,LIDAR,-0.021087979743855456,,0.43359748920257074,True,ok
1.880007340764516,FLOW,-0.02144309932508369,0.022290803292497073,0.42489153189669415,True,ok
1.8860928545735542,LIDAR,-0.021432884914412753,,0.44928196473073284,True,ok
1.8909813025239277,FLOW,0.012636273978616566,-0.026231273590616735,0.3890833306827314,True,ok
1.8994673963531523,LIDAR,0.024228234690566897,,0.5701317675684543,True,ok
1.9130738091683148,LIDAR,0.05923333981641887,,3.3870107968671213,True,ok
1.913645114451681,FLOW,-0.0090703230047003,-0.0009327995748644215,0.037117182021477214,True,ok
1.9198475634471313,BARO,0.48402839203477166,,1.9105018848282314,True,ok
1.9249508869224992,LIDAR,0.018865643576457813,,0.342927029660413,True,ok
1.934651509507135,LIDAR,0.019865184947990056,,0.3809827417247643,True,ok
1.939121709776154,LIDAR,0.01996531578742733,,0.38875858137704844,True,ok
1.9420465505779108,CAMERA,0.05401430906310786,0.20954447912815807,2.9452965855648148,True,ok
1.9476304459632288,FLOW,0.011258582680334736,0.02732673076856498,0.3664877486775474,True,ok
1.9506249884665188,FLOW,0.028706125036380953,0.007306714697732911,0.40386593738218596,True,ok
1.951350212296059,LIDAR,0.004303904128869274,,0.01798382212269714,True,ok
1.9558835089113273,BARO,-1.004650821129129,,8.231246676650633,True,ok
1.958703881909223,LIDAR,-0.011816120543786557,,0.1361507255678169,True,ok
1.9700976167914919,CAMERA,0.1446682279830641,-0.018000641418771765,1.3479667934478412,True,ok
1.9725585087038155,FLOW,0.057966979965653295,0.05723000521249499,2.970016353448644,True,ok
1.9738629152779423,LIDAR,0.04588957717565245,,2.0344338516746205,True,ok
1.9754411483764864,LIDAR,-0.011222798476159479,,0.12347683804155665,True,ok
1.9853357649696644,LIDAR,0.005139788876271645,,0.02585490032371088,True,ok
1.9971139167647165,LIDAR,-0.0352934647454739,,1.213717087371689,True,ok
2.000100111315488,BARO,-0.3113309431595801,,0.7904949837352454,True,ok
2.0001714009717104,FLOW,-0.014176167758621086,0.015879779631144737,0.19418809864561098,True,ok
2.014572839220836,LIDAR,-0.05247185171198776,,2.648361944834016,True,ok
2.01909031454496,LIDAR,-0.018401556471091762,,0.32928054321036493,True,ok
2.0263483497508874,FLOW,-0.020946985929496703,-0.008071227906294599,0.2127787114147738,True,ok
2.0326841537722777,LIDAR,-0.020772847517020132,,0.4170133415142158,True,ok
2.03388161953764,BARO,-0.17040666973922436,,0.23681807907360877,True,ok
2.043309160013459,LIDAR,0.0652681900606038,,4.116845665878662,True,ok
2.0462953254638143,LIDAR,0.03095850852752502,,0.9377322115096539,True,ok
2.046360494280103,FLOW,-0.02455696513748447,-0.015508173686967545,0.36361103701074654,True,ok
2.0529521779883724,FLOW,-0.020712488746821814,-0.06144861749746795,1.9329933914594608,True,ok
2.0572517118015776,LIDAR,0.03766890165283909,,1.3841440794272488,True,ok
2.0662000473977105,BARO,-0.45866662107670986,,1.7156063859237516,True,ok
2.0737542816735193,LIDAR,-0.02158542666689467,,0.4493370600872305,True,ok
2.0750437841812106,FLOW,0.008177622484674199,0.044102228847478796,0.8988205025147862,True,ok
2.0783948035037496,LIDAR,-0.02446602001868392,,0.5831480403137048,True,ok
2.0897964060868572,CAMERA,-0.15172386480929,0.20976098695111337,4.244070002375252,True,ok
2.093772941834688,LIDAR,-0.07142661027290931,,4.923429618207314,True,ok
2.099111228005428,FLOW,0.05776914007215608,0.057025024061449214,2.863488439176965,True,ok
2.1018219938556437,LIDAR,0.01295827073859801,,0.16276872084878,True,ok
2.106215850725989,LIDAR,-0.010656337279451922,,0.11111852106214253,True,ok
2.1112075546157887,BARO,-0.07198801953883982,,0.04226450544666332,True,ok
2.113215488173956,FLOW,0.0028363970624368517,-0.06964446622092131,2.171125166887331,True,ok
2.117609624205594,LIDAR,-0.015341192813712823,,0.22947144017745794,True,ok
2.1291305651258803,LIDAR,-0.01729457513300181,,0.2906813729689591,True,ok
2.1332292266545565,FLOW,0.019551935201498283,0.01391048931404578,0.2548658353616874,True,ok
2.144338117417133,LIDAR,-0.0070829481461931465,,0.04833283116417721,True,ok
2.154032109844141,LIDAR,-0.012027485660790038,,0.13966256931151588,True,ok
2.1547704893306565,FLOW,-0.03781958401453196,-0.02337559069424317,0.8648990493255798,True,ok
2.15714685190138,BARO,0.30021905237103885,,0.7350288118280989,True,ok
2.163762154815978,LIDAR,-0.011753122855364673,,0.13359682051065713,True,ok
2.1653876608613962,LIDAR,-0.01939344837028356,,0.3690060947829074,True,ok
2.177719743731947,LIDAR,-0.004044653339116522,,0.01595992336536867,True,ok
2.1794205611458697,CAMERA,-0.034779829341781004,0.13840820324412037,1.2905399170251888,True,ok
2.182859419184682,FLOW,0.029751734278667813,-0.04351553522039209,1.1753925821087434,True,ok
2.185200308991194,LIDAR,0.048201744707110805,,2.2739157776014784,True,ok
2.1931143409860754,BARO,-0.1555051942844785,,0.1972100315144522,True,ok
2.201935278217827,LIDAR,0.026611685262317053,,0.6846302376834246,True,ok
2.205906672954995,FLOW,-0.03874675293374427,0.012574520274794696,0.7056427275036803,True,ok
2.2131647331207747,LIDAR,-0.0268705171949577,,0.6972437365951231,True,ok
2.221898807478842,FLOW,0.028742301168836387,0.06058279837878408,1.9703350092259537,True,ok
2.2241780490637173,LIDAR,0.03481107166230579,,1.1696175547378862,True,ok
2.226114171719755,BARO,-0.054493709674686475,,0.024217353399391992,True,ok
2.2263066815215695,LIDAR,0.03251937209616296,,1.0352145651638667,True,ok
2.2343131481556986,FLOW,-0.034087443537730314,-0.028787172240370154,0.9012937011709505,True,ok
2.242259789212663,LIDAR,0.0097413791053369,,0.09186662282401646,True,ok
2.25167099322778,LIDAR,-0.016337239929894665,,0.2588083073453883,True,ok
2.258904618641442,LIDAR,0.05373545413421388,,2.813443946838033,True,ok
2.260253752336787,FLOW,0.020120273047234905,-0.05194053232347072,1.3527049897797216,True,ok
2.268557417144513,LIDAR,-0.0028489739903321265,,0.007908221861595482,True,ok
2.2688766013341413,BARO,-0.4087176455000954,,1.3624364913312177,True,ok
2.2813233074677166,LIDAR,-0.037956483013115605,,1.3967409745797565,True,ok
2.286723195504561,FLOW,-0.016866782616633103,-0.004851555389987848,0.13082246881009568,True,ok
2.2911440676795447,LIDAR,-0.017002587327817675,,0.2804582411501066,True,ok
2.291619720481352,FLOW,0.006482858229943239,0.09604335364901447,4.24769967218578,True,ok
2.2958471840219628,LIDAR,-0.06056267389661718,,3.5897488160516247,True,ok
2.3007031529050916,BARO,0.6553006401714163,,3.5021759662293306,True,ok
2.3113194452247914,LIDAR,0.001299979374802085,,0.0016372566781103592,True,ok
2.3177528994723353,LIDAR,0.05145826555808375,,2.5816189548265034,True,ok
2.3205015699859572,FLOW,-0.016554041566738897,3.426298072086494e-05,0.11854727966708022,True,ok
2.327633301989151,CAMERA,-0.07020770975773197,-0.10909910979762968,1.063639796437642,True,ok
2.3312931997384014,LIDAR,0.024435218823631644,,0.5783899984446085,True,ok
2.33827648757357,FLOW,0.07308767801104354,-0.011056694771332809,2.3993798842478613,True,ok
2.3444233687425893,LIDAR,-0.013363428262849197,,0.17220433873575702,True,ok
2.346445488564036,LIDAR,-0.002811375638137381,,0.007732155336640301,True,ok
2.3628798008320833,FLOW,-0.006645075361169345,-0.025944659516512716,0.30815611513716096,True,ok
2.364347152755,LIDAR,-0.049979214459908494,,2.4093709810678585,True,ok
2.3650622470103215,LIDAR,-0.026461665607229623,,0.686578285590699,True,ok
2.3677837625113254,BARO,-0.40172746238128876,,1.3162461065510234,True,ok
2.381655308912365,BARO,-0.4017739773369562,,1.3163101779472284,True,ok
2.384216007381534,LIDAR,-0.025702287276838653,,0.6372646636068436,True,ok
2.3894843673378414,FLOW,-0.022050374748392804,-0.03067423635695189,0.5994896367163665,True,ok
2.3937009403195515,LIDAR,-0.05247995175336184,,2.662883350988032,True,ok
2.400208321701602,LIDAR,0.007409319244247481,,0.05343231481038001,True,ok
2.4083112830044686,FLOW,0.03227982923181136,0.06180793049375193,2.0868626310747156,True,ok
2.411749235672184,LIDAR,0.004180516209797425,,0.016962181247858893,True,ok
2.4186177725783384,FLOW,-0.044294988105710226,0.0035312785635729926,0.8887784924823103,True,ok
2.4198562573304048,CAMERA,-0.06987822768157981,-0.06786541891567169,0.600902726397984,True,ok
2.4221863021802688,LIDAR,0.022591806436869977,,0.4951220304978859,True,ok
2.434993773921614,LIDAR,-0.03238824860184586,,1.0133048237596176,True,ok
2.436465109566541,LIDAR,0.029341582833393165,,0.8441069315302488,True,ok
2.445287417449312,FLOW,-0.04396233472118746,-0.06795352003084021,2.830371467568763,True,ok
2.4468996636419824,LIDAR,0.019817776584810876,,0.3841533761132851,True,ok
2.44975414061279,BARO,-0.04240861452600431,,0.014668123072093297,True,ok
2.4582771699665695,LIDAR,-0.026711014792957233,,0.6955308699966966,True,ok
2.4656284995041204,FLOW,0.05910083458626522,0.038923104012409816,2.170310479694964,True,ok
2.468010193303293,LIDAR,0.03315073051907991,,1.0711129743835976,True,ok
2.4714285548210526,FLOW,-0.015931105412654356,0.01665540784031302,0.24508162986663223,True,ok
2.478838688274126,LIDAR,-0.045913221928565395,,2.0506418775845314,True,ok
2.4872145614640218,LIDAR,0.055821395582484,,3.0384712028969845,True,ok
2.4884110620418936,BARO,0.14681793992859582,,0.17580253719867528,True,ok
2.4994442020209577,LIDAR,-0.02156738397475655,,0.4516911599224522,True,ok
2.5044253261329406,FLOW,-0.01739477034924261,0.01674740867895802,0.24889367666693377,True,ok
2.504616421562376,BARO,-0.03241996636109956,,0.008571516958672688,True,ok
2.5082542729774846,CAMERA,0.058598063050271126,-0.1540253495603756,1.7188155506441496,True,ok
2.5120781057406925,LIDAR,-0.006994947184879585,,0.047322748509676923,True,ok
2.521387001801841,LIDAR,0.016318209973559927,,0.25807344503908736,True,ok
2.529655525586162,LIDAR,-0.021285148219372996,,0.44055324433340737,True,ok
2.5297938927719175,FLOW,-0.03150588202725524,-0.0011636576635194584,0.4190855599324173,True,ok
2.5336489952220025,FLOW,0.08159567946677662,-0.040561409178930904,3.8004858853469905,True,ok
2.537418734940762,LIDAR,-0.024063198873716107,,0.5650137491955369,True,ok
2.5466294385975803,LIDAR,0.05664400805499081,,3.1323334556424696,True,ok
2.5503537997701735,BARO,-0.23269579519481098,,0.4416041256424816,True,ok
2.5558555459400134,FLOW,-0.040711139134529506,0.026165741055977725,1.0408340707118728,True,ok
2.5648456494469447,LIDAR,-0.057808409822452056,,3.216798884924559,True,ok
2.5729814685811476,LIDAR,-0.0701371052231139,,4.758839137356776,True,ok
2.5833278835394697,LIDAR,0.049910383569642836,,2.4107057618744068,True,ok
2.58629646628656,CAMERA,-0.28075030620357005,-0.19201116849586888,7.355385054694725,True,ok
2.5870167377142743,FLOW,-0.061761377753141944,-0.013048195450337634,1.673500268004694,True,ok
2.5875055250256733,LIDAR,0.02424633809783039,,0.574757117232845,True,ok
2.591348679992089,BARO,-0.11926813842187789,,0.11601348004143938,True,ok
2.595139835936699,LIDAR,0.015254825863320498,,0.22813634794181442,True,ok
2.6050756202540803,LIDAR,0.04853110620809087,,2.3054497057797727,True,ok
2.609080422387942,FLOW,-0.007687696370965724,-0.010084353535843443,0.06820029342858894,True,ok
2.6108607041157597,FLOW,0.022298062267960828,-0.0006896018491023038,0.23040391810032515,True,ok
2.6226250341639425,LIDAR,-0.015111394290680202,,0.22052306851145367,True,ok
2.6307006841536307,BARO,-0.0696831601309249,,0.039596385521862995,True,ok
2.634454558630228,LIDAR,-0.033281478846700185,,1.0680016178448806,True,ok
2.6351717431591224,FLOW,0.003796666727186787,0.03552660151369062,0.5647563537379836,True,ok
2.6401491798517407,LIDAR,0.03966221123324143,,1.5298456209276017,True,ok
2.6512755660678633,LIDAR,0.035350093809932925,,1.2129525316337386,True,ok
2.661921402014691,LIDAR,0.07757010420707156,,5.836058236774488,True,ok
2.6680584954757385,FLOW,0.03613181400850696,-0.02572117853728681,0.8233217845323461,True,ok
2.6742688692704197,LIDAR,0.016066523929009424,,0.24952398910531876,True,ok
2.676673301830505,CAMERA,-0.05382556715313211,0.07801159244865358,0.5703498000024687,True,ok
2.6780286935033697,BARO,-0.375631038205158,,1.150670002559701,True,ok
2.6786572029335782,LIDAR,-0.05413614643434572,,2.8621509714372477,True,ok
2.683015323487659,FLOW,0.016504004273766665,-0.02842836538770558,0.4698316642225874,True,ok
2.685959237668855,LIDAR,-0.003847418929466606,,0.0145053214264136,True,ok
2.694037817069699,FLOW,-0.027720605246179614,-0.03037013225024618,0.7623259471572335,True,ok
2.7046716333598484,LIDAR,-0.03711016144213808,,1.328705481433752,True,ok
2.709781211748497,LIDAR,0.012675708245646344,,0.15648252869832374,True,ok
2.720689411571323,FLOW,0.02113845087717342,-0.031819893453716025,0.6299731399670643,True,ok
2.7228077442106344,LIDAR,-0.006261890974315953,,0.03798930970624939,True,ok
2.7245429224296362,BARO,0.44304550461258563,,1.6008197603802858,True,ok
2.7319299177565104,LIDAR,-0.007549110501674061,,0.05533453714293112,True,ok
2.735490655379778,LIDAR,0.04604896860548813,,2.0806207176622715,True,ok
2.743554057061374,FLOW,0.03426031912056221,0.02020016918151287,0.6766283531802734,True,ok
2.7451222256862624,LIDAR,-0.004023723288172132,,0.01586729636719392,True,ok
2.756844064772872,LIDAR,-0.035981486953158726,,1.26342327142815,True,ok
2.7637425393475703,BARO,-0.2801188258544203,,0.6399140508967509,True,ok
2.7679119806902905,FLOW,0.02703047958802879,-0.0428439839619385,1.0859065031676292,True,ok
2.7715343089903195,LIDAR,-0.0011398526807955278,,0.0012575987283701378,True,ok
2.774247452619352,FLOW,0.013975566001606265,0.015526148032887925,0.19712108009419815,True,ok
2.7842588365049754,LIDAR,-0.02263808561684888,,0.49428332410120623,True,ok
2.790921765433282,LIDAR,-0.014225929020798667,,0.19655843165644776,True,ok
2.7935629395889596,FLOW,-0.013455439366269417,0.06536732952506727,1.9824365050606774,True,ok
2.795549808479029,LIDAR,0.010483758181714098,,0.1076858296692539,True,ok
2.801536814036067,BARO,0.4610213706314381,,1.7333885966995544,True,ok
2.80806248958673,LIDAR,-0.02464810831226938,,0.5920615680068682,True,ok
2.8188654608358124,FLOW,-0.05354772266124497,-0.00418743806467671,1.242290882065386,True,ok
2.8205445074162,LIDAR,0.01177223759657986,,0.13445789719314288,True,ok
2.82693611962757,LIDAR,0.011914632117441482,,0.1385825994500713,True,ok
2.8299304997309322,BARO,-0.047306794186234846,,0.01825186222006501,True,ok
2.839681753631528,LIDAR,0.01636207198198214,,0.26002845030917093,True,ok
2.841991802278643,FLOW,0.02602814546889068,0.09732135105074449,4.332475885473318,True,ok
2.8469657677290154,CAMERA,0.08444623991475253,0.10176751013469129,1.1036042380940536,True,ok
2.8471347889450196,LIDAR,0.0036368880759365396,,0.012901901796354672,True,ok
2.85532973494585,LIDAR,0.018264825398392137,,0.32613307722547313,True,ok
2.8588567034985553,FLOW,-0.030787756712861908,0.030692681447048557,0.8216947870450193,True,ok
2.866277634111662,LIDAR,-0.044943524503696874,,1.969635064728994,True,ok
2.871763581713062,BARO,-0.41569100508801116,,1.4092373188107157,True,ok
2.876687444371267,LIDAR,0.00800866148396251,,0.06247258324964959,True,ok
2.8801402775769835,FLOW,-0.055455308060704284,-0.039023072344184145,1.9797410498267305,True,ok
2.8906960408983133,LIDAR,-0.01521887716793513,,0.22406929129582914,True,ok
2.8976786087041586,FLOW,-0.03697531329462947,0.01664542734699058,0.7183986259271401,True,ok
2.9013519853058494,LIDAR,0.0006158956789117376,,0.0003669470988585901,True,ok
2.907500806770894,LIDAR,0.025305540052504405,,0.6239395028961727,True,ok
2.9182198583255023,LIDAR,-0.04414340492602342,,1.8957041665376793,True,ok
2.91987789163634,CAMERA,-0.034749909022235625,-0.003499979617393492,0.07760231525462875,True,ok
2.923071843802567,FLOW,0.011518145089397941,-0.016237947372589455,0.16856429210565146,True,ok
2.927057866747234,BARO,0.788886075566134,,5.075111429185792,True,ok
2.927913855674306,LIDAR,-0.0029206966439936366,,0.008303015754724159,True,ok
2.941898326981595,FLOW,-0.045761358397600344,0.046323600405310514,1.8275092969863627,True,ok
2.943932924509432,LIDAR,-0.0030459683455075215,,0.008941553024003152,True,ok
2.946891215233259,LIDAR,0.0379721970707374,,1.407915718602508,True,ok
2.9560780596617215,LIDAR,-0.03311019062338261,,1.0709815480238396,True,ok
2.9563415116285205,FLOW,-0.018886853183875507,0.0698341241692461,2.309032541435475,True,ok
2.9647903211948057,BARO,-0.3954266622391982,,1.2751518218738498,True,ok
2.97125302594109,FLOW,-0.0012932563764704585,0.011056885666376469,0.05530899358942054,True,ok
2.973665308130107,LIDAR,-0.008063054114268997,,0.06269516033328837,True,ok
2.982818946837992,LIDAR,-0.0010601632293094632,,0.0010871851238325155,True,ok
2.990583764380024,FLOW,0.046924489876165126,-0.07106616144090422,3.2035310220351247,True,ok
2.9936580952456393,LIDAR,0.025350486662951255,,0.6214469405590444,True,ok
2.9954212243492444,LIDAR,-0.005025999004677928,,0.024776918862135098,True,ok
3.0064876119304365,BARO,-0.021994441528287112,,0.0039450665191448795,True,ok
3.013149412333659,LIDAR,0.004099179564712507,,0.016255532314605012,True,ok
3.0154881198881287,LIDAR,0.016521472212335464,,0.26757450083280204,True,ok
3.01653691247124,CAMERA,-0.08774160987613347,0.02384940760874346,0.5260979590040338,True,ok
3.0277287247568028,FLOW,-0.06659063260834647,-0.08133824319092868,4.519095257812088,True,ok
3.0322608265931277,LIDAR,-0.0016057172729300184,,0.0024965914569400186,True,ok
3.036005177580419,BARO,-0.21127339262709866,,0.3640176895905303,True,ok
3.0395452887954026,LIDAR,0.00448685396823878,,0.01959765002199092,True,ok
3.0465223312287963,LIDAR,0.028666119328283557,,0.8036276010209596,True,ok
3.0486274121113945,FLOW,0.07967056808493542,0.025830145453411026,2.9353896808370186,True,ok
3.054683828227938,FLOW,0.04675030302114358,0.018924987024584297,1.14378137383561,True,ok
3.059651252643548,CAMERA,-0.12877164642806077,-0.058980275872772374,1.2803708604756066,True,ok
3.0607851634278767,LIDAR,-0.03777358759997984,,1.3844701389830334,True,ok
3.061784332669185,BARO,0.6273264458958652,,3.20952948069068,True,ok
3.0652154791426662,LIDAR,-0.023794567682851042,,0.5545499841068323,True,ok
3.078244200846334,LIDAR,-0.018404877543404474,,0.32974635349239173,True,ok
3.0786102433768647,FLOW,0.01210057140842738,0.01773984616400138,0.20009891488315404,True,ok
3.085645878195755,LIDAR,-0.031173158511701438,,0.9496920781481625,True,ok
3.1015252705456655,LIDAR,0.007183580684198887,,0.04991326479699206,True,ok
3.107501120119286,LIDAR,-0.007464181209718923,,0.05429541258997218,True,ok
3.1086248438955435,FLOW,-0.0009284360004868097,0.025826948938771823,0.2774096801939049,True,ok
3.1134161278209658,FLOW,0.02664614116381453,0.08095364003864121,3.268652135025672,True,ok
3.1139580992037845,BARO,0.40267588841400626,,1.3223520230410573,True,ok
3.1221339858412858,LIDAR,-0.03329769701308383,,1.0722248546649618,True,ok
3.1258510300137705,LIDAR,-0.03098696781512089,,0.9389658632913704,True,ok
3.1355646295467468,LIDAR,0.05149092226399521,,2.591174094947531,True,ok
3.141798517515854,FLOW,0.018881068439243254,-0.008681270463907058,0.18380572177595644,True,ok
3.1466143554284614,LIDAR,-0.03407219470321632,,1.1316404112322351,True,ok
3.146745329686087,BARO,-0.11989861358964582,,0.11724658565376758,True,ok
3.1565695216515413,LIDAR,0.002080844914280622,,0.004219599721009646,True,ok
3.165970636257615,FLOW,-0.018352163111922226,-0.06148183057431297,1.7347338675304176,True,ok
3.170289496436431,FLOW,0.022898109983489512,0.0025436380479206856,0.24100306897678397,True,ok
3.1710722014842743,LIDAR,0.0229738126967427,,0.510458860838818,True,ok
3.1810970779419834,LIDAR,0.008361040293119348,,0.0676837220172929,True,ok
3.1845998615281244,BARO,0.1664226206686119,,0.22587007763809167,True,ok
3.1890537507014205,LIDAR,0.02327086389009425,,0.5265664938963937,True,ok
3.1914582052892952,FLOW,0.06938766405105057,-0.009971741034338732,2.174908620774995,True,ok
3.203264542199461,LIDAR,0.019209228264100098,,0.356402777621101,True,ok
3.2084793599188273,LIDAR,-0.0019670757624519197,,0.0037713068295093253,True,ok
3.208794739517927,CAMERA,0.1139905147557278,-0.023540343230959996,0.8626883317281906,True,ok
3.2197391223453815,LIDAR,-0.00648713256914224,,0.04091822795003154,True,ok
3.2219182655811673,FLOW,0.01782483452671091,-0.04682994642348093,1.0517860794068716,True,ok
3.223281422745166,BARO,0.35020027826325606,,1.0001814739634274,True,ok
3.2258917766832202,LIDAR,0.03370387095539673,,1.111461868028828,True,ok
3.236966383940649,FLOW,0.04553384741278921,0.049090283408855725,1.9390282352914512,True,ok
3.2389960631338783,LIDAR,0.015091239692274883,,0.22149431380278195,True,ok
3.2476390631929815,LIDAR,0.005503014374752979,,0.029516272056041404,True,ok
3.256790843311284,LIDAR,0.01691515744986738,,0.27914137077948875,True,ok
3.258142912108708,FLOW,0.008479031027923578,0.03474798911701783,0.5495917511582923,True,ok
3.2630433493361677,BARO,-0.4941572092953359,,1.9914549008975848,True,ok
3.274916841236765,LIDAR,-0.007564316312953512,,0.05507485045323553,True,ok
3.284215881883546,LIDAR,-0.016384347693322088,,0.25923475500241244,True,ok
3.2884002342858727,FLOW,-0.037036361826206815,0.011258352284708329,0.6190666431762117,True,ok
3.2945208848859098,LIDAR,0.02345641436692114,,0.5318422322868228,True,ok
3.2986283794629365,LIDAR,0.03681793033290104,,1.32433319497069,True,ok
3.3001260129938528,FLOW,0.04636133138717735,0.0056564888063089435,0.9514776132214259,True,ok
3.3045150113155346,BARO,-0.930697359642318,,7.064205142503636,True,ok
3.3115781076127715,CAMERA,-0.020112575040766134,-0.008937147567998054,0.030792176904672043,True,ok
3.3137819667550636,LIDAR,-0.03355258459516142,,1.0901009855369808,True,ok
3.32249651777652,FLOW,0.005639524588639422,-0.053641266397169804,1.2473889546289259,True,ok
3.3249095319258655,LIDAR,0.014429064280796489,,0.20142190895460912,True,ok
3.3286168451080433,LIDAR,0.04034109148569831,,1.5919786219834615,True,ok
3.3347682129491263,FLOW,-0.028228700487451797,0.03944428336346015,1.0441730913042178,True,ok
3.3430279291697054,LIDAR,0.009625327947097695,,0.08990425148078049,True,ok
3.3476969003202846,LIDAR,-0.05664324596749237,,3.141358073918166,True,ok
3.353558182093393,FLOW,-0.08186484433507182,0.0061838673221532225,2.9631625619951154,True,ok
3.3590076979034227,LIDAR,-0.03980201751467094,,1.5459857462523605,True,ok
3.362957800106052,BARO,-0.9571345353356981,,7.471364690117084,True,ok
3.3728749506177467,LIDAR,-0.02576520866894194,,0.6435432489336605,True,ok
3.3811501079559747,LIDAR,-0.011523681181936585,,0.12917741108140443,True,ok
3.3823039747622095,FLOW,0.017600336898134894,-0.06344358750806453,1.8156939031597188,True,ok
3.3901934517004557,BARO,0.4048681855834473,,1.336728501936294,True,ok
3.391391651324756,CAMERA,0.07966137869855161,-0.03125157762019013,0.4662748264156942,True,ok
3.391747723855629,LIDAR,0.0058653525036604925,,0.0334381644295179,True,ok
3.399988094974026,LIDAR,0.005829403276534251,,0.0331275738759305,True,ok
3.402152956509649,FLOW,-0.08167881307668198,-0.02405355506428647,3.0753556599840692,True,ok
3.408896865226233,LIDAR,0.024745669213795285,,0.5977431452333779,True,ok
3.416826023752651,FLOW,0.008885043250833308,-0.06640590309058368,1.9509739497573741,True,ok
3.4240470295047047,LIDAR,-0.007854509898203688,,0.05969141863767168,True,ok
3.4330188497231715,LIDAR,0.0002126213475110994,,4.386059698533822e-05,True,ok
3.4357531968780433,LIDAR,-0.00017218445345967837,,2.9110680159135286e-05,True,ok
3.4388370273743076,BARO,0.7349972669187013,,4.40603317004216,True,ok
3.446329664849705,LIDAR,0.018822832115679144,,0.34700223569931365,True,ok
3.4483871439382066,FLOW,-0.008584923309574916,-0.011651748388770776,0.08667980427885505,True,ok
3.452633520217551,FLOW,0.007841738282781174,0.09827933668481759,4.356470759000488,True,ok
3.4575645855772255,LIDAR,-0.023518766913486644,,0.5400009727979681,True,ok
3.4728072856606915,LIDAR,-0.03380828556240356,,1.1058473724609004,True,ok
3.478846817413136,BARO,0.3199377790384341,,0.834734910659911,True,ok
3.4825738876915597,LIDAR,-0.022357406563102256,,0.4843824933522535,True,ok
3.485220256954117,LIDAR,-0.04227481038665992,,1.7534164409671749,True,ok
3.487827873733742,FLOW,0.07413392330480853,0.03234274482554926,2.700421090348903,True,ok
3.5013851274209875,LIDAR,-0.0014442648791730406,,0.0020234700183939937,True,ok
3.505606614685265,FLOW,0.027681354914577017,-0.006200144808220422,0.3408762017906033,True,ok
3.509130703130393,LIDAR,0.025795517282865443,,0.6481796112121921,True,ok
3.515056975876475,FLOW,-0.07825959643594632,0.02884240336853992,3.0926735979455566,True,ok
3.5153687294053526,LIDAR,0.029405830606491712,,0.8471088492874653,True,ok
3.519176092227848,BARO,0.5992998570767489,,2.9292346688398947,True,ok
3.5264977099080705,LIDAR,0.06758211736116193,,4.461092824379629,True,ok
3.534416490666857,CAMERA,-0.06586502475285994,-0.11382987921786747,1.0857286469705987,True,ok
3.537956676221248,FLOW,-0.02264192766821138,0.02419239002707902,0.4761559397531779,True,ok
3.539525838946386,LIDAR,-0.030342173401300077,,0.8942527610806085,True,ok
3.5479822507653602,LIDAR,-0.006814921555656994,,0.045236577517305025,True,ok
3.5527030423885306,CAMERA,0.07708283764702467,0.10557483071326253,1.082444060181043,True,ok
3.5538682071055474,BARO,0.17573324890691033,,0.2518520958299468,True,ok
3.5632587124544477,LIDAR,0.04773336532950001,,2.20045295668176,True,ok
3.567987689730345,FLOW,0.026841015916598265,0.062308422854290904,1.9081924254324707,True,ok
3.5729282987865054,LIDAR,-0.011050746241771492,,0.11817559733994959,True,ok
3.575764191871016,LIDAR,-0.04459739641568117,,1.9487053200339228,True,ok
3.5813215742747118,FLOW,-0.003251930874001163,0.05482820939516703,1.303245603052925,True,ok
3.594616717407735,LIDAR,-0.0056796524645692514,,0.0311238388198222,True,ok
3.5953198649998304,FLOW,-0.06897642318463199,0.013879536815292522,2.171923108278577,True,ok
3.6013030864765,LIDAR,-0.008064069860897138,,0.06318204126492748,True,ok
3.6080186478210483,BARO,-0.4080867606925296,,1.3580972913373086,True,ok
3.610060966950751,FLOW,0.07093662625373398,-0.060140246464899155,3.841717572449232,True,ok
3.6134023824092596,LIDAR,-0.04632177173408403,,2.0786688937979974,True,ok
3.6175677691227817,LIDAR,0.062335503551846916,,3.802471356986671,True,ok
3.6302360660176336,LIDAR,-0.025817836451716314,,0.6488464218849027,True,ok
3.6352763289513113,FLOW,-0.04256099442260608,-0.022851942872404604,0.9987938140442937,True,ok
3.6414740126246263,LIDAR,0.004019903225899402,,0.0156981661959738,True,ok
3.6461258300073784,BARO,-0.20157616810547951,,0.3313717528039336,True,ok
3.649750665400994,LIDAR,0.06021606169549809,,3.53360730083635,True,ok
3.655020143434315,LIDAR,0.01920086313185987,,0.3618465802383302,True,ok
3.6619294769596826,BARO,0.19323070017212718,,0.3045133714661317,True,ok
3.666335859195454,FLOW,0.03190119421171339,-0.023510355158496338,0.6445157049125507,True,ok
3.667628369585562,LIDAR,-0.024020399259867542,,0.5631315076945793,True,ok
3.6694552299759495,CAMERA,-0.11231390133884883,-0.18611671665801627,2.980556509050304,True,ok
3.6823871680621205,LIDAR,-0.062142805077718855,,3.7384935238392427,True,ok
3.686235032637619,LIDAR,0.021200002108779703,,0.4397918629255912,True,ok
3.686904081482051,FLOW,0.04205273066589116,0.02672991621451611,1.034697502278005,True,ok
3.703625858621372,FLOW,-0.00971963103981549,-0.016636579865095393,0.15853879984656938,True,ok
3.7040774257320392,LIDAR,-0.021412288957145087,,0.4426196605782185,True,ok
3.7126702291361204,LIDAR,0.01797217936330142,,0.313021586230124,True,ok
3.713820337970774,BARO,0.16540518586532382,,0.22312497374914267,True,ok
3.7174802682142336,LIDAR,-0.03798257581765885,,1.4109125563023135,True,ok
3.7208603264014433,FLOW,0.049486019669008285,0.002858213408187458,1.0606274945222824,True,ok
3.73415486321137,FLOW,0.041193472185677926,-0.07418972261539339,3.1755254577129404,True,ok
3.7344523427767804,LIDAR,0.031536269633782865,,0.9610308204207281,True,ok
3.7414639436816515,LIDAR,0.0488207861384109,,2.3174019000405632,True,ok
3.7518690591022446,FLOW,-0.037703201279306486,0.014635834212238694,0.7192312775819607,True,ok
3.7544421842419813,LIDAR,-0.0006907227249350889,,0.00046176353845444874,True,ok
3.759231068165785,LIDAR,-0.013629880558966079,,0.18148633797078842,True,ok
3.762246197515388,CAMERA,0.02948416794253267,-0.12452969612852688,1.0267516738437776,True,ok
3.76381350363083,BARO,-0.20427644172810888,,0.3403221221259194,True,ok
3.7717398503085926,LIDAR,-0.015104202881689677,,0.22185316230302987,True,ok
3.780195990090952,LIDAR,-0.0030303558421840293,,0.008953165044054988,True,ok
3.7815006057129845,FLOW,-0.006625217396826311,-0.00314573501255035,0.022444835557063742,True,ok
3.7894960583548816,LIDAR,0.03378361634339688,,1.113587621700068,True,ok
3.7906667067272344,BARO,0.6071356921705395,,3.006355591491093,True,ok
3.801210803242151,LIDAR,1.7484411423129842e-05,,2.9734943951520967e-07,True,ok
3.8093705492613266,FLOW,-0.113456677755364,0.011925423100107503,5.326858985084641,True,ok
3.811252685427596,LIDAR,-0.07662858666838934,,5.711642603464786,True,ok
3.8183364781580074,LIDAR,0.013308533017503343,,0.17309021725595383,True,ok
3.8256283038574708,BARO,-0.3384405369437824,,0.9341234125109953,True,ok
3.8273210018913497,LIDAR,0.03580568173547771,,1.2540256849837415,True,ok
3.829517926817587,FLOW,0.051632851902254806,-0.000573450966975868,1.1114782897405555,True,ok
3.8324119600722764,FLOW,-0.07839848854509937,-0.0075184743409418145,2.7979433218515894,True,ok
3.8413997140030953,LIDAR,-0.02943356864274893,,0.8411454241485995,True,ok
3.8456440076999856,LIDAR,-0.02011650819863897,,0.3966542889285003,True,ok
3.8551314871786913,LIDAR,0.007736866321638836,,0.05863969965153101,True,ok
3.862017947895361,BARO,0.1006268853422907,,0.08258037304294229,True,ok
3.8659461653315987,FLOW,0.10537011204579333,-0.026090715845917163,4.911628466143195,True,ok
3.8703810617716665,LIDAR,-0.04413925229937954,,1.8906860573126067,True,ok
3.875742745480928,LIDAR,-0.011133445114820173,,0.12123808118455764,True,ok
3.8793948779161314,FLOW,-0.013226723279124109,-0.06104417321259911,1.682704700700075,True,ok
3.8873489201364753,LIDAR,0.030288769419917205,,0.8941853666155498,True,ok
3.8999972888246845,LIDAR,-0.0256765789900002,,0.6397155341969759,True,ok
3.905028527816563,FLOW,-0.026906888370600845,0.018946182055240054,0.4540212668669572,True,ok
3.9071289105202283,LIDAR,-0.007481073616407485,,0.05458331281541743,True,ok
3.9148056193752225,BARO,-0.25029456563568075,,0.5108981206284995,True,ok
3.921892417660707,LIDAR,0.09571605478776135,,8.865323414882226,True,ok
3.9287599627657017,FLOW,-0.03064669147021043,0.01573804712993212,0.4949088332810155,True,ok
3.9299092327101013,LIDAR,-0.006088593701576883,,0.03602640403982192,True,ok
3.9310633852149666,FLOW,0.037133061772024134,-0.030687118354194836,1.0480207443347527,True,ok
3.933349010240954,CAMERA,0.031526548278947075,-0.03975554474665844,0.16097119782383484,True,ok
3.939332194989708,LIDAR,-0.023892095796133273,,0.5554115788289946,True,ok
3.945567622278702,LIDAR,-0.026344469984332708,,0.6793159709056544,True,ok
3.95278856667266,FLOW,0.026143024338391108,0.08560314810615538,3.501277167370294,True,ok
3.956812048966364,LIDAR,0.041652245058001025,,1.6929806170800898,True,ok
3.960536515287565,BARO,0.1686118853801597,,0.23186305820979092,True,ok
3.9728393300447604,LIDAR,-0.02800191081896175,,0.7575719598583849,True,ok
3.976257505389851,FLOW,-0.1165736799532262,-0.032731457207899356,6.24592405297585,True,ok
3.9841869680034403,LIDAR,0.027944854823646725,,0.7539697199620476,True,ok
3.985471624665426,BARO,0.18363216699838425,,0.2750022787939459,True,ok
3.988472431017792,LIDAR,0.001203146433049529,,0.0014127498281381763,True,ok
4.002949332923992,LIDAR,-0.018624115047764178,,0.3359545522206191,True,ok
4.008560519477739,LIDAR,-0.03405418864663323,,1.1321334658339168,True,ok
4.008666512902695,FLOW,0.00787939311257474,0.003403309734490486,0.02984865012170137,True,ok
4.019657698093246,LIDAR,-0.025961720071949745,,0.6564853750016412,True,ok
4.020083991418074,FLOW,0.04220434166140408,0.03653274064700039,1.3344045166084157,True,ok
4.020720826557992,BARO,-0.5242429933547588,,2.241453873716,True,ok
4.0313315946946275,LIDAR,-0.018852908782317268,,0.34526714411391785,True,ok
4.0345364860536765,CAMERA,-0.042821797626518276,-0.140922599889254,1.3456499368442034,True,ok
4.042203645553835,FLOW,0.016266031402171144,0.0018751927260128873,0.11342631408676856,True,ok
4.04341555207824,LIDAR,0.034311759626674654,,1.140299157485375,True,ok
4.045112650878443,LIDAR,-0.015050556273337179,,0.2224892070609759,True,ok
4.0579894294212755,FLOW,0.023765129069033386,-0.030335802907510437,0.6401696569933635,True,ok
4.059376142506127,LIDAR,0.02080176657928723,,0.4214743093378821,True,ok
4.06925300909281,LIDAR,-0.026301369423796128,,0.6738305757632622,True,ok
4.072323511255428,FLOW,0.003801503212925994,0.0019932961978405585,0.008067662930242416,True,ok
4.078845221099512,CAMERA,-0.008210715408241587,0.0448586080725681,0.12953434473444161,True,ok
4.079771780494682,LIDAR,0.007774303580675657,,0.05881623670723816,True,ok
4.082786626927908,BARO,-0.30252731091470175,,0.7464151745146747,True,ok
4.091064499299274,LIDAR,-0.00039092602459156467,,0.00014843705445182788,True,ok
4.100381614200539,LIDAR,0.007895656505538806,,0.06064252569890692,True,ok
4.100737945051905,FLOW,0.003775776915187712,-0.0810659008366701,2.7524555457877016,True,ok
4.101912023701284,BARO,-0.29390466742936394,,0.7044843217109283,True,ok
4.113254128065703,LIDAR,-0.009937523016200434,,0.09564941129532357,True,ok
4.119659673155143,FLOW,-0.06934977762755534,0.0393527498546848,2.684951221397228,True,ok
4.122979117950883,LIDAR,-0.005537525238621832,,0.029742323182559035,True,ok
4.130838621617583,LIDAR,0.008166793772101055,,0.06495582245894022,True,ok
4.139346930859707,LIDAR,0.009933163764941355,,0.09630810119657122,True,ok
4.140257654933073,BARO,0.4299974875045476,,1.508006542024819,True,ok
4.145675440036087,FLOW,-0.0332836269059501,0.11313073927747241,5.74763275085041,True,ok
4.147249548976543,LIDAR,0.01522620479670067,,0.22693733796175178,True,ok
4.154125699029758,FLOW,0.016701825691066874,-0.02207068738895063,0.33550615595260413,True,ok
4.161077065552359,LIDAR,-0.015307764820612135,,0.22775759936294682,True,ok
4.169324200847717,LIDAR,0.011632630339231564,,0.13192487853335327,True,ok
4.180966940721372,LIDAR,-0.03658743381851082,,1.301304247971651,True,ok
4.183032940428021,BARO,0.043163610789763496,,0.015194593913241225,True,ok
4.183625437435002,FLOW,0.025438848113641888,-0.010904393198326007,0.31828142188970904,True,ok
4.1921078815607675,LIDAR,0.013838345252334072,,0.18589202244331107,True,ok
4.195544083413657,FLOW,-0.04598978191548414,-0.0006357343972095281,0.9157780787130726,True,ok
4.198234466487987,LIDAR,-0.04050328746036014,,1.6030667936394323,True,ok
4.2010607517768985,CAMERA,0.0928430573479202,-0.12392275512362672,1.4999272704319415,True,ok
4.214686911605364,LIDAR,-0.01259121495333515,,0.15323495804956175,True,ok
4.2219869013879645,BARO,-0.3572758340461071,,1.0409144390362988,True,ok
4.2241074959192515,LIDAR,-0.030774920314558418,,0.9176778087486521,True,ok
4.2260601619829865,FLOW,0.07911653488814424,0.022690614657891517,2.7819002884515918,True,ok
4.231324092538642,LIDAR,-2.254838324692963,,4952.6032976702045,False,invalid
4.233104826065949,FLOW,0.022624986852725237,0.024456863390366682,0.4864557320731585,True,ok
4.235945224064418,LIDAR,0.03679554942800367,,1.3092408365221029,True,ok
4.254669692570816,LIDAR,0.012383425392880287,,0.1464162440564865,True,ok
4.264045627873711,FLOW,-0.0029923960784598025,-0.0404783386120682,0.6814286327042764,True,ok
4.264375330587545,LIDAR,0.0492711180835137,,2.328445153785248,True,ok
4.2675987594255265,LIDAR,0.032559061936962674,,1.0309509542603532,True,ok
4.271343740751682,BARO,0.03948884840226086,,0.012717285321108515,True,ok
4.2819463713007675,LIDAR,-0.047439495140135346,,2.1743788135149233,True,ok
4.284057250425938,FLOW,-0.0036504915012225414,-0.0268856874176847,0.307939884488259,True,ok
4.291135489719382,LIDAR,-0.03731724263982228,,1.349278049727822,True,ok
4.292577696823912,FLOW,-0.02601774361691722,0.057779752604752106,1.7653702961468636,True,ok
4.299842449439962,LIDAR,0.01807475845871398,,0.31749157255403493,True,ok
4.300344667973413,BARO,0.6810619341635866,,3.782984625983693,True,ok
4.30973122745862,LIDAR,0.005179938060876577,,0.02609258380100973,True,ok
4.316892172402174,LIDAR,-0.015130075294441436,,0.2236561559054691,True,ok
4.324168684572857,FLOW,-0.05040948478850504,-0.052417744755657546,2.1855524837519367,True,ok
4.327544681709075,CAMERA,-0.07960821470088542,0.18135561035401843,2.4275115034306847,True,ok
4.331397200899678,LIDAR,-0.013648168644498249,,0.1805850695649321,True,ok
4.339792373744875,LIDAR,-0.008027393788515358,,0.06268231172432902,True,ok
4.346256056597135,LIDAR,-0.04058380645852555,,1.611294997867531,True,ok
4.349974607047577,FLOW,-0.039134957359252875,-0.03297077711522663,1.0673236653400946,True,ok
4.353067344575409,FLOW,-0.04932602863607405,-0.04655113098687473,2.037113353008153,True,ok
4.357036115509877,LIDAR,0.02163452439887692,,0.4569142150618754,True,ok
4.369432251172999,BARO,0.15812481882514273,,0.2038955225703966,True,ok
4.373163478391506,FLOW,0.01127502937104169,0.07007604020789984,2.1820424033120047,True,ok
4.374090172466479,LIDAR,0.0382660920825022,,1.4130455857451845,True,ok
4.381584901328429,BARO,0.48306953446498246,,1.9029238647989128,True,ok
4.3832689605849815,LIDAR,0.00042624445327144045,,0.00017589086730538961,True,ok
4.38980029986355,LIDAR,0.06278005350886628,,3.840857273291248,True,ok
4.4034588897944476,LIDAR,-0.01921713056117369,,0.3577494647731247,True,ok
4.4099807096008155,FLOW,0.06541707700150667,0.044877812059010966,2.532207097596686,True,ok
4.410874461842212,LIDAR,-0.05118649666714736,,2.5510112950876693,True,ok
4.417273085407667,LIDAR,-0.006709025846437289,,0.04407125809412966,True,ok
4.426774860109698,BARO,-0.09533678048389671,,0.07412314725060604,True,ok
4.428704083000714,FLOW,-0.020994910619544616,-0.021314173809828137,0.36979342914858526,True,ok
4.429161107985351,LIDAR,-0.06488619214742597,,4.106243355472283,True,ok
4.433414774640383,FLOW,-0.0012563241531118319,-0.007676161334938182,0.02676414983160296,True,ok
4.43878800489207,CAMERA,0.06518858023310414,0.19515466182963281,2.611988572665021,True,ok
4.439410512539218,LIDAR,-0.01523860554580736,,0.2263135283405323,True,ok
4.445523200530923,LIDAR,-0.006736192042719136,,0.04448244314125686,True,ok
4.457054624364735,LIDAR,0.003777398942104604,,0.013936063781211398,True,ok
4.461968732973749,FLOW,0.03803718316320909,0.06862931835830473,2.578786531023429,True,ok
4.4677766330020825,LIDAR,0.027189194151316265,,0.7207515107054622,True,ok
4.477768029280945,FLOW,0.014306208191743885,-0.11936831550228562,6.171373266130104,True,ok
4.478137944385677,LIDAR,0.01564149158065442,,0.23832946727581533,True,ok
4.484255989621073,BARO,-0.6918947605347554,,3.9040653447526537,True,ok
4.485253131443231,LIDAR,0.04084763885647025,,1.6327085580695555,True,ok
4.504140314702445,LIDAR,-0.0026241066125529677,,0.006637651025611118,True,ok
4.505257412615123,FLOW,-0.0544479951923284,0.030598120717990646,1.61093080124098,True,ok
4.506186020120063,BARO,0.5236690170714797,,2.2363707348769895,True,ok
4.513818266040202,FLOW,-0.014495099548844925,0.013200001608666823,0.1675179791286341,True,ok
4.5142862654197815,LIDAR,0.019466210832769892,,0.36596308422593393,True,ok
4.517424274079591,LIDAR,0.010577296535274172,,0.10939842412960132,True,ok
4.533684399152135,LIDAR,0.007139844788344174,,0.0493175309741303,True,ok
4.543647953918879,LIDAR,0.0074622339712195895,,0.05394327834320089,True,ok
4.545493580170879,FLOW,0.010239059011120433,-0.03185675913788315,0.45994719673974965,True,ok
4.548064653832196,CAMERA,0.07030391051172968,0.09173914373880213,0.8313004026901654,True,ok
4.5495769428428785,LIDAR,0.006436702709891495,,0.040433256717867475,True,ok
4.552659652268594,BARO,0.0858728678776215,,0.06014104826385082,True,ok
4.554983438219136,FLOW,0.04425055858038918,-0.003999278024356321,0.8548592348468578,True,ok
4.564295031237712,LIDAR,0.017182489553006608,,0.28589737648706953,True,ok
4.572181882027752,LIDAR,-0.024476100318450822,,0.5826905139465519,True,ok
4.5777960914867375,FLOW,-0.0031489238447436896,0.016421873294208352,0.1182486337351069,True,ok
4.582419517287943,LIDAR,0.022761766565612795,,0.5038385974561075,True,ok
4.588378884237278,BARO,-0.07511713559055533,,0.04601623351861501,True,ok
4.591994224999534,LIDAR,0.008003886787959491,,0.06236281061244367,True,ok
4.598714112097746,LIDAR,0.02119679799277696,,0.4396445434088963,True,ok
4.607070652661232,FLOW,0.03599126303744832,0.002649727354406682,0.5310414961297706,True,ok
4.607081766308864,CAMERA,-0.14677157969305943,0.0007287929294808957,1.3749618724582546,True,ok
4.61229108123791,FLOW,0.0701371697518835,0.044757748340415744,3.032768554888291,True,ok
4.613346193591557,LIDAR,0.018723906293272474,,0.3402432621507364,True,ok
4.624312709383083,LIDAR,0.010006861871492134,,0.0970971016209744,True,ok
4.633381972982867,LIDAR,-0.00044923273206265435,,0.00019613054988953737,True,ok
4.63798280355213,LIDAR,-0.035399432879720916,,1.2285913523120884,True,ok
4.640133927240789,FLOW,0.05224198398290947,0.03490454446680112,1.6482548166854907,True,ok
4.640318529604346,BARO,0.3642566200710404,,1.0821591919564144,True,ok
4.648544260022472,LIDAR,-0.005455548341140037,,0.029119671070045997,True,ok
4.655418561721579,FLOW,-0.11593674794315884,-0.03812438834789344,6.353543294886313,True,ok
4.660698865382976,LIDAR,-0.0017645956532454932,,0.0030334447257214683,True,ok
4.671085960928138,BARO,-0.09274190921848424,,0.07013990206804954,True,ok
4.671800601596118,LIDAR,0.051386679762766896,,2.5680480963899925,True,ok
4.6760147548183815,LIDAR,-0.012854398481291884,,0.16218575974987356,True,ok
4.686968498149734,FLOW,0.04304611000788422,0.09416593420199693,4.347153733293159,True,ok
4.688892831797216,LIDAR,-0.003370540929527266,,0.011084145556222775,True,ok
4.699769770144749,LIDAR,0.017430584677952776,,0.29590618546817454,True,ok
4.704168370999633,FLOW,0.06236951758141679,-0.01967896686665055,1.778680220560676,True,ok
4.7117861411251125,LIDAR,-0.012609536006880084,,0.1543564152474292,True,ok
4.712148742693575,FLOW,-0.02460717154914932,-0.07969966602819199,3.0455052583655315,True,ok
4.714348900921212,BARO,-0.2699886394416442,,0.5944810504671229,True,ok
4.723555148734768,LIDAR,0.005214749125237006,,0.026343912099676823,True,ok
4.72501809589119,LIDAR,-0.05254060545857975,,2.712798171912107,True,ok
4.735414769339165,CAMERA,0.11238736631325352,-0.22048940711962414,3.778261335985534,True,ok
4.741126667196368,FLOW,-0.03846526049701249,-0.008078697769902334,0.6407276309677559,True,ok
4.742929834083622,LIDAR,0.005939387113597316,,0.0341809823570934,True,ok
4.745528074032422,LIDAR,0.010556562232219235,,0.10934061356042374,True,ok
4.757233960291884,FLOW,0.009356696106556428,0.00190549924759301,0.03859981179240883,True,ok
4.761953884008301,LIDAR,-0.034204202455017096,,1.1347570156576132,True,ok
4.763167933455913,BARO,0.02435707222247885,,0.004838404663132316,True,ok
4.766915604085474,LIDAR,-0.0342786782122686,,1.1497178203602445,True,ok
4.780861983205094,LIDAR,0.04625008516556006,,2.0781624989577816,True,ok
4.785808723848722,LIDAR,0.018727027080164937,,0.3435607475509883,True,ok
4.789770722696342,FLOW,-0.022764820530492558,0.05660692538228807,1.4951560194416014,True,ok
4.795317640046011,FLOW,-0.052538708949116164,-0.035638848578116444,1.7460475224559941,True,ok
4.798094116146178,CAMERA,-0.04437343194646848,-0.030984051326098678,0.18507975114196157,True,ok
4.804331520539598,BARO,0.12266750618544364,,0.12269926008274652,True,ok
4.8047540779263125,LIDAR,0.011259918912027711,,0.12234371298022084,True,ok
4.806584252588961,LIDAR,-0.01906979831477873,,0.3560868229745906,True,ok
4.817728790031785,LIDAR,0.0077465745805795905,,0.05859298715438405,True,ok
4.822448791752932,FLOW,-0.014540933774692733,-0.08349784317748726,2.981969469901158,True,ok
4.824018725807467,BARO,0.13433274572983,,0.14716568620177384,True,ok
4.832552477456858,LIDAR,-0.0494920675287025,,2.37259511554064,True,ok
4.839940344446944,LIDAR,0.003779873820156876,,0.013910515159165844,True,ok
4.847357302187636,FLOW,0.02688503947694476,-0.0009454205094308922,0.29524982715408155,True,ok
4.849246075248234,LIDAR,-0.01249370496539326,,0.15214298163426282,True,ok
4.853760446974949,CAMERA,-0.036714227037216274,-0.1504007177439395,1.4857161680896493,True,ok
4.859390142977143,FLOW,0.017212011492435286,-0.056112448257057114,1.4670577465518673,True,ok
4.861840731351868,LIDAR,0.05747953133107275,,3.2065869426396234,True,ok
4.8654445807290285,BARO,-0.40443159833366216,,1.3339228566082464,True,ok
4.870900107502728,LIDAR,0.015033187054084518,,0.21983236973793552,True,ok
4.879819091870005,FLOW,0.012210820418247725,0.032505169932203204,0.5091938624336504,True,ok
4.884782071410602,LIDAR,-0.025699491668056407,,0.6386587380681794,True,ok
4.89229351350564,LIDAR,-0.013935668227164744,,0.18879282742078948,True,ok
4.895319593317654,LIDAR,0.0006206745105163947,,0.0003787035785674747,True,ok
4.902519129731137,FLOW,-0.009318467006676545,-0.028328876893144395,0.36989557645272253,True,ok
4.91308528442755,LIDAR,0.04377140305592553,,1.8574666680632248,True,ok
4.915255525153423,BARO,-0.21000765885716044,,0.3596795088577483,True,ok
4.924131474579933,LIDAR,0.00870730969065825,,0.07345483006425584,True,ok
4.926772832728008,FLOW,-0.09268627970309912,0.0383507349829599,4.1297226428214335,True,ok
4.929175863504426,LIDAR,0.04433674801867582,,1.9212614325133395,True,ok
4.935789971425443,FLOW,0.05732894390034948,0.015285353855495131,1.5223538775918442,True,ok
4.938411911958756,LIDAR,-0.0023390926227264686,,0.005350113247597087,True,ok
4.951278338634107,LIDAR,0.018362273246198768,,0.3279677096506765,True,ok
4.955661890157238,BARO,0.3174575988276569,,0.8218905275146753,True,ok
4.960432925773677,LIDAR,-0.047483235140997504,,2.19673346185743,True,ok
4.965262193294142,CAMERA,-0.011827401146300653,0.03732435447159415,0.0946008058351737,True,ok
4.9672899666942385,LIDAR,0.03893577286647032,,1.4841275385448107,True,ok
4.967608046584136,FLOW,-0.08508327970724822,0.03070740265883283,3.334439043009644,True,ok
4.975524932588597,LIDAR,-0.04365708229290677,,1.8690739162894365,True,ok
4.978948541704836,FLOW,0.08337684368246928,0.05961240984769199,4.466985561756696,True,ok
4.986713119203158,LIDAR,-0.018793441724783477,,0.3452615844394549,True,ok
4.999663344857314,LIDAR,-0.0747446749142826,,5.43211339344503,True,ok
5.0003906618076845,BARO,0.1737715974835914,,0.24627432971588617,True,ok
5.008801981660462,FLOW,0.08733029554276422,0.06290480571918353,4.694772579947531,True,ok
5.011355619622171,LIDAR,0.009516988410564142,,0.08786643838040135,True,ok
5.017546411829119,LIDAR,-0.022747757822566772,,0.5053723520331334,True,ok
5.023546816660059,FLOW,0.01125786617342256,-0.05708794628648973,1.415641175071741,True,ok
5.033386803547781,BARO,-0.0786302881368468,,0.05041607588616609,True,ok
5.034954465653342,LIDAR,0.015237354527779523,,0.22402772484235312,True,ok
5.044159688098348,LIDAR,-0.02040278079782576,,0.4029135389822228,True,ok
5.044342696881092,FLOW,-0.044131825529039825,-0.008987005839526564,0.8457630879061566,True,ok
5.050428631480851,LIDAR,-0.02656788587983927,,0.688046883361547,True,ok
5.055345173427592,LIDAR,0.025307380206034402,,0.629122352480414,True,ok
5.058106598542546,FLOW,0.019867684289966714,-0.017034922581961206,0.2925344214278996,True,ok
5.073123479276381,LIDAR,0.05119930221149893,,2.5397448986979247,True,ok
5.081626367761528,LIDAR,0.047990845930566906,,2.238935617102413,True,ok
5.084885800242277,FLOW,-0.004138285471163239,0.009757021247739145,0.046343047816284864,True,ok
5.089668151817312,BARO,0.23550716329329946,,0.45230210885032324,True,ok
5.092769077823041,LIDAR,0.026367175162082646,,0.674958758609654,True,ok
5.098326319959274,LIDAR,-0.029165754155314083,,0.83208882991772,True,ok
5.098792801821623,CAMERA,-0.16519315884194652,-0.002281158324386816,1.74112881282398,True,ok
5.1066333612109025,BARO,-0.15356054285566456,,0.19230750320735704,True,ok
5.108601295768064,FLOW,0.016211305399056353,-0.01622817438472626,0.21511695539750653,True,ok
5.110683922581967,LIDAR,-0.006514926732810622,,0.04133608131226596,True,ok
5.1165542532017065,FLOW,0.020180069062636252,0.06985653723459886,2.2836858945391394,True,ok
5.121350513017973,LIDAR,-0.0548106840943241,,2.922696443948974,True,ok
5.128458050145822,LIDAR,-0.01691831543620692,,0.2797758643205725,True,ok
5.139833174351563,LIDAR,-0.014404446073169819,,0.2022324957759087,True,ok
5.147099625918856,FLOW,0.052145875108038364,0.05399643631195458,2.297560643783311,True,ok
5.154874763012238,LIDAR,0.002528343719549575,,0.006180364682448342,True,ok
5.158018787789061,LIDAR,-0.017240614800892118,,0.29089334153741464,True,ok
5.16554757644009,FLOW,-0.023532764306591236,-0.11284451181309706,5.495712088320726,True,ok
5.165617509526821,BARO,0.7144013235995792,,4.162236778137233,True,ok
5.167805834087231,CAMERA,-0.10328538764004203,0.00862359543127287,0.686256734356596,True,ok
5.174569640861691,LIDAR,0.008310117994207555,,0.06683928787080157,True,ok
5.179404388422501,LIDAR,-0.026341746554826795,,0.6778780658816566,True,ok
5.188390392137197,FLOW,-0.04304880311242132,-0.016554960956420187,0.8727992292838647,True,ok
5.188740986607614,LIDAR,-0.029180845860210525,,0.8322321598544302,True,ok
5.194611913243621,BARO,0.12567044146740747,,0.12879952472188502,True,ok
5.197939304887646,FLOW,-0.09969719062662957,0.03472969491882894,4.7882426568574274,True,ok
5.198052445334318,LIDAR,-0.05200911161409838,,2.6449809311417476,True,ok
5.210323737372085,LIDAR,-0.06294653449481125,,3.8577248364784587,True,ok
5.212544422047913,FLOW,0.05825083817272109,0.04764135003656201,2.4420492576866337,True,ok
5.217147540201848,LIDAR,-0.00665264254214426,,0.04330539816975804,True,ok
5.220712638994859,BARO,-0.631433670805484,,3.251767088433008,True,ok
5.228310088767012,LIDAR,-0.03899177109848928,,1.4837690950768738,True,ok
5.238609364487483,LIDAR,0.05810185599767825,,3.291680025815225,True,ok
5.24044478929658,FLOW,0.04043550101825488,-0.049243561814496774,1.6720132404614296,True,ok
5.253282462980853,LIDAR,-0.016316875064571246,,0.25764196785611426,True,ok
5.257354958688912,LIDAR,0.0059794495103489,,0.03496545091244737,True,ok
5.260150553996805,FLOW,-0.06746649544878008,-0.01987697550316448,2.047498166910468,True,ok
5.272134304539922,BARO,0.19895325962977628,,0.3227763498178567,True,ok
5.272474811459866,LIDAR,0.027914142402871267,,0.7554383532447595,True,ok
5.273340816276589,CAMERA,0.030588629386028687,-0.011174519387710967,0.0672970851895517,True,ok
5.281989513947311,LIDAR,-0.007300697402233602,,0.051760461160280845,True,ok
5.287744271633866,FLOW,-0.033102315344857025,0.06836632411844681,2.3230585192554973,True,ok
5.291549118846595,FLOW,-0.005098983965787729,-0.025677070650091033,0.2976912834275624,True,ok
5.2925903952768545,LIDAR,-0.0011423680754711896,,0.001266827545521707,True,ok
5.303438137612342,LIDAR,0.012308440940470344,,0.14696450850352344,True,ok
5.310207780581874,LIDAR,0.02187303329224788,,0.46682819155163985,True,ok
5.313597925610517,FLOW,0.000429860034424856,-0.011968238869435602,0.060678892701330756,True,ok
5.3160653585959645,BARO,-0.09440214066892993,,0.07267868484385505,True,ok
5.317671700926836,LIDAR,0.018690247303111196,,0.34211251728039027,True,ok
5.330650994088919,FLOW,0.028664903499139027,-0.04239442909483311,1.1121002796750816,True,ok
5.331215614375715,LIDAR,0.04719809311670753,,2.167370907801333,True,ok
5.337157540262004,LIDAR,0.0333296526353406,,1.0878508284965076,True,ok
5.349800390227906,LIDAR,0.007940015509132259,,0.06142029638369,True,ok
5.350471760455087,CAMERA,-0.08656009305486168,0.022497643974631998,0.5096152597284876,True,ok
5.355519897960498,LIDAR,0.015515709348137285,,0.23608262927040946,True,ok
5.358523466792419,BARO,-0.6340495486209792,,3.2788365464370224,True,ok
5.369899055382051,FLOW,0.09560546739554765,0.01892651983348362,3.7228310376759968,True,ok
5.3723412894785785,LIDAR,0.03841393906342194,,1.4300432966158378,True,ok
5.374846495788799,FLOW,-0.004690573801569342,0.01915532842547586,0.1656926826329849,True,ok
5.379404727678852,LIDAR,0.02360114368435573,,0.5428262612784818,True,ok
5.386862854351427,LIDAR,-0.026994068165213214,,0.7128414882244807,True,ok
5.388379099712322,BARO,-0.24539189484152923,,0.49112819549445574,True,ok
5.3950496486280395,LIDAR,-0.051110659080635834,,2.560759504212303,True,ok
5.397885135931768,FLOW,-0.07272596148250643,-0.028878823092701764,2.550254291899024,True,ok
5.4132478986313295,LIDAR,-0.020583798995811975,,0.40953102333422137,True,ok
5.4208813345020905,FLOW,-0.054826471908289987,-0.06077525207361269,2.7520846342658856,True,ok
5.422334365627581,LIDAR,0.013805463963795894,,0.1847659700397607,True,ok
5.432633610113634,LIDAR,-0.00994757477555197,,0.09597309102921787,True,ok
5.440711900540016,LIDAR,0.008078680427835216,,0.06354253247150589,True,ok
5.447770630811008,BARO,0.7799843601512819,,4.961376113832981,True,ok
5.4478167103355695,LIDAR,0.039116130115497416,,1.4966931404436608,True,ok
5.4481397618745415,FLOW,0.0494230715832461,0.07268158187907166,3.103218816954821,True,ok
5.4565468056873305,FLOW,-0.021051248644280596,0.08953770925609575,3.6034937425172906,True,ok
5.458453403521148,LIDAR,0.04725243161085135,,2.180126200950928,True,ok
5.4615580936461035,BARO,0.21217567517249325,,0.3671568548963088,True,ok
5.46966598471001,LIDAR,-0.057480632309977686,,3.2187853203165027,True,ok
5.4778176246896155,LIDAR,-0.01736830511483589,,0.2947070113579158,True,ok
5.488420063077105,FLOW,0.008778186534994958,0.026093533483728514,0.30464266392588535,True,ok
5.489537373346177,LIDAR,0.017920882079237366,,0.3127333948350478,True,ok
5.498210966230497,CAMERA,0.06341434398332368,-0.21861526302966078,3.1448836190011997,True,ok
5.499530417199344,LIDAR,-0.02322606119145787,,0.5253241046248459,True,ok
5.508992606961013,FLOW,0.02426899960618889,-0.016162638542859112,0.3457069523689816,True,ok
5.5127304754898825,LIDAR,-0.007977685468599116,,0.061668479607184676,True,ok
5.518819562274927,BARO,-0.0956007370127776,,0.07453230675157381,True,ok
5.519735926408294,LIDAR,0.09182959557133463,,8.218797195224377,True,ok
5.5256116483428945,LIDAR,-0.0029410985511773013,,0.008483549038237672,True,ok
5.525695144465042,FLOW,-0.03956017411721496,0.020191171192515282,0.8202668728683438,True,ok
5.534773052051649,FLOW,-0.017812940919531284,-0.06324422452415454,1.867740124341484,True,ok
5.536789879727251,LIDAR,0.03448053912857452,,1.1623728595845615,True,ok
5.55227354147526,LIDAR,-0.0323696683447392,,1.0149193327797792,True,ok
5.557402422303707,LIDAR,-0.01853871477499691,,0.3358092136340437,True,ok
5.557499633043862,FLOW,0.020410661177556966,-0.020376677813115376,0.34932937782737605,True,ok
5.566244707222364,BARO,0.7931211552612467,,5.129910786047089,True,ok
5.5695842947327705,CAMERA,0.027447689062447767,-0.13978561959276078,1.234950695779728,True,ok
5.5735751976875685,LIDAR,-0.005375858977286541,,0.027952224520425416,True,ok
5.57372949695202,FLOW,0.05796031422472392,0.08278200064172969,4.3215782007203725,True,ok
5.575687355917104,LIDAR,-0.002919226977582401,,0.00835597161568677,True,ok
5.581492107631316,BARO,0.11784201002360639,,0.11325517838380252,True,ok
5.59396551781081,LIDAR,-0.06351954030336415,,3.900817936330957,True,ok
5.597660146991527,LIDAR,-0.003070670585529456,,0.009219950520961013,True,ok
5.606570818137168,FLOW,-0.01949688336292743,-0.013144161490551434,0.22033674791658733,True,ok
5.608807366053074,LIDAR,-0.042775381713928695,,1.7846444532692738,True,ok
5.618538222848823,LIDAR,0.02420537419203672,,0.5715480376003375,True,ok
5.624914078269201,FLOW,0.025778737488893255,0.01204907051980579,0.330014818683668,True,ok
5.627428483360968,BARO,0.22559365838074807,,0.4150300386135442,True,ok
5.6303951850976475,LIDAR,0.015246522000905927,,0.22606693912194487,True,ok
5.6353621736734905,LIDAR,0.0010021560949056152,,0.0009846581921020897,True,ok
5.649245352481494,FLOW,0.07835835940415448,0.00504379535629158,2.4880735582467697,True,ok
5.653852558586243,CAMERA,-0.05652382762218733,0.048793758376650315,0.3479685320607643,True,ok
5.654003982403963,LIDAR,0.011255333540574064,,0.12238324146506058,True,ok
5.6642031608758,LIDAR,0.02017465513295269,,0.39372760510799737,True,ok
5.666460476398714,FLOW,-0.06728372251303893,0.03631842418662516,2.409213822314469,True,ok
5.671728812603233,LIDAR,-0.007995767594524583,,0.062171152913654514,True,ok
5.676420418971732,FLOW,-0.032117074330947126,-0.03355944738182289,0.9249059855460038,True,ok
5.678560836137317,LIDAR,0.05059191484997738,,2.5021295146295177,True,ok
5.680739514029387,BARO,-0.5586115448718034,,2.545005240552118,True,ok
5.688770764834022,LIDAR,-0.025122994922689657,,0.6164444839466154,True,ok
5.696648622288416,LIDAR,-0.01119934431105074,,0.12283878568080497,True,ok
5.705319777884149,FLOW,-0.015429648087698311,-0.09307476327170859,3.628920304832183,True,ok
5.710955697127077,BARO,0.19098102884312063,,0.2974317350670327,True,ok
5.711087017316119,LIDAR,-0.02353756233925397,,0.5383685118720788,True,ok
5.714822503859508,FLOW,0.06344164792561968,0.027784327722363805,2.0447156013103935,True,ok
5.717323859405944,LIDAR,-0.044789441462236734,,1.9617742055618252,True,ok
5.729363817287919,LIDAR,0.025953436245937045,,0.6561161251565976,True,ok
5.743700569167218,FLOW,0.00726787883064417,-0.05138846003212282,1.0939580234160853,True,ok
5.744327968872415,LIDAR,-0.0008310499709618391,,0.000667508236448582,True,ok
5.748694089383574,BARO,0.22323389335121302,,0.4063916950413312,True,ok
5.754978302955483,LIDAR,0.02583202311754107,,0.6453650166329058,True,ok
5.756969180408596,LIDAR,-0.014841424658128766,,0.21600811173913925,True,ok
5.7581810368769855,FLOW,-0.04111371161643518,0.0023459628242536064,0.7079320741972142,True,ok
5.773264030592778,LIDAR,0.04552968045909145,,2.0104914086140315,True,ok
5.775311602804555,LIDAR,0.0012851024824329649,,0.0016229628372898782,True,ok
5.788392594130973,FLOW,-0.08661362406525608,-0.04182759942470054,3.6999053533497914,True,ok
5.788521440480159,LIDAR,-0.057532635207257155,,3.2313873769829495,True,ok
5.791644467370533,FLOW,0.03635324025813902,0.002917096840288515,0.5737856391438948,True,ok
5.7958096109655886,LIDAR,0.000986633524886038,,0.0009539026326207863,True,ok
5.808821299557547,BARO,-0.5453319539011992,,2.425145393275421,True,ok
5.812955065493129,LIDAR,0.05554407923706384,,2.9866531301031625,True,ok
5.815693857613118,LIDAR,-0.017970199966705458,,0.3165568979748209,True,ok
5.8252035091312155,CAMERA,0.326569782117762,0.09827310933384648,7.376751561037539,True,ok
5.825227106137991,FLOW,0.011391950730256117,0.02726486715449089,0.35113404166329887,True,ok
5.833243036545346,BARO,0.44853970686512756,,1.6405626163650286,True,ok
5.8341993621334876,LIDAR,-0.027155537518420925,,0.7125711542720136,True,ok
5.8374646562246655,LIDAR,-0.04774885477787416,,2.2299717382308857,True,ok
5.841316022239986,FLOW,-0.058206099925378785,0.021565478535973293,1.5877572995995728,True,ok
5.848875867887981,LIDAR,-0.0010627795425275366,,0.0011014595907200945,True,ok
5.85397072841187,FLOW,-0.013807547107101081,-0.06293892193983636,1.7564313302433814,True,ok
5.864307282637495,LIDAR,-0.0006772684807643259,,0.0004434153654982401,True,ok
5.870474229568941,FLOW,0.00615262564449115,0.01929726678759106,0.17376073811215137,True,ok
5.873100113665764,LIDAR,0.03879009352314888,,1.4595479310538753,True,ok
5.883371535824835,LIDAR,0.04233705124158149,,1.7393860231015048,True,ok
5.885097942350824,BARO,-0.6386071763787775,,3.3259690065320147,True,ok
5.888653203914282,LIDAR,-0.010279606110404238,,0.1033874942955901,True,ok
5.8906491317022205,FLOW,-0.055580468445053766,0.013298249147530314,1.3673815607702906,True,ok
5.895961178745783,LIDAR,0.0016698185759582707,,0.0027370883551132877,True,ok
5.9015330746754,BARO,0.24815411816215072,,0.5022330909712823,True,ok
5.9073908792238985,LIDAR,0.028623225435138178,,0.8013910024445522,True,ok
5.910520451055812,CAMERA,-0.07534501920420023,0.17226548348103718,2.14121395526802,True,ok
5.9173226914025925,LIDAR,-0.00013095541068475214,,1.676303566204768e-05,True,ok
5.925787479681796,LIDAR,-0.03749230294179062,,1.3763493824758184,True,ok
5.9271093628619065,FLOW,0.024303697527727097,-0.10747046094335905,4.736942977985391,True,ok
5.937831460652615,LIDAR,-0.007312869753857587,,0.052145095010651774,True,ok
5.945828974070458,LIDAR,0.013314911048604383,,0.1733701487652564,True,ok
5.94657574795562,FLOW,0.0002477785585462966,0.040504643922097815,0.6573744901353146,True,ok
5.954054216546409,FLOW,0.05497281398544129,0.0326715254990928,1.7385611316367982,True,ok
5.960697776206578,LIDAR,-0.04871858147897967,,2.3017646481568246,True,ok
5.967584821725961,BARO,-0.5588968882326961,,2.5473193978191953,True,ok
5.970103468801602,FLOW,-0.03919185264967051,0.06701722369632489,2.5604922387654616,True,ok
5.972548108340707,LIDAR,-0.06395487986852366,,3.959045905764876,True,ok
5.975431024070207,CAMERA,-0.10615344723698716,-0.044249384050412593,0.8402233017838139,True,ok
5.980622541646423,LIDAR,0.07135588060329212,,4.949531480084478,True,ok
5.986352437745252,LIDAR,-0.016335944465182273,,0.2612446293536081,True,ok
5.9928900265048695,FLOW,0.10215207773643709,0.07487173318138954,6.642715041629616,True,ok
5.998586955466907,LIDAR,0.00021355648686327555,,4.444990707785264e-05,True,ok
6.001298328573216,BARO,-0.18009200313626783,,0.26451258602431804,True,ok
6.009878411805499,LIDAR,0.011538145728061888,,0.12949242625151958,True,ok
6.018714052953545,LIDAR,-0.05321680195315048,,2.7604646109906943,True,ok
6.022590343807067,FLOW,0.006274329736234652,-0.042153639155335,0.7205390334688494,True,ok
6.033585464029382,LIDAR,-0.036710075532992104,,1.3034347467526528,True,ok
6.035625495037018,LIDAR,-0.001449793341405048,,0.002061212079943145,True,ok
6.043205190963876,BARO,-0.38424512684685896,,1.204107279104831,True,ok
6.045342710579261,FLOW,0.05911530545517907,-0.0008868872349436525,1.393674496367301,True,ok
6.049462653508323,LIDAR,-0.041876209431717104,,1.7075230182222638,True,ok
6.06152778931947,FLOW,0.023094283138288763,-0.07155873594497444,2.309771522956252,True,ok
6.063574599104482,LIDAR,-0.004073089137990316,,0.0160516152465958,True,ok
6.073516327755822,LIDAR,0.005100134267717049,,0.025203720328149392,True,ok
6.074526873711507,FLOW,-0.06149061493226293,-0.015087997427162946,1.685643862578491,True,ok
6.0770563647104066,CAMERA,-0.023432111817182966,-0.022071890084215368,0.06477907681709658,True,ok
6.079531632917766,LIDAR,0.01898838956403015,,0.35191605597765496,True,ok
6.081995963858967,BARO,0.3420070464100746,,0.9539661806401961,True,ok
6.085967816861082,LIDAR,-0.005491625439772996,,0.029589445474669664,True,ok
6.096502757097529,LIDAR,0.013696290816840762,,0.18365234939616623,True,ok
6.098629467405546,FLOW,0.03644928227679256,0.04639689869090238,1.4258086475681053,True,ok
6.109068455271346,BARO,-0.16558586942072395,,0.2235951056965973,True,ok
6.111293590837167,LIDAR,-0.02827794274849138,,0.7764143069770665,True,ok
6.1179734441977685,FLOW,-0.07481396016723629,-0.031165785019348535,2.69723260398344,True,ok
6.1246929034239805,LIDAR,-0.015331564331017677,,0.22716009970209064,True,ok
6.126011247114736,LIDAR,-0.00354898988826724,,0.012357272063549104,True,ok
6.137838452609238,LIDAR,0.0005286488411768708,,0.0002730500980372342,True,ok
6.138963157050832,FLOW,-0.04268649691562232,0.08970542513235757,4.029481765235001,True,ok
6.148044104801789,LIDAR,-0.01826761541811628,,0.32575208387529975,True,ok
6.156210596467221,LIDAR,0.010797005742984922,,0.11407429240819841,True,ok
6.156514568426965,FLOW,-0.03524859357867527,-0.017344023594986314,0.636250277051131,True,ok
6.168608390722961,LIDAR,-0.010355611235761675,,0.10445850405020495,True,ok
6.16992582075853,BARO,0.475917504050813,,1.8472547497105494,True,ok
6.175234351259769,FLOW,-0.04601845698223905,0.006045564784111331,0.8900927210191829,True,ok
6.177957935152228,LIDAR,-0.03602951612126093,,1.2659007598271874,True,ok
6.191335482456291,LIDAR,0.02388635606640177,,0.5533546044167207,True,ok
6.20084404862999,BARO,-0.235454877998027,,0.4520857414681784,True,ok
6.2025925533705495,FLOW,-0.0005500421124172705,-0.06795068823551781,1.8442808626318243,True,ok
6.204084307686958,LIDAR,0.031057148834101156,,0.9323728248579034,True,ok
6.211723297120304,FLOW,0.06624737693666827,-0.01351108830474012,1.925261364203985,True,ok
6.212639963265838,LIDAR,0.06022302116172229,,3.51927670737594,True,ok
6.215772644124968,LIDAR,0.04085491868768498,,1.6382191850110868,True,ok
6.221302039905814,CAMERA,0.06851901953171069,-0.1636927687124126,1.9009792413771016,True,ok
6.224248537777235,BARO,-0.49762293268224034,,2.019513816084327,True,ok
6.2346466868257195,LIDAR,-0.009190794957652404,,0.08166362583780477,True,ok
6.238071660680831,LIDAR,-0.02196999493360874,,0.47216601627907195,True,ok
6.241743658453128,FLOW,0.03442547747817393,-0.06695139473119338,2.273542725686733,True,ok
6.250036694993636,LIDAR,-0.06292580521110258,,3.8586044546903175,True,ok
6.2572106810962955,LIDAR,-0.002212954672779599,,0.004792833164484049,True,ok
6.265730702627303,FLOW,0.03961095629500022,0.02821443436161366,0.9401991973833259,True,ok
6.26904874210706,LIDAR,0.06474735668258091,,4.087655603686559,True,ok
6.273312191457046,FLOW,-0.007981303632925374,-0.002676889395109197,0.029941274033087453,True,ok
6.275184639422445,CAMERA,-0.22382362535723055,-0.09117754823730853,3.7114591440289706,True,ok
6.277049472420971,BARO,-0.16987635439001503,,0.23533980187512013,True,ok
6.283458573732684,LIDAR,-0.02533234075277191,,0.6213923264098067,True,ok
6.28646907109468,LIDAR,0.028975987341443243,,0.8228628311817444,True,ok
6.294364847882171,FLOW,-0.032354804358851075,0.04835427459993137,1.4054125737844179,True,ok
6.302101388660482,LIDAR,0.012214724032621582,,0.14478569220691606,True,ok
6.305898744109785,LIDAR,-0.04110080576747732,,1.656398526710291,True,ok
6.320619632754505,LIDAR,0.010751593538018245,,0.11238259401441446,True,ok
6.324112217906151,FLOW,0.059246992715995206,0.13113794836482376,8.229037581228015,True,ok
6.326714603537764,LIDAR,0.015435035493577498,,0.23311621873056088,True,ok
6.327617399601383,BARO,-0.41868754355876114,,1.4297447016842784,True,ok
6.335383318259832,LIDAR,0.004215799229717376,,0.01741343268041658,True,ok
6.348885398918293,FLOW,0.018249985287756454,-0.031627753342495714,0.526510221654497,True,ok
6.352160397327015,LIDAR,0.008558306565794371,,0.07093256918662678,True,ok
6.353880480414829,BARO,0.1905764156398333,,0.29619876783949634,True,ok
6.3570464191571014,LIDAR,-0.007963927128576298,,0.06199304490613505,True,ok
6.357330317863184,FLOW,0.08827640916720925,0.036793675975433635,3.834209535089275,True,ok
6.374666268359006,LIDAR,0.028055789397351205,,0.7597665075726174,True,ok
6.376083317810126,FLOW,-0.010176763498737529,-0.03565216423093639,0.5719392383504179,True,ok
6.38063643315762,LIDAR,0.014821127616840624,,0.2137716488421213,True,ok
6.386441586581341,LIDAR,-0.05247847838607855,,2.6981126532446353,True,ok
6.395791730556452,FLOW,-0.009088604153641988,-0.04051057664523922,0.711463386485698,True,ok
6.400325748419231,LIDAR,0.0054788253033390966,,0.029200959246996405,True,ok
6.403011053888472,BARO,0.27739921523709965,,0.6275708227278721,True,ok
6.413849646575134,LIDAR,0.0019464859990461214,,0.0036669341383959108,True,ok
6.422564580604757,FLOW,-0.05243149852999396,-0.060984464278204954,2.590760967000537,True,ok
6.4240815656066665,LIDAR,0.0133937033559417,,0.1737868427417191,True,ok
6.425045605088289,LIDAR,-0.04184490803199514,,1.7220746379746488,True,ok
6.437734378439353,LIDAR,0.026899939133000483,,0.7074730609029776,True,ok
6.444499694133361,BARO,-0.23355335395193144,,0.4448529533754338,True,ok
6.4452608716558935,FLOW,-0.047318283158907515,-0.025627210172251613,1.1576419368782953,True,ok
6.44741636764546,CAMERA,-0.05638936984121323,0.10847525451129107,0.9012259221695558,True,ok
6.4496321333633855,LIDAR,-0.026043797776342803,,0.6608355329594064,True,ok
6.450400850294094,FLOW,0.016753896990799322,0.006675927315278968,0.13868536895887365,True,ok
6.455412480403592,LIDAR,0.0667540802301474,,4.369826915066181,True,ok
6.469855364661053,LIDAR,-0.012035152519958014,,0.1408914415087026,True,ok
6.475001342257091,LIDAR,0.0038952395670301954,,0.014874447943122301,True,ok
6.486588933779881,FLOW,0.014873660438450287,0.010076544715827973,0.12724072835609088,True,ok
6.486951457937949,LIDAR,-0.04675777536561032,,2.1343100670470205,True,ok
6.487761403782742,BARO,-0.5345669238657682,,2.3306472696816574,True,ok
6.494342806345978,FLOW,-0.05747103212640392,0.0005494873695718744,1.3831012145753305,True,ok
6.5041646450513255,LIDAR,-0.017328084298363855,,0.2897451947750277,True,ok
6.511864385223477,CAMERA,-0.18270433198932068,-0.011385450760802407,2.135891680122845,True,ok
6.511926365095219,LIDAR,0.005483053462121745,,0.02916917367492681,True,ok
6.521048792809534,BARO,0.09890911747663766,,0.07977770203834844,True,ok
6.522122934086589,LIDAR,0.0949016059402843,,8.743907979950945,True,ok
6.524209600012591,FLOW,-0.0032193810363378983,0.04038567394820669,0.655091395417603,True,ok
6.527782282573252,LIDAR,-0.026494011798646522,,0.6865586751395512,True,ok
6.533495062739671,FLOW,-0.029175161578417708,0.026143366677793295,0.6433993570800226,True,ok
6.540170884708447,LIDAR,-0.05192590697167354,,2.6255396324920848,True,ok
6.553929960508634,LIDAR,0.0049650501504365785,,0.023866650970019904,True,ok
6.562102525167398,BARO,-0.7538058705003379,,4.63369108687664,True,ok
6.5629797463829425,FLOW,0.05011518750309096,-0.00760851351349915,1.0257539828199222,True,ok
6.563057462249963,LIDAR,-0.010677064622913957,,0.11067391961909866,True,ok
6.570360361218117,LIDAR,-0.01180971120988561,,0.13606517928692435,True,ok
6.580181575963914,LIDAR,0.0008079652490260436,,0.0006368887691086541,True,ok
6.584201304037003,FLOW,-0.0372170810907152,0.05353095597733098,1.7024200006297296,True,ok
6.590612626589696,LIDAR,0.011396650002418074,,0.12659879102789443,True,ok
6.599318578783663,BARO,-0.14644675606555158,,0.1748977052387645,True,ok
6.600472133417252,LIDAR,-0.012489286311895942,,0.15207673230858262,True,ok
6.608519052530456,FLOW,0.031918613406462404,-0.05034478818809495,1.409804593280628,True,ok
6.610349855842091,CAMERA,0.014250383490414631,0.08393763626305002,0.4375095742330507,True,ok
6.611718530105267,LIDAR,0.036140255834255175,,1.2707838235250744,True,ok
6.612570699937308,FLOW,-0.019511774508483737,0.012595282325481657,0.22993477017222758,True,ok
6.616730287628404,LIDAR,-0.042883848147835746,,1.803589855826335,True,ok
6.625928095919741,BARO,0.164595527334241,,0.22094080097754554,True,ok
6.633827080932946,LIDAR,0.036024058701830786,,1.2573526449240584,True,ok
6.63753609157406,FLOW,0.053794642725305764,0.08133447055105301,3.8996812476239864,True,ok
6.638901273371584,LIDAR,0.03226335498193178,,1.0174069262586705,True,ok
6.653874904740114,LIDAR,-0.03561704775219221,,1.2295991963217887,True,ok
6.6578882728613165,FLOW,-0.014849065173820453,0.014038184377356008,0.170199684048882,True,ok
6.662525667945082,LIDAR,-0.013596399696513384,,0.17974461789696966,True,ok
6.666512365074501,LIDAR,-0.008930534586373273,,0.07830053338166243,True,ok
6.673876754344961,BARO,-0.14314499591977015,,0.16711113849088083,True,ok
6.676291518278735,FLOW,0.08377182752004475,0.09428762968616164,6.512743373388485,True,ok
6.68379179817825,LIDAR,-0.02805350999146805,,0.7629658583655781,True,ok
6.685075073039825,LIDAR,0.02650763251015853,,0.6911022751724704,True,ok
6.698442336914317,FLOW,-0.05696796392448977,-0.13338241382470856,8.510801588187215,True,ok
6.698821320758628,LIDAR,0.033388064477804846,,1.088206722737308,True,ok
6.704364758168814,CAMERA,0.06607027852297143,0.06936925027028457,0.5704088265803797,True,ok
6.706670839652863,LIDAR,-0.0065572224135337365,,0.04209644586040839,True,ok
6.7070156372819945,BARO,0.09512006778935378,,0.07379506378949342,True,ok
6.718037851879176,FLOW,-0.005063178973218618,-0.030692970025637933,0.39284473933137765,True,ok
6.7220131916485135,LIDAR,-0.012477026433669103,,0.15102884773654535,True,ok
6.725312353936437,LIDAR,0.12076349416399967,,14.30785272967185,False,gate
6.736346868416857,FLOW,-0.10026036157118212,-0.03320735375083639,4.558030142419618,True,ok
6.742362089342649,LIDAR,-0.004627999736299682,,0.02045763269433716,True,ok
6.7471776975187785,LIDAR,-0.006291091386368741,,0.03827347847330838,True,ok
6.758862393240905,FLOW,0.039557313107327796,-0.024939856846524996,0.8816050802573348,True,ok
6.759239784768042,LIDAR,0.012524936569815903,,0.15144236198702404,True,ok
6.766106352822937,LIDAR,-0.008675828498431848,,0.07315809128448202,True,ok
6.767019590245542,BARO,0.2906720119153676,,0.6890741147923093,True,ok
6.770111374063236,FLOW,-0.04089775607203516,0.023196466414913883,0.9236114848564682,True,ok
6.775403135762625,LIDAR,0.030758555322844217,,0.9211112844085856,True,ok
6.789274632798148,LIDAR,-0.028880559611790257,,0.8073104443176418,True,ok
6.801293425422573,LIDAR,0.009968585754011272,,0.09600708885642455,True,ok
6.806273553321711,FLOW,0.011124262451064015,0.05718649966644872,1.3182075221084655,True,ok
6.80914619952386,BARO,-0.2265012391331851,,0.41835513649242634,True,ok
6.814433569413109,LIDAR,0.034822903864084154,,1.167947919674222,True,ok
6.821718220328812,LIDAR,-0.010881563112047132,,0.11480424516641902,True,ok
6.825048679762495,FLOW,-0.004818664956377061,0.013303381758339769,0.07970688723322956,True,ok
6.827708580496329,LIDAR,0.013713672595058402,,0.18366184483962752,True,ok
6.830204842089985,FLOW,0.060871369238746365,0.011462392193435166,1.6285984498165256,True,ok
6.831446371215746,BARO,0.31858424240400396,,0.8277634092136272,True,ok
6.84047437694504,LIDAR,-0.043314502786285125,,1.8238277909848297,True,ok
6.840515989283,CAMERA,0.06320977886436574,-0.10762298260328129,0.9437610951912181,True,ok
6.8509915334758595,LIDAR,0.006551213921547117,,0.041707790136405964,True,ok
6.860386387868111,FLOW,-0.051084866964172804,-0.049511770751565466,2.027460738599914,True,ok
6.8635672554485,LIDAR,0.038759451651448895,,1.4548453451247074,True,ok
6.865281039725774,LIDAR,-0.024937911115214817,,0.6107643044400236,True,ok
6.8788912166859495,BARO,-0.0008222395167156726,,5.513358336958483e-06,True,ok
6.880090042816917,LIDAR,0.017893280892415042,,0.311695614198802,True,ok
6.887560926587207,FLOW,-0.01668882363182267,-0.022556030199433922,0.30881783228454546,True,ok
6.892017905015638,LIDAR,-0.015615872577594558,,0.23673266906240925,True,ok
6.899586874563418,LIDAR,-0.023527821617711275,,0.5398185762540963,True,ok
6.900180986246017,BARO,0.24486941536829843,,0.48903465250651074,True,ok
6.90268080945082,FLOW,-0.006155314719365923,0.03018220317908672,0.38406835100873976,True,ok
6.910826868275663,LIDAR,-0.012468953198334631,,0.15131724830486365,True,ok
6.921910501750569,LIDAR,-0.03716732254860933,,1.3425161443491267,True,ok
6.925023018787773,CAMERA,0.05021595023436132,0.0637024788734559,0.406027037530585,True,ok
6.9255543895557805,FLOW,0.001039686785032301,0.07302869421125525,2.1338238279259616,True,ok
6.932173571868991,LIDAR,0.013987239886815939,,0.19015511916291683,True,ok
6.938934509799517,FLOW,0.01259301757609188,0.01686561841098476,0.18258981089863863,True,ok
6.944007687718688,LIDAR,0.04200363004479968,,1.7107689028110136,True,ok
6.946441866838883,LIDAR,0.048117015436428545,,2.2735582765896623,True,ok
6.957014632450862,FLOW,0.0360267495052875,-0.034839301562725446,1.0359505992907136,True,ok
6.960094921194784,LIDAR,0.0097094718032813,,0.09192281417603597,True,ok
6.968084143054502,LIDAR,-0.03732724582410496,,1.3626149311964366,True,ok
6.968123811312921,BARO,0.9108530578901055,,6.766719055071512,True,ok
6.975222113983548,LIDAR,0.004221011321114965,,0.017490281621085055,True,ok
6.987298898149335,FLOW,0.04383156966657498,0.03208602280787458,1.1621215322087055,True,ok
6.990079098062669,LIDAR,-0.02179063747714638,,0.46199077098791436,True,ok
6.993507729825732,FLOW,-0.03332232226505594,0.02329969469420589,0.693066188152587,True,ok
6.995167457525426,LIDAR,0.048772750385937425,,2.3327009993628485,True,ok
7.008575781661006,BARO,-0.5119080715280124,,2.1369778633260506,True,ok
7.012330337251266,LIDAR,0.010286495993388378,,0.10250271722091864,True,ok
7.01311007819915,CAMERA,0.031220867898007043,-0.013990620316474668,0.07372125830913483,True,ok
7.017708163296193,LIDAR,-0.010256329869421155,,0.1027548714950425,True,ok
7.022470649825284,FLOW,0.0020551908477527414,-0.06519779976112239,1.6999735904751938,True,ok
7.027409772439345,LIDAR,0.025004258140743474,,0.6107075404040905,True,ok
7.044287705375028,LIDAR,0.0026055615761175765,,0.006557433219997649,True,ok
7.045510784401157,FLOW,-0.013200080740906728,0.030818249560819275,0.44661695405360885,True,ok
7.0483239593038975,BARO,-0.22451207407777796,,0.4110589796140089,True,ok
7.048642959571482,LIDAR,0.02013247968546228,,0.39569414481850756,True,ok
7.0614411699472965,LIDAR,0.003368399570385705,,0.011024634091137483,True,ok
7.067390100839493,FLOW,-0.016313927082487023,0.020725834280238754,0.27675398441266785,True,ok
7.072642177494224,FLOW,-0.005638516395766402,-0.013504278833078021,0.09060690305711534,True,ok
7.073787970739276,LIDAR,-0.03869162720970687,,1.4500961227447562,True,ok
7.079168198701957,BARO,0.0823942862593583,,0.0553629808740061,True,ok
7.0830540076008175,LIDAR,-0.022690291562084575,,0.49992679396986206,True,ok
7.085920274470069,LIDAR,-0.018619256056060962,,0.34058284896445556,True,ok
7.096433470258109,FLOW,-0.01588618841991518,0.02556909442569904,0.3701503856830971,True,ok
7.096593441131523,LIDAR,0.09537242099713472,,8.913033021325681,True,ok
7.108510610011037,LIDAR,-0.021686805369098394,,0.459009024980215,True,ok
7.116270488755132,CAMERA,-0.0827014179964487,0.08239725426583523,0.8409768721473364,True,ok
7.12062060897848,BARO,-0.7934271065666998,,5.133614895527077,True,ok
7.124657602508328,LIDAR,-0.025735029367726092,,0.6400779402563752,True,ok
7.125231248830918,LIDAR,-0.06265881612845803,,3.8564903210920813,True,ok
7.126622393103908,FLOW,0.004564847060148147,0.00878341224849703,0.03831036563545186,True,ok
7.14208385487293,LIDAR,-0.012605598050695832,,0.15420352234910464,True,ok
7.144501141506764,FLOW,0.05091828018064426,-0.015523417915366126,1.1327161963520098,True,ok
7.147813838309312,LIDAR,-0.07228968198995034,,5.109066570938115,True,ok
7.159812132275401,FLOW,-0.0033405479341915845,0.029965498210547926,0.370473395021844,True,ok
7.1640078870558295,LIDAR,0.025630920502559995,,0.6356979084511658,True,ok
7.168120273587025,BARO,0.10054485351819853,,0.08244212190761753,True,ok
7.16870502487906,LIDAR,-0.08946866282300814,,7.821609085878532,True,ok
7.179568261705991,FLOW,0.012943157254327486,-0.018826627602764143,0.21160345273855813,True,ok
7.180806495540142,BARO,0.3207282766828272,,0.8388559321903151,True,ok
7.181690146424639,LIDAR,-0.02739705390246261,,0.7297518382563782,True,ok
7.1914724437686175,LIDAR,-0.021314981682073242,,0.4420536448722707,True,ok
7.197430462395827,FLOW,0.03151885144175903,-0.004885772167716469,0.4143827112158617,True,ok
7.204219174907296,LIDAR,0.02965975654221653,,0.8525213486965186,True,ok
7.2103282975442236,LIDAR,0.05855823063016574,,3.346897096167134,True,ok
7.212253169384899,FLOW,-0.03270190094109571,-0.040557955615025384,1.1230454248432709,True,ok
7.220336300637887,LIDAR,0.010737871918169883,,0.11250181543469526,True,ok
7.223258686616748,BARO,-0.40296884618337403,,1.324349029881867,True,ok
7.22955398835331,LIDAR,0.028408862937383983,,0.788297772091507,True,ok
7.235735948705503,LIDAR,0.0010169671255488844,,0.0010156401054439712,True,ok
7.239161280467859,FLOW,-0.1261832061314755,-0.03579249164572036,6.867600331697202,True,ok
7.244093077752178,CAMERA,-0.046297602903887736,0.00535307584734987,0.13794602704088874,True,ok
7.252180830507655,LIDAR,0.04658576562008321,,2.107009242850878,True,ok
7.256872956686185,CAMERA,0.11918284006527946,0.14227690118899117,2.1519889535154277,True,ok
7.258956389084952,LIDAR,-0.023526183097782205,,0.5404366500142581,True,ok
7.26748008185721,FLOW,0.011197149358433967,-0.051441659235001616,1.0764543982155126,True,ok
7.2715980152354085,LIDAR,0.05628821382257154,,3.079803646753726,True,ok
7.275720443576366,FLOW,0.04605961697544336,-0.02890675785716762,1.22089150168509,True,ok
7.277670828494858,LIDAR,-0.02043192993300602,,0.4084602203066937,True,ok
7.28311187065453,BARO,0.02004864013415819,,0.0032781104650595164,True,ok
7.287445201797541,LIDAR,0.03556893569393749,,1.2374487331957187,True,ok
7.295572558267081,LIDAR,-0.03760002621278513,,1.3857774987135414,True,ok
7.300778577685103,FLOW,-0.01568512301173819,0.0480965754514577,1.025832788572244,True,ok
7.312654267468658,LIDAR,-0.0015374260473541845,,0.002288965397968601,True,ok
7.313757019747965,FLOW,0.07413243755315069,0.0652002688102252,4.018523632944035,True,ok
7.317697480452802,BARO,-0.02170429617946823,,0.003841650331184087,True,ok
7.322182209785747,LIDAR,-0.007077015501728567,,0.04860253184702153,True,ok
7.328184785177231,LIDAR,0.025009704983765424,,0.6112491253789843,True,ok
7.33660844168809,LIDAR,-0.0019166928061671307,,0.0035968074845430225,True,ok
7.345815870377649,FLOW,-0.015277748790560208,0.007482483078172661,0.11302820959538798,True,ok
7.3495786775444305,LIDAR,-2.242669415826507,,4897.2712245573875,False,invalid
7.354616029517523,FLOW,0.08515638407981119,0.02150464995454274,3.1830943883357876,True,ok
7.355765562349658,BARO,0.10497652135942737,,0.0898592488575813,True,ok
7.35591124429737,LIDAR,0.04237704776805584,,1.7315718444367696,True,ok
7.368292694969359,LIDAR,0.005308017538882215,,0.027122837436354973,True,ok
7.38036226083573,LIDAR,0.0196793743463064,,0.3725211127835221,True,ok
7.3830011931003625,FLOW,-0.02400139676752555,0.024894495921645474,0.4735337165017541,True,ok
7.394139872363145,LIDAR,-0.012628179503355597,,0.1528849412598016,True,ok
7.401415428302157,LIDAR,0.04055812640876022,,1.5892016089776522,True,ok
7.406895332620882,BARO,-0.11965945795750077,,0.11676465506432841,True,ok
7.4068987112701485,FLOW,0.06656461172014494,-0.03330926829254842,2.180150688124189,True,ok
7.409501443888449,LIDAR,-0.009961394838481574,,0.09633454973824776,True,ok
7.419845176608408,LIDAR,-0.02876739574923315,,0.803610001210776,True,ok
7.421375124792523,BARO,-0.11989652241950255,,0.11723756284393747,True,ok
7.421517958395548,FLOW,-0.018381471351378353,-0.02605738590326881,0.41162168871065385,True,ok
7.428872177296409,LIDAR,-0.040522318777086674,,1.598268150208931,True,ok
7.435289041508545,LIDAR,-0.03302722944762637,,1.0678537589023276,True,ok
7.437425464592954,FLOW,-0.0365686760836722,-0.029032767219759913,0.8921824455664156,True,ok
7.44541370995865,CAMERA,0.1577382501040141,0.1546563462006493,3.0319593753109877,True,ok
7.4518863584083,LIDAR,0.004515880445944198,,0.019744199627306357,True,ok
7.455601104643304,LIDAR,0.036521028268174494,,1.3056637298497673,True,ok
7.4674929895004505,FLOW,0.045579183004560875,0.030077765241431968,1.1676283813009007,True,ok
7.471620094371259,LIDAR,-0.07390500956308221,,5.292660194181983,True,ok
7.475908462621326,LIDAR,-0.024821155258964556,,0.6029728486069355,True,ok
7.480235083620404,BARO,0.07336108178125089,,0.04389268202286607,True,ok
7.485560727653916,FLOW,-0.0689776487346434,-0.018958853396783167,2.037682280179944,True,ok
7.487355718654843,LIDAR,0.025438225567063988,,0.631469094313054,True,ok
7.493415616411923,CAMERA,0.24680550635417697,0.013094239501192928,3.901591124768626,True,ok
7.493472871784961,FLOW,-0.026009312856252964,-0.006056682902213782,0.29816533873130135,True,ok
7.503892745624759,LIDAR,-0.037211049585558875,,1.337159329984133,True,ok
7.509206492905243,LIDAR,0.020584971764842752,,0.41295681538628454,True,ok
7.5148685977588725,FLOW,0.03804248493230522,0.006393390021763537,0.6082104206004655,True,ok
7.515071258727605,BARO,-0.26083160254253235,,0.5548306673005852,True,ok
7.5192772209668055,LIDAR,-0.08250114973982825,,6.633243246103587,True,ok
7.5272011588867,LIDAR,0.0427085390693791,,1.7832938050359655,True,ok
7.5404358756436425,LIDAR,0.06174642139302877,,3.7065925417323613,True,ok
7.540713979807844,FLOW,0.0014158660080194618,-0.007732403324221255,0.02450871300132429,True,ok
7.5463316465175865,BARO,0.7982857294746246,,5.196963067645374,True,ok
7.547752907998402,LIDAR,0.0006969406824888225,,0.0004744595701627411,True,ok
7.560720215577974,FLOW,0.013360163213908538,0.005868414973399713,0.08493648167224763,True,ok
7.562604955526601,LIDAR,-0.014096679751571806,,0.1925626832468682,True,ok
7.570275497843946,LIDAR,-0.025786646320444806,,0.6474219451165962,True,ok
7.570932529820553,FLOW,-0.02439824222069864,-0.008923472894619441,0.2796170715499673,True,ok
7.577560720470832,LIDAR,0.026357328283558523,,0.6793529654967613,True,ok
7.582337350303896,BARO,0.257312999792223,,0.5399819987262677,True,ok
7.584378338994053,CAMERA,0.004677741827999515,0.0195629035075241,0.024630149707194057,True,ok
7.593734247591095,LIDAR,0.06587771033472611,,4.201112216834105,True,ok
7.604166775241295,LIDAR,0.052788987182160074,,2.6993460499866497,True,ok
7.607086586093325,FLOW,-0.009051350927023583,-0.11577922290475143,5.204193604898405,True,ok
7.611274780612511,LIDAR,0.00794202459590565,,0.06144806199845003,True,ok
7.623894787879933,LIDAR,-0.026521971429052105,,0.6825269067696897,True,ok
7.627034020524847,LIDAR,-0.002444370718013733,,0.005864161176846307,True,ok
7.627320395384675,FLOW,-0.04654062385821711,0.07815555294998261,3.24437271130798,True,ok
7.636816009452767,FLOW,0.00017370347481082682,0.02514353779639073,0.2601273274907257,True,ok
7.638339912702484,LIDAR,-0.06708394266906081,,4.402083574349933,True,ok
7.638467109935946,BARO,-0.5007769451897168,,2.0453627274083055,True,ok
7.6513880267384575,LIDAR,0.014947122151523828,,0.21737998422229865,True,ok
7.656100482634503,LIDAR,0.03182368011566661,,0.9937335702991533,True,ok
7.6616882117402065,FLOW,0.04724374403419218,-0.0019638875872377516,0.8938745155189735,True,ok
7.666645950326214,LIDAR,-0.04257794958732353,,1.7750423467840268,True,ok
7.6711943856975005,BARO,0.04645115306964831,,0.017597608781258163,True,ok
7.6783823224246355,LIDAR,0.0059936706983600985,,0.03505204865527383,True,ok
7.685479222958694,FLOW,0.022346928595532334,-0.0007998459191673329,0.19723198969919056,True,ok
7.692152382291987,LIDAR,0.0033327980659367817,,0.010771886250506383,True,ok
7.696496124853739,LIDAR,-0.03052682029366105,,0.9125346775935962,True,ok
7.701966934504232,FLOW,-0.07318726128301623,-0.000901280666174265,2.1539701600350014,True,ok
7.702202842858253,CAMERA,0.21172841233639872,0.020883772272194956,2.8884847046935067,True,ok
7.7069783196816175,LIDAR,0.011435607040152007,,0.1278434847465298,True,ok
7.711929785126317,BARO,-0.10096750348569694,,0.08314137769094947,True,ok
7.720555045555173,FLOW,-0.0018216169636788848,0.07276872959610436,2.1353573198285742,True,ok
7.7240215353887285,LIDAR,-0.07109145470457134,,4.8844193015140425,True,ok
7.732127410136765,LIDAR,0.014590199528401904,,0.20668423856531418,True,ok
7.741615892713527,LIDAR,0.004901983861511194,,0.02336626811093194,True,ok
7.743770827866733,BARO,0.2536767297137823,,0.5248260033823328,True,ok
7.749157026230332,FLOW,0.01571047656378277,0.05231286673509881,1.1596829556766999,True,ok
7.749599172955137,LIDAR,-0.03051155829065655,,0.9085772175866842,True,ok
7.754647426555667,CAMERA,0.05303754053437659,-0.031527911799440866,0.23919678659166138,True,ok
7.756743122974717,LIDAR,-0.007934233894038023,,0.06169127711527466,True,ok
7.761806084959791,FLOW,-0.06785319231077547,-0.022921810443736534,2.0738480222142295,True,ok
7.767431725099386,LIDAR,-0.027219611553027434,,0.7245285047444076,True,ok
7.77491699780574,FLOW,-0.0027228486924127937,-0.011983037416811117,0.06224090830079768,True,ok
7.775593426747121,LIDAR,0.00327546328748074,,0.010514065492028884,True,ok
7.7914098098210625,LIDAR,0.013884643971946442,,0.1870324989658663,True,ok
7.799670652018647,FLOW,-0.02632049508592671,-0.019516539962550986,0.4294705599671196,True,ok
7.8004223046793255,LIDAR,0.0037035767869397773,,0.013339449276598166,True,ok
7.803496266923183,BARO,0.1287449051623626,,0.13517908013517968,True,ok
7.811817383372578,LIDAR,-0.011779062649295291,,0.1347088295758616,True,ok
7.815143021840656,LIDAR,-0.008288747351465897,,0.06744253576901196,True,ok
7.824081312982735,FLOW,0.03120212692158897,0.03703015072907095,0.9219164296083009,True,ok
7.834508483883061,LIDAR,0.002135313212602963,,0.004405242412367469,True,ok
7.838171976872624,LIDAR,0.026990792366413885,,0.712034680660078,True,ok
7.846695826537198,FLOW,-0.02992373338788712,-0.031515715931023446,0.7412391143800339,True,ok
7.849897256815194,BARO,-0.08503982432188906,,0.05897400153359299,True,ok
7.850033162416334,LIDAR,0.027602664473661775,,0.7422210687028306,True,ok
7.857664593994239,FLOW,0.06948145735928102,-0.07167044418554387,4.07609119894776,True,ok
7.860124638322817,LIDAR,-0.006169730486854874,,0.037079414537096796,True,ok
7.8703304012426525,LIDAR,0.053199693743494425,,2.7562417271878177,True,ok
7.875005892609916,LIDAR,0.012859026946242302,,0.16237644118617844,True,ok
7.87595506362934,FLOW,-0.03797219887343928,0.005635045343173439,0.6013275292780351,True,ok
7.877276057850565,BARO,0.0315243973147048,,0.008105407261928314,True,ok
7.887976470131478,LIDAR,0.008509708692168605,,0.07069216139414926,True,ok
7.901732095315733,LIDAR,0.005712414651724451,,0.031659427168034514,True,ok
7.9027911884369,FLOW,-0.015030337933204185,0.0457730951558527,0.9151561486332491,True,ok
7.909070925891371,BARO,0.23842458479064144,,0.46357610812634686,True,ok
7.9095868317694284,LIDAR,0.026415841585067934,,0.6799444348937809,True,ok
7.910234928209292,CAMERA,0.0621124980121186,0.033183461039404616,0.3137003343313888,True,ok
7.9157946501904535,FLOW,0.039966373490233686,0.0034045843200520357,0.6553504568980201,True,ok
7.922860541353397,LIDAR,0.017430533291771688,,0.29455373862815504,True,ok
7.927129398180283,LIDAR,-0.027626746695589066,,0.7473009216761909,True,ok
7.934582580228738,FLOW,0.0012939094983658306,-0.03457961347417388,0.4853241907527132,True,ok
7.9371428075005985,LIDAR,-0.009215518184369387,,0.08307627276519294,True,ok
7.954504941773127,LIDAR,-0.011873009196350814,,0.1362298719900222,True,ok
7.957937336562966,LIDAR,0.04808584343714539,,2.261206943789246,True,ok
7.961823996126453,BARO,0.24259992860373947,,0.48000094477635336,True,ok
7.964515554317003,FLOW,-0.014969864691215085,0.020796624997678703,0.25514697632603067,True,ok
7.965228236953476,LIDAR,0.007717690533253663,,0.05845732131930424,True,ok
7.980189243066497,LIDAR,0.018194669900234217,,0.3219967629061414,True,ok
7.984576312159752,FLOW,0.04717831398877059,-0.00026624011915458816,0.8761370739179397,True,ok
7.9907864371167,LIDAR,0.012592635280727293,,0.15415435138977734,True,ok
7.990981868773944,FLOW,-0.022103989975522875,-0.031091298683467248,0.6055261556840209,True,ok
7.999552076201181,BARO,-0.3831149220443255,,1.1969467522516295,True,ok
8.002677709695801,LIDAR,-0.04095833394529347,,1.627027307505018,True,ok
8.00583848416569,CAMERA,0.023858905816851017,-0.03708904338673208,0.11834106143725742,True,ok
8.011835070919513,FLOW,0.04916555831393399,-0.03401975518256654,1.4560533372714266,True,ok
8.013052135174267,LIDAR,-0.005604531838054871,,0.030475461535106173,True,ok
8.024729863010686,LIDAR,-0.02459219464584539,,0.5857515655166989,True,ok
8.026710183176311,LIDAR,0.008530285699310802,,0.07144154702935271,True,ok
8.027162328644913,BARO,-0.7489025454289551,,4.574471932931619,True,ok
8.038340106841712,FLOW,-0.009684595991666933,0.006025416357464701,0.05124994228123928,True,ok
8.038450807749916,LIDAR,-0.01968822415305649,,0.37906570673448,True,ok
8.046513434641184,LIDAR,0.019460550689076594,,0.3712055172080984,True,ok
8.063619623287627,LIDAR,-0.03188883339814286,,0.9847488445060074,True,ok
8.065149985531027,FLOW,-0.06411431073416185,-0.06883794263212095,3.4140324876569794,True,ok
8.06923604499662,LIDAR,0.005477370205078991,,0.029288248242781582,True,ok
8.073216956573667,BARO,-0.006919858957002312,,0.00039052582366508624,True,ok
8.081043986408897,LIDAR,0.0022451427634364585,,0.004905995170598203,True,ok
8.081716134964898,FLOW,-0.1011379866204366,0.09470195134533294,7.6044443345507835,True,ok
8.092661997779484,LIDAR,-0.025754338037185853,,0.6441095465820871,True,ok
8.09726755533531,LIDAR,0.02102069069184198,,0.43298203762758974,True,ok
8.104240250541501,FLOW,0.16033753640982462,0.007260372753881137,10.138817921903556,False,gate
8.112747372895338,LIDAR,-0.04468751631472845,,1.9382963177705514,True,ok
8.115152589550434,CAMERA,-0.003895874427357171,-0.12937190088840156,1.0079125011032453,True,ok
8.122678966080258,BARO,0.46380450778398696,,1.754185610722349,True,ok
8.124227890082977,LIDAR,-0.01751031846620643,,0.29719338458856903,True,ok
8.125355277685154,FLOW,0.046260573387276516,-0.03804616151160682,1.3057668475143216,True,ok
8.127786872689486,LIDAR,-0.0158575085198005,,0.2464376547574008,True,ok
8.138108329054951,FLOW,-0.04406295425926898,-0.026372045259347304,1.0278735967760135,True,ok
8.142705490906517,LIDAR,0.031616158600354716,,0.9711762290024181,True,ok
8.147314764771506,LIDAR,0.01434732925029758,,0.20178540239558157,True,ok
8.15070441090419,FLOW,0.0087704914909299,0.049342583268376455,1.0151070506083526,True,ok
8.159117071157404,LIDAR,0.010640483672113454,,0.11055699331561226,True,ok
8.160057253402808,BARO,0.007090100366231589,,0.0004099937212385592,True,ok
8.17086598297328,LIDAR,0.002948942436565183,,0.008466442782894292,True,ok
8.180531528093478,LIDAR,-0.0769591645541765,,5.7703131472563,True,ok
8.182817066233577,FLOW,0.02016894594720131,0.014221225742257952,0.23379381563554172,True,ok
8.19000400684972,FLOW,0.05295297964667012,0.001516350088794965,1.1474544155328816,True,ok
8.191843426266548,LIDAR,0.04063951611533678,,1.605899037247167,True,ok
8.202378073467749,LIDAR,-0.020508000975999252,,0.4087914389914233,True,ok
8.20617464854712,BARO,0.02789636930857675,,0.00634657248665366,True,ok
8.20864364409428,LIDAR,0.013180681491204105,,0.16994579685797617,True,ok
8.211978324714527,FLOW,0.06446333784404445,0.01614086710569444,1.7730165385874974,True,ok
8.222851603997675,CAMERA,0.022294389214680077,-0.08898457698516846,0.506028510767012,True,ok
8.223766478181304,LIDAR,-0.013665308512315288,,0.18109997894789365,True,ok
8.226861584648914,BARO,0.3659044020746727,,1.0918843584994773,True,ok
8.230046446954931,LIDAR,-0.03878591200079784,,1.4689334137014427,True,ok
8.234224342999564,FLOW,0.06494172815375643,0.00184399947121627,1.6728856071404945,True,ok
8.244224519448395,LIDAR,0.005761059126369261,,0.032187306196626256,True,ok
8.254177902753524,LIDAR,0.04749899449292405,,2.1903059120187325,True,ok
8.258025927805907,LIDAR,-0.015962438935639867,,0.2499087623546819,True,ok
8.261329889212458,FLOW,-0.0145600464761928,0.0212812904889247,0.25700802508396003,True,ok
8.270272447578408,LIDAR,0.008269657334845526,,0.06676336309788235,True,ok
8.277753032149834,FLOW,-0.05473207148478754,0.03986990157307248,1.8189966458198157,True,ok
8.279666091282623,LIDAR,-0.0802707681157604,,6.294189503616285,True,ok
8.281506173288877,BARO,-0.5870710831649282,,2.8109300462462765,True,ok
8.292089776941097,LIDAR,0.014536892849653427,,0.20558531778381764,True,ok
8.294924821228577,CAMERA,0.08647874815683032,0.05292307046788686,0.6502221770522576,True,ok
8.304873318299842,LIDAR,0.03975498674902056,,1.5314455018287094,True,ok
8.30633529865568,FLOW,-0.0242899584071834,-0.014040288043507532,0.3028379490648154,True,ok
8.308486917072594,LIDAR,-0.024670765096713954,,0.5962972219109058,True,ok
8.310115739369401,FLOW,0.03707017463486306,-0.03739222666594809,1.1473636188715672,True,ok
8.318551214611347,BARO,0.7106918154761259,,4.119028865589882,True,ok
8.324307644426327,LIDAR,0.0755742725421964,,5.540603583226397,True,ok
8.331817990845904,LIDAR,-0.007024385055271587,,0.04809506740692416,True,ok
8.335905095189664,FLOW,-0.048601786036903794,-0.03087273958949264,1.3223703799029594,True,ok
8.342704125347458,LIDAR,0.0332063222854746,,1.0732960851590025,True,ok
8.345637959606975,LIDAR,-0.008516439977534596,,0.07138381877894706,True,ok
8.357265161871023,LIDAR,0.04024518172755265,,1.5872180456248324,True,ok
8.365031159590593,FLOW,0.028208588165774096,0.019304399576977906,0.4506354421271312,True,ok
8.367277807937857,BARO,-0.21420345678836084,,0.37418482886222,True,ok
8.37201358957463,FLOW,0.05964067091729286,-0.04705681831658059,2.364437365658537,True,ok
8.372604127162127,LIDAR,0.06826050481004042,,4.524406278314051,True,ok
8.377826848995044,LIDAR,-0.028474380364416962,,0.7936803432456848,True,ok
8.387226578902716,CAMERA,-0.07979639909845915,-0.11241280983066645,1.1789447029589497,True,ok
8.392663859800928,LIDAR,-0.039277436802059196,,1.497639723530659,True,ok
8.400450631877327,LIDAR,-0.011900955317834416,,0.13807281419577058,True,ok
8.401558625914111,FLOW,0.029784406708217248,0.031003653397815065,0.7213833800249326,True,ok
8.40703463581841,LIDAR,-0.010240128659897874,,0.1027566787139407,True,ok
8.408048468969493,BARO,-0.08373218343586597,,0.05718298871082198,True,ok
8.423246346828964,LIDAR,-0.05296833259798728,,2.7205001537389553,True,ok
8.424795608247548,FLOW,-0.03139419572477342,0.006247141364564381,0.3980054579601914,True,ok
8.432397252972722,LIDAR,0.009859594545474692,,0.09448098450474905,True,ok
8.434882843450263,BARO,0.1340701928606558,,0.14659371104378743,True,ok
8.441408702743416,LIDAR,0.03481823689085717,,1.1808344502691401,True,ok
8.444064929086476,FLOW,0.031406835208428685,0.038632215252951886,0.9746043065428616,True,ok
8.448843654712832,LIDAR,-0.02461495109917644,,0.5925680936717447,True,ok
8.451715903498593,FLOW,0.06950949490863367,0.014007517052936728,2.075972240499309,True,ok
8.462586542498777,LIDAR,-0.016582892867254007,,0.26721398852339034,True,ok
8.467708694463477,BARO,0.25843739652546427,,0.5446864014710739,True,ok
8.470259943808815,LIDAR,0.01927121712292479,,0.3624297293851123,True,ok
8.47521169881868,LIDAR,0.015902865388581322,,0.24865529476741643,True,ok
8.485972543826461,FLOW,-0.06727375156991533,-0.014922592341249426,1.8318506073115726,True,ok
8.486944833861175,LIDAR,-0.07193425745793158,,5.06582707350513,True,ok
8.496507294372384,CAMERA,-0.10559101848271757,-0.08875211587539364,1.1947240691491796,True,ok
8.498608944358839,FLOW,0.011728628896105264,0.01067181716499403,0.10066940920833588,True,ok
8.501518465326118,LIDAR,0.00892308067986125,,0.07733280910971507,True,ok
8.509055233846391,LIDAR,-0.056412231258586853,,3.104761272139549,True,ok
8.510338390254338,BARO,-0.3602232858423444,,1.0583070581045504,True,ok
8.51200550245814,FLOW,0.03411478750827657,-0.002994850762875676,0.4785632816586226,True,ok
8.524679487551866,LIDAR,-0.01602884922006753,,0.24845225091080306,True,ok
8.525429248909804,LIDAR,-0.02146366436451741,,0.4526025490720131,True,ok
8.539527181948655,LIDAR,0.011752570572181043,,0.13464452596840645,True,ok
8.542357413256534,FLOW,-0.05635649053656511,0.019601587786662822,1.3807917162270211,True,ok
8.542759056210302,BARO,0.2874727104583763,,0.6739823154468839,True,ok
8.546613952182415,LIDAR,-0.05141650050499891,,2.5888146405229557,True,ok
8.556132232750087,LIDAR,0.05808340921527977,,3.303122113115476,True,ok
8.563809099145358,FLOW,0.1134390197271008,-0.04375619708604477,5.756041258516617,True,ok
8.571079370299737,FLOW,-0.04040985884433246,0.008748527730267628,0.702585155746532,True,ok
8.572771024079795,LIDAR,0.0356157012225351,,1.228155261234117,True,ok
8.584291566023689,LIDAR,0.014599785398117238,,0.20615757785933914,True,ok
8.587862261448015,LIDAR,0.04407367940308937,,1.9004299732992789,True,ok
8.598632024655561,LIDAR,0.005895192297399543,,0.03393587375958402,True,ok
8.602255519275385,BARO,-0.1286520002711824,,0.13498672624327593,True,ok
8.606865537011073,CAMERA,-0.1137700900857026,0.03866818920983192,0.9108409958225583,True,ok
8.60780626339437,FLOW,-0.13992061386227472,-0.05428783567634693,8.596473521484468,True,ok
8.614770147802966,LIDAR,-0.003348714679748177,,0.010843390434211545,True,ok
8.616190333442878,FLOW,0.04844389684489325,0.03770980033156682,1.5242506315871287,True,ok
8.624317937058,LIDAR,-0.010803201466026646,,0.11311204393866701,True,ok
8.628824218811138,LIDAR,0.006102999310365398,,0.036446900673134636,True,ok
8.632579552657315,BARO,-0.1106622021200967,,0.09987616918294501,True,ok
8.63769890982319,LIDAR,-0.02257040903223828,,0.4990192518227927,True,ok
8.647234328031947,FLOW,-0.07338373653602892,-0.007515443921741786,2.095725710598551,True,ok
8.654071310868694,LIDAR,0.0015385205680189529,,0.0022937590993972598,True,ok
8.656967196272422,FLOW,0.024805793181377878,0.08799288692495633,3.3760832903774127,True,ok
8.657655540282072,LIDAR,0.05195102835612042,,2.6443865040180796,True,ok
8.667274213298278,LIDAR,-0.004202915572383503,,0.017300360168121132,True,ok
8.668808029166316,BARO,0.08779883926109644,,0.0628717002400165,True,ok
8.676308820233334,LIDAR,-0.003770042320314193,,0.01392921351673885,True,ok
8.682015698780605,FLOW,0.0012196895896329218,-0.07968527000451442,2.4975250725979086,True,ok
8.68661793077427,LIDAR,0.0538123546177256,,2.8335771896093465,True,ok
8.700654937013185,LIDAR,0.007529291333680188,,0.055085483974969304,True,ok
8.700910947301765,CAMERA,0.011378586675079294,0.04942357664312361,0.15619526681591844,True,ok
8.709272023521802,FLOW,0.040803993013728945,-0.03199740150267256,1.034516810142933,True,ok
8.711214174362162,FLOW,-0.0035459347160057275,0.02860081729469685,0.3452615103400045,True,ok
8.714415614316989,LIDAR,-0.057559496620911865,,3.2023619931412894,True,ok
8.717404213988063,LIDAR,-0.01766667680228684,,0.30547833520862405,True,ok
8.722148589933479,BARO,0.009900759095033074,,0.0007994577718791537,True,ok
8.728904965625462,LIDAR,-0.030838452048003617,,0.9280078210330517,True,ok
8.742714968808158,FLOW,0.018191878694426955,-0.02307708110864241,0.33658940832946477,True,ok
8.74298152075164,LIDAR,0.027407016769829706,,0.7281881627803704,True,ok
8.745117936298303,LIDAR,-0.007773055334679757,,0.05934953207311194,True,ok
8.74670287079599,BARO,0.38854522876047026,,1.2313142378152224,True,ok
8.757319082449062,FLOW,0.07474203078976971,0.019358309883579925,2.385596290324286,True,ok
8.764893653829288,LIDAR,0.048915002188063994,,2.311806107274085,True,ok
8.773167296487566,LIDAR,0.013588327801017819,,0.1791962217944026,True,ok
8.776467773213225,LIDAR,-0.00791721398330747,,0.061515280349960254,True,ok
8.779627253481573,FLOW,0.02276633191973998,0.027180129014708565,0.49628490523758595,True,ok
8.792569253908713,LIDAR,-0.02238028576765183,,0.48632158774602063,True,ok
8.794054804991468,FLOW,-0.05821504674344713,-0.005578084032465814,1.3786661450892348,True,ok
8.804669268302542,LIDAR,0.042870740102366245,,1.780011363087786,True,ok
8.805372789802284,LIDAR,0.03107547794609733,,0.9499224241159181,True,ok
8.80711914098755,BARO,-0.059541079360989624,,0.02891494349038017,True,ok
8.815450958851716,CAMERA,-0.009123491442768916,-0.15542667256981912,1.4610051082290776,True,ok
8.822296216057337,LIDAR,-0.03884298381699258,,1.4660568709253154,True,ok
8.82271980728891,FLOW,0.010846576126977925,-0.07081432842023691,1.9864534958587998,True,ok
8.829239507830318,BARO,0.2893980901831972,,0.6829941417823269,True,ok
8.832453138190253,LIDAR,-0.027992993457603088,,0.7617876449965439,True,ok
8.83966933795272,LIDAR,-0.017108854454776168,,0.28593213216041763,True,ok
8.849093736296426,FLOW,0.04563300116884672,0.09617095740741828,4.319377703235495,True,ok
8.850610409325053,LIDAR,0.013701676901110904,,0.18304338965641206,True,ok
8.855758230228734,LIDAR,0.03801449804739354,,1.4193901802256779,True,ok
8.861582796954147,FLOW,0.020194786641373308,-0.020193006958842488,0.3247879380020375,True,ok
8.865345395102986,CAMERA,-0.22396826321527996,0.012653498675496089,3.213164820526378,True,ok
8.869111587118846,LIDAR,-0.017019258536761228,,0.2826314503558405,True,ok
8.87523777848733,BARO,-0.8207595991349204,,5.4938161978452635,True,ok
8.880422487377922,FLOW,0.026641005387046612,0.07853723498072293,2.7370366629459593,True,ok
8.883285195946167,LIDAR,0.039584725657319186,,1.5189322359773463,True,ok
8.889444582348279,LIDAR,0.012948959966725404,,0.16368306364351282,True,ok
8.899659016381278,LIDAR,0.008862865334068548,,0.07663152070388501,True,ok
8.905193004012812,LIDAR,0.01668376535405791,,0.2733612239930113,True,ok
8.907041777127024,FLOW,-0.05515107482650927,0.022204926247462106,1.370867390560376,True,ok
8.915102029323442,BARO,-0.3701012791564815,,1.1170726192683569,True,ok
8.919684215605344,FLOW,0.03958928822418695,-0.05173974191691035,1.7023416574939398,True,ok
8.92305483612744,LIDAR,-0.03162010572426377,,0.9687988885903737,True,ok
8.926205596441786,LIDAR,0.002237611804939199,,0.004908700856964724,True,ok
8.935099292606187,FLOW,-0.03698333537461962,0.02946713778840936,0.9051312266624749,True,ok
8.938658485415491,LIDAR,-0.015699727412816777,,0.2404706661484352,True,ok
8.946099624248596,LIDAR,0.02040098668696455,,0.40757023302981576,True,ok
8.94724033938873,BARO,0.051876581512345865,,0.021949372120368058,True,ok
8.958867474652202,CAMERA,-0.06409953975521887,-0.15693702055105346,1.766743050839708,True,ok
8.960872529221152,LIDAR,-0.011948976720632665,,0.13867957187842894,True,ok
8.966131912547556,LIDAR,0.015409144988701495,,0.23247409428273264,True,ok
8.966939734288642,FLOW,-0.008309920006284499,-0.05238357003140032,1.0780634689972124,True,ok
8.983434978072713,LIDAR,0.006815202033733314,,0.04492452485001887,True,ok
8.985107844871044,LIDAR,-0.0012064735684482741,,0.0014282480087092918,True,ok
8.985201644300572,FLOW,-0.011996701055959624,-0.06782496908858636,1.8520174812981636,True,ok
8.996048714556522,FLOW,-0.016119253503053654,-0.009407069093261802,0.14117827061776717,True,ok
8.99959292216105,LIDAR,-0.02623508204799485,,0.6698645782488118,True,ok
9.006175734089085,LIDAR,-0.013218012299255122,,0.17098630268360038,True,ok
9.007749406251905,BARO,-0.4097315428398902,,1.3692228210651234,True,ok
9.016137691196194,LIDAR,-0.06136715027078132,,3.683234948645022,True,ok
9.022714990262068,FLOW,0.02831182764831708,0.022043741219768404,0.5022791456344411,True,ok
9.033500108319295,LIDAR,0.021112216953500074,,0.430697657036789,True,ok
9.038036997472249,LIDAR,0.026435734520960263,,0.6822137490550239,True,ok
9.040406784340952,FLOW,-0.046310448268092275,0.03639806950476919,1.3714594630930699,True,ok
9.043634429622433,BARO,0.0743973691844868,,0.0451400020001318,True,ok
9.05014930570088,FLOW,-0.035671079304254616,-0.04086887194217788,1.2048625910801176,True,ok
9.054765755731765,LIDAR,-0.015061763502003167,,0.21911192082294945,True,ok
9.056653393734875,LIDAR,-0.05158541422852192,,2.60739576915524,True,ok
9.065787856363922,LIDAR,0.08409816755619692,,6.9321208785583925,True,ok
9.070109746062958,FLOW,0.016352196002577313,0.013318829018143807,0.17921918790860902,True,ok
9.0703564472273,BARO,-0.23818415839940998,,0.4626892045066879,True,ok
9.079202022279778,LIDAR,-0.004291157915856658,,0.01793687690861632,True,ok
9.08511670152053,CAMERA,0.2413381436891302,-0.1795697120476789,5.625747894449162,True,ok
9.091923697240407,LIDAR,-0.0032283835368551728,,0.010110826977453616,True,ok
9.09897177513747,LIDAR,-0.029108210572780457,,0.8264881253356001,True,ok
9.100690149504675,FLOW,0.06218506097450183,0.010690166139921135,1.5286118208476769,True,ok
9.10924256531974,BARO,0.32832506370017,,0.8790759661395237,True,ok
9.110687693264374,LIDAR,-0.030208213433254638,,0.8877584036815671,True,ok
9.119967043213281,LIDAR,0.028899279653806342,,0.8137000903529038,True,ok
9.129919005152471,FLOW,0.005119130636317082,-0.06608880518416603,1.6478352807530179,True,ok
9.133227217553195,LIDAR,-0.015020328473145383,,0.21872057882980542,True,ok
9.142829757654509,LIDAR,0.01720630416118807,,0.2875017194583095,True,ok
9.144427225443685,FLOW,-0.02873858611068769,-0.0031003856295505026,0.3268504946859785,True,ok
9.145357412746762,LIDAR,-0.0066368232144427,,0.04329921621535849,True,ok
9.15092507639976,CAMERA,-0.11682039954513801,0.0568206665352769,1.0633757507844708,True,ok
9.152617184745097,FLOW,0.07241375387747562,-0.08062804101476449,4.804429268453531,True,ok
9.159702408332512,BARO,0.18414673882549026,,0.2765327376354244,True,ok
9.164513257556235,LIDAR,-0.015281939083495288,,0.22601988422323718,True,ok
9.171218879016152,LIDAR,-0.013086164686407997,,0.16682099945701948,True,ok
9.174824166503871,FLOW,-0.04563805493674533,0.031124724308211994,1.2177595188792971,True,ok
9.1811768767278,LIDAR,-0.016967590156581114,,0.2805080826733533,True,ok
9.193661868515964,LIDAR,-0.0018204247577728871,,0.0032167309079627203,True,ok
9.200430810233009,BARO,0.2003196394094129,,0.32724325433323065,True,ok
9.203523125062873,LIDAR,-0.013746161897949527,,0.18362800692356454,True,ok
9.20523202903503,FLOW,0.01930265440143719,0.01846169945553469,0.2721866962279228,True,ok
9.207570164746366,LIDAR,0.04061743457668454,,1.6189260167773092,True,ok
9.219427660212231,LIDAR,-0.016234222476631643,,0.2575604268726303,True,ok
9.227951569021588,FLOW,0.06642859869881823,0.030865334863832288,2.0558812793384096,True,ok
9.230727592929856,FLOW,-0.0715841566670592,-0.03579513197447544,2.6419003453827994,True,ok
9.231296139210286,LIDAR,0.02126367785391814,,0.44037661687618845,True,ok
9.238083919297525,LIDAR,-0.022468889634273292,,0.49421717171465085,True,ok
9.24724104443584,BARO,0.23764407860605763,,0.46056292698367357,True,ok
9.253304597476728,FLOW,-0.039497683526180216,0.044728979829534006,1.4255660135969273,True,ok
9.254900751243262,LIDAR,-0.015836976213100762,,0.2427780261915281,True,ok
9.255760269538117,LIDAR,0.01658077484764009,,0.2702570512911921,True,ok
9.270237427889548,LIDAR,-0.06610918543861732,,4.260085495511874,True,ok
9.27359965122589,FLOW,-0.06945628595121034,0.06083937626152636,3.377749211999344,True,ok
9.280484692509258,BARO,-0.056888329422569495,,0.026391417873976922,True,ok
9.284931832082354,LIDAR,0.027776256035685343,,0.7466663357868217,True,ok
9.287634089673817,LIDAR,-0.007754401902127839,,0.05893605196753639,True,ok
9.29866212466421,LIDAR,0.0020076302970406523,,0.003940130325595435,True,ok
9.303558153323303,CAMERA,-0.01664894592503874,-0.014009426852215151,0.0296155808411659,True,ok
9.304294920761087,FLOW,-0.04338567449978614,0.10130494849029177,4.609444856477125,True,ok
9.309103564955707,LIDAR,0.0066227779496057515,,0.04282372452285663,True,ok
9.317889268416655,BARO,0.4442663670556084,,1.6095933242906133,True,ok
9.318905155800312,FLOW,0.06388559567783025,0.03664265811770402,2.1288818337836513,True,ok
9.320878739861024,LIDAR,-0.02523483072497834,,0.6199067890268439,True,ok
9.326816643811668,LIDAR,0.01112597799158399,,0.12128791298628319,True,ok
9.331098048217079,FLOW,-0.12040188504696814,-0.08355679943615632,8.669286670569214,True,ok
9.335414285171604,LIDAR,-0.011818365640658968,,0.13701007716690228,True,ok
9.345916800955546,LIDAR,-0.028841642643180787,,0.8143608559280235,True,ok
9.347058114962838,BARO,0.42027481485725593,,1.4406063673242462,True,ok
9.359932932888178,LIDAR,-0.009931340381173825,,0.09589122785299736,True,ok
9.369046809319618,FLOW,0.039574552874483304,0.0033411354500442227,0.5899401663088338,True,ok
9.37441557505322,LIDAR,0.03558693673169033,,1.2232746415323974,True,ok
9.383372596207764,LIDAR,0.015991892264664465,,0.2478793863909733,True,ok
9.388453445517174,FLOW,0.04491285560434555,0.02057661980459264,0.9357233440552578,True,ok
9.390433158312444,BARO,0.28948513472188164,,0.6833927884962169,True,ok
9.393563069288502,LIDAR,0.02466508596235739,,0.5902263272669835,True,ok
9.3981969392725,LIDAR,0.07610794697499657,,5.671599708132008,True,ok
9.403654167908524,FLOW,-0.04755511386595257,-0.059430755308083366,2.286129550297713,True,ok
9.40745952925403,LIDAR,-0.01822015161022561,,0.32513675299068495,True,ok
9.424147283224517,LIDAR,-0.04640699226343159,,2.0856597949558444,True,ok
9.426278245754082,FLOW,0.007683118577060166,-0.02824284024529023,0.3334944019832423,True,ok
9.432206027804723,LIDAR,0.021193830552770354,,0.43688212781138275,True,ok
9.43301024029156,BARO,-0.560245599172357,,2.559876328654879,True,ok
9.443464675870429,FLOW,0.08423516550807497,0.015033908624390423,2.8920652222899506,True,ok
9.44405352588037,LIDAR,0.037390086394603284,,1.3565845200301068,True,ok
9.446182214347575,CAMERA,0.18658689992011945,0.2262139536988707,5.298698296144339,True,ok
9.448166308781412,LIDAR,0.036060286167073574,,1.2744205045672237,True,ok
9.45291732754286,FLOW,-0.04220580827121834,-0.028777563469403727,1.0685613656461848,True,ok
9.455676459314668,LIDAR,-0.02287570224693969,,0.5142806140824944,True,ok
9.469954126113015,LIDAR,0.04390185678587155,,1.8788845659954294,True,ok
9.48065218931151,CAMERA,-0.11206337317177084,-0.11062928837211167,1.5507331801715358,True,ok
9.483577983374715,LIDAR,0.003353668335359661,,0.01090245918198399,True,ok
9.48366987549132,FLOW,0.025055987813133562,-0.060141137775885464,1.6424808752829696,True,ok
9.489423123274571,BARO,-0.5717235267836049,,2.6656127478607194,True,ok
9.492962603319437,FLOW,-0.006692846867564217,-0.017775821636465305,0.14584932396084885,True,ok
9.493632941219667,LIDAR,-0.020230089957090858,,0.39716752559419966,True,ok
9.502209764978003,LIDAR,0.027813698992787295,,0.7530633559847569,True,ok
9.507113125763466,BARO,-0.14061164641763524,,0.16124444594912052,True,ok
9.5129626826661,LIDAR,-0.06113098844562925,,3.634928778347147,True,ok
9.514635720090896,FLOW,-0.07061062205451607,0.0026904049931758545,1.9804464150184817,True,ok
9.516572949973186,LIDAR,0.010871012089194831,,0.11612965169728827,True,ok
9.53380163927819,LIDAR,-0.025933419098404187,,0.6525789303048248,True,ok
9.537698582344852,FLOW,0.0034960344808976362,0.04993134595121341,0.9758859501609725,True,ok
9.538560359240204,LIDAR,0.009038469688388506,,0.07998336889040104,True,ok
9.54659719459004,LIDAR,-0.043543991386650216,,1.8603757360537816,True,ok
9.554329665146021,FLOW,-0.02875573520894925,0.02069244382304858,0.49599123951690033,True,ok
9.559725610714281,CAMERA,0.008038480062041664,0.009102347173662706,0.009207318732209455,True,ok
9.560365124030572,LIDAR,0.000393118280142879,,0.00015056975378281647,True,ok
9.561545221227867,BARO,-0.43159683325659115,,1.5192224383698727,True,ok
9.574042257413044,LIDAR,0.012877264895862162,,0.1606734064839391,True,ok
9.580080025039727,LIDAR,-0.05379336280929703,,2.8244266879070286,True,ok
9.587179036832499,FLOW,0.03692147135228174,0.014752690126534771,0.5938788517547965,True,ok
9.587529563209182,LIDAR,0.0754220565259236,,5.572554428802214,True,ok
9.5981651184847,FLOW,0.05788928903136781,-0.034020024343134087,1.7841637954119876,True,ok
9.600327691518036,LIDAR,-0.02469850275698393,,0.594455095174085,True,ok
9.609816148773094,BARO,-0.5225888944292043,,2.2271024909475474,True,ok
9.614104716851392,LIDAR,-0.0762104547250031,,5.627806404903647,True,ok
9.619986470298588,LIDAR,-0.03844051746566235,,1.4426684622103474,True,ok
9.622316478972579,BARO,0.5971541105816258,,2.9082876424372808,True,ok
9.62251961373848,FLOW,0.038654288133069814,-0.033605985981144545,1.0145391038683886,True,ok
9.6267389591308,LIDAR,-0.04415912034419511,,1.9129233133159147,True,ok
9.640469884346585,LIDAR,0.01477043354280383,,0.2125358325387127,True,ok
9.640797434875834,FLOW,0.012640083418737014,-0.01968643387355013,0.2137957816140369,True,ok
9.65015555660233,FLOW,-0.02497705407210249,-0.014406501462037986,0.3377162321445186,True,ok
9.654964089045626,LIDAR,-0.0019750339663735517,,0.003774077480870858,True,ok
9.657720727098187,LIDAR,-0.0003129648381796635,,9.597301874831502e-05,True,ok
9.67272608229204,LIDAR,0.004128015678118491,,0.016552466165658183,True,ok
9.676952958082271,FLOW,-0.0056952588778727,-0.033095369095344926,0.43947970433432687,True,ok
9.684047374901452,LIDAR,0.04963959967478582,,2.390258513906935,True,ok
9.684538375561443,BARO,-0.5267474735488311,,2.262878560084787,True,ok
9.688630482024573,LIDAR,-7.679049126529947e-05,,5.774183229571007e-06,True,ok
9.696084298590524,LIDAR,-0.009599078601592037,,0.09049878083869439,True,ok
9.70150192381896,FLOW,0.010433477704521743,0.06861733339365439,1.8498596705429349,True,ok
9.709228416983281,LIDAR,-0.016647549548244545,,0.2705041960862896,True,ok
9.721237987939922,LIDAR,-0.021629270634695885,,0.4550896979317742,True,ok
9.722918798839348,FLOW,0.01678594018283064,0.024437079742939623,0.33828035313308147,True,ok
9.723883343884346,BARO,-0.12285415237815078,,0.12309267792593892,True,ok
9.73160724720148,LIDAR,-0.01174401852935647,,0.13415851032662637,True,ok
9.731851073575154,CAMERA,-0.03472549943893988,0.06926771911781959,0.36214770270799207,True,ok
9.73827083926422,FLOW,-0.10546459868480107,0.11742455985697745,9.81250456385744,False,gate
9.74484056347791,LIDAR,-0.009058387252181888,,0.0794480150439134,True,ok
9.750515152290394,LIDAR,-0.04397275773281306,,1.8872792239656226,True,ok
9.752089253918761,BARO,-0.20079490225132535,,0.3288313086913387,True,ok
9.753993670269303,FLOW,-0.016683758462346376,0.004612734183064154,0.11155333862387433,True,ok
9.75748737100493,LIDAR,0.024931674361197143,,0.609423773040663,True,ok
9.765124063465645,LIDAR,0.034053047486890975,,1.1397536387974925,True,ok
9.777178823018778,FLOW,0.004193255942103402,0.06005276524041936,1.3629750461793146,True,ok
9.780764507533735,LIDAR,-0.02942886021895852,,0.8425732613455147,True,ok
9.79101678780912,LIDAR,0.02675283854482169,,0.6962937585621829,True,ok
9.797134869842763,BARO,0.35452199203326984,,1.024991164122782,True,ok
9.800561766659278,FLOW,-0.038126946271419215,0.007676854216560973,0.572372192365624,True,ok
9.800564968674244,LIDAR,0.053232519421911206,,2.760107562838045,True,ok
9.805167534421061,LIDAR,0.042184065609352395,,1.7479078461754995,True,ok
9.817266185968325,FLOW,-0.05104416471367523,-0.023695260403150193,1.2317423819299473,True,ok
9.819906788961863,LIDAR,0.00894682886911946,,0.07794264167132484,True,ok
9.825882715939143,CAMERA,-0.09195615254352774,-0.13788093492865344,1.6874573230190357,True,ok
9.826048654640358,LIDAR,0.0164295448425702,,0.26445246618030976,True,ok
9.833907260928706,BARO,-0.12561811880353613,,0.12869124918319508,True,ok
9.836407696829339,LIDAR,-0.024992756815967798,,0.6111025815162772,True,ok
9.845310834041783,LIDAR,-0.015736427876492876,,0.24250422021259888,True,ok
9.84808683581994,FLOW,0.017558456966730196,0.05844298211721227,1.3947832027848281,True,ok
9.8624875982456,LIDAR,0.02918764162015819,,0.8243178938789992,True,ok
9.866459874026786,FLOW,-0.010861584452644957,0.03492331579181589,0.5137123525140044,True,ok
9.87046208695798,LIDAR,-0.013081471479356122,,0.16634687200967005,True,ok
9.87159424887548,FLOW,0.06596014105660974,0.022314270727984472,1.9792093632302812,True,ok
9.874508293261387,BARO,-0.36465600882202054,,1.0844501883985869,True,ok
9.882635918540494,LIDAR,0.0033004046233471307,,0.010559795669481483,True,ok
9.894236327348764,LIDAR,0.02974789470823591,,0.856692428232189,True,ok
9.895066643409203,LIDAR,0.025091648852290316,,0.6189884291880622,True,ok
9.901524902761565,FLOW,0.06922777114629519,-0.0012160733863835413,1.8570577006393545,True,ok
9.908591386941826,LIDAR,-0.026037975281499204,,0.6619171440722554,True,ok
9.913584680524817,BARO,-0.22772463033613422,,0.42293156845365587,True,ok
9.918224160336262,CAMERA,-0.04679138620604917,0.09732435674422962,0.7061632172390131,True,ok
9.92178123822548,FLOW,-0.005020109400162731,0.01099274638308502,0.05660914981946055,True,ok
9.92361485012648,LIDAR,-0.005478472323684258,,0.029070163759227306,True,ok
9.929036943750452,LIDAR,-0.03322709919214706,,1.0782972719110235,True,ok
9.93778167041859,FLOW,-0.0413011654654859,-0.008209064258544806,0.6996396302626385,True,ok
9.941368284603927,LIDAR,0.019425284874988513,,0.36708493550266863,True,ok
9.94589969089696,LIDAR,-0.008659149699282942,,0.07358574503759752,True,ok
9.953798184984201,FLOW,-0.08006941864422146,-0.1039216160910037,6.851471721833099,True,ok
9.955075278971849,CAMERA,0.1628490443749877,-0.16969205461264966,3.4325330780079475,True,ok
9.958495441158883,LIDAR,0.06533127568516672,,4.166826809039325,True,ok
9.968511395916583,BARO,-0.6236443164011611,,3.171729625175541,True,ok
9.970128712360498,LIDAR,-0.0361664708549152,,1.273528723344775,True,ok
9.972031435991443,FLOW,0.015972038782246623,-0.00753356740098932,0.1239069215799572,True,ok
9.979593129185638,LIDAR,0.025801036276664302,,0.6488263778345086,True,ok
9.99083371742503,LIDAR,0.027887861021150595,,0.756594010502119,True,ok
9.99464028865477,FLOW,-0.019717883307937445,0.0017686872447151922,0.15327919640558643,True,ok
10.000157638619676,BARO,0.20091021162879086,,0.32916968153889137,True,ok
10.002590325798774,LIDAR,0.00709798351348212,,0.048904426656737075,True,ok
10.011266932643506,LIDAR,0.024339334990397088,,0.5766969468866809,True,ok
10.016724056591492,LIDAR,0.030441103375697942,,0.9086349925098303,True,ok
10.022927658388635,FLOW,-0.004450143418431973,0.03473899395610269,0.46510057359304874,True,ok
10.025857073482161,LIDAR,-0.08219675277142757,,6.626229722167014,True,ok
10.033704567719962,BARO,-0.048676184928400534,,0.01932327279284231,True,ok
10.038572897738012,LIDAR,0.029749616121799605,,0.8634915052853565,True,ok
10.040584004180564,FLOW,0.0163991594729892,-0.0965131204605997,3.705924663791581,True,ok
10.045352171915969,LIDAR,0.02838316725767598,,0.7897356145629275,True,ok
10.052865862311453,FLOW,0.035785915744127816,0.051576434722917536,1.5727835164800654,True,ok
10.064853210947385,LIDAR,-0.00993240025145603,,0.09519356986810605,True,ok
10.065180127848137,LIDAR,-0.01989164520538722,,0.3883355810823182,True,ok
10.078473637265567,BARO,0.16830104878779384,,0.2309900563015056,True,ok
10.080252300759048,LIDAR,-0.05053403970613646,,2.483971500092207,True,ok
10.083201132600925,FLOW,0.07648589865058608,-0.02507014736341643,2.4661815105633136,True,ok
10.092572942606646,LIDAR,-0.030753375160354146,,0.9170302366606894,True,ok
10.09299620348598,CAMERA,-0.013945717113209355,-0.25836095219085337,4.044803090459153,True,ok
10.102129466888327,FLOW,-0.031731109232606136,0.03258923774267007,0.7978472728679875,True,ok
10.103065019252229,LIDAR,-0.0427685554405679,,1.774090314096432,True,ok
10.10672162791225,LIDAR,0.01332046829934841,,0.17395405445882633,True,ok
10.109892774044264,BARO,-0.09256727396161768,,0.06988545282512326,True,ok
10.12289036672163,FLOW,0.06991185804470879,0.02442680548565789,2.1177958502452014,True,ok
10.124657019497018,LIDAR,-0.033326755922967966,,1.0745721285575938,True,ok
10.130172879460398,FLOW,-0.022429851198571105,-0.0869431202639147,3.264369194369798,True,ok
10.133905272684956,LIDAR,0.038094242960446056,,1.4077701342963398,True,ok
10.1383998810249,LIDAR,0.006817475524159011,,0.04551525477728145,True,ok
10.149120819519043,LIDAR,0.06417471896261384,,4.025145541887366,True,ok
10.158637479671485,LIDAR,0.001099059903667321,,0.0011808672079374274,True,ok
10.165122408141771,BARO,-0.20648276328435777,,0.3477069258468172,True,ok
10.167927755652123,LIDAR,0.015057823082955224,,0.22180207655262046,True,ok
10.169337776131519,FLOW,0.023730024823360507,0.011342791092875934,0.2581693707864465,True,ok
10.172043242627137,CAMERA,0.01633058285101452,0.18229741778443553,2.032102792988608,True,ok
10.178974220371588,LIDAR,0.04346726377460808,,1.8440643659977332,True,ok
10.180195957894137,FLOW,0.017566078978477728,-0.008890096994142047,0.15246801350929484,True,ok
10.18937028680705,LIDAR,-0.024833308796444076,,0.6013838175834402,True,ok
10.194660760942213,FLOW,-0.1141614410669699,0.05129346016997305,6.256477972016239,True,ok
10.197688769121134,LIDAR,-0.016014172303878027,,0.25071457333052377,True,ok
10.205529004265566,BARO,-0.0019826313505117987,,3.20569578731288e-05,True,ok
10.213384585307708,LIDAR,0.022243566406132675,,0.4792510035521898,True,ok
10.21464206652826,FLOW,-0.008261056130408395,0.07244828952803879,2.0981272638089776,True,ok
10.218587639207007,LIDAR,-0.015754414138159145,,0.24250726010781495,True,ok
10.231620729144458,BARO,-0.44652192593063855,,1.625898144534567,True,ok
10.234636151666413,LIDAR,0.0069880517052394175,,0.047253098885953804,True,ok
10.235658892448818,FLOW,0.030423282149017905,-0.056090433631550446,1.5908759549036984,True,ok
10.237166967491056,LIDAR,0.02821492988495944,,0.7803883871193108,True,ok
10.246987452100248,LIDAR,-0.005675716075722814,,0.03155377478949165,True,ok
10.257397370457612,LIDAR,-0.030384427617751175,,0.9029016405483878,True,ok
10.259046113783054,FLOW,-0.09513673376628107,0.11053041957228474,8.194354956773076,True,ok
10.273300577567921,LIDAR,-0.054364027029995654,,2.8623606027088777,True,ok
10.277718693856619,CAMERA,0.05692295013012405,-0.014760810532987778,0.21946734506031484,True,ok
10.278715914281431,LIDAR,-0.04140640405928053,,1.6744507241030266,True,ok
10.283457114307026,FLOW,-0.04899449598152217,-0.060580940248230596,2.305061659855032,True,ok
10.28418016948251,BARO,0.11354739453180462,,0.1051484469965532,True,ok
10.290000130379028,LIDAR,0.007977187698207988,,0.06201122897669554,True,ok
10.290188548045956,FLOW,-0.05155348326756326,-0.03058752095759902,1.4465692925832103,True,ok
10.29918274688543,LIDAR,-0.005051999199425783,,0.02490419715654726,True,ok
10.312532195382566,LIDAR,-0.0063889596405832805,,0.03961652360567963,True,ok
10.323399702455049,FLOW,0.062205128685766664,-0.04494842520391993,2.2278230280829,True,ok
10.32377002951226,LIDAR,0.019721072064953216,,0.3770685743619094,True,ok
10.32843775515349,LIDAR,-0.05984040100387311,,3.5041659789299655,True,ok
10.32936865558488,BARO,-0.3482166572137948,,0.988957521274421,True,ok
10.342134045580456,LIDAR,-0.03767393773791827,,1.3801728152407209,True,ok
10.34380007076337,FLOW,-0.01318360019157283,-0.011073069602286153,0.11314745569433313,True,ok
10.347608230371407,LIDAR,-0.02275358282631501,,0.5071998357164154,True,ok
10.352535854466032,BARO,-0.1860218579475985,,0.28222031420660226,True,ok
10.358728233730222,FLOW,0.05690719013050338,0.01874921415970302,1.4060280984317854,True,ok
10.361588804903768,LIDAR,-0.006511457942280252,,0.0412492904897611,True,ok
10.36780067769398,CAMERA,0.20753127373773506,0.02805737491384369,2.8013045213600583,True,ok
10.374825157945418,LIDAR,-0.012323249300956185,,0.14706173580197002,True,ok
10.379904670345653,FLOW,-0.010759702829177153,-0.015110541019913774,0.13357994890286623,True,ok
10.38391876738495,LIDAR,-0.0260402139777427,,0.6584531141556208,True,ok
10.394998283499207,LIDAR,-0.04764135464370822,,2.201984690359758,True,ok
10.396270414315913,LIDAR,-0.004497383766163043,,0.019905775872298484,True,ok
10.406131743775617,FLOW,-0.024137360760335458,-0.029348148818462965,0.5473455510171583,True,ok
10.408107432202195,BARO,-0.4609496006874021,,1.7327778374154905,True,ok
10.410038310086799,FLOW,0.03415210957610704,0.10077706570953412,4.59272955259074,True,ok
10.411480193631645,LIDAR,-0.006551351732996036,,0.041835604683908234,True,ok
10.415129273807976,LIDAR,0.03861232970349482,,1.4674062416219784,True,ok
10.424241940381684,BARO,-0.13527293852351585,,0.1492357936120997,True,ok
10.428374444359646,LIDAR,-0.011621289777987709,,0.13204643656409595,True,ok
10.430768772256265,FLOW,0.013847577524059629,0.028934513552488095,0.40880299576569157,True,ok
10.443230612420447,LIDAR,0.02788917685871084,,0.7543674445085058,True,ok
10.45003493586835,LIDAR,-0.0063631696574715235,,0.0395038561665518,True,ok
10.459113029764017,FLOW,-0.00030760197509316356,0.024413205048763528,0.22756327981384442,True,ok
10.464513333173615,LIDAR,-0.03740336959060775,,1.3552915292237695,True,ok
10.473422265398039,LIDAR,0.03135918847750396,,0.9554710532631381,True,ok
10.479330856994741,BARO,0.15372655014007286,,0.19272098124155174,True,ok
10.480233716584884,FLOW,-0.06962915025228944,-0.051683125735293316,2.882071734857635,True,ok
10.483603359189221,LIDAR,0.046260673352805703,,2.080311944628518,True,ok
10.493197699913777,LIDAR,0.009754031531049812,,0.09259520001073614,True,ok
10.495052992846196,FLOW,-0.013821595662604103,0.010438345547789683,0.11787928225028574,True,ok
10.502424283717533,BARO,-0.3721362487022297,,1.1293319475131953,True,ok
10.503402768032986,LIDAR,0.032255839840003464,,1.0127362418324781,True,ok
10.511070375598713,LIDAR,0.06617821791309053,,4.279533964717541,True,ok
10.517801248472926,FLOW,0.0049533210326905275,0.04384746759887654,0.7540960733316336,True,ok
10.517938078598899,LIDAR,0.012199886213920763,,0.1460683292852681,True,ok
10.533000308464443,LIDAR,0.01885351448314987,,0.34570439422373117,True,ok
10.542908171273032,LIDAR,0.04078281100762515,,1.6185827997113296,True,ok
10.545440711352223,BARO,0.4143289041259308,,1.4000537946040217,True,ok
10.546332878132205,FLOW,0.03779753920344131,0.06147178045965652,1.9620405456259893,True,ok
10.5468162680206,CAMERA,-0.026812568229863665,0.11400739578072644,0.8193000450428617,True,ok
10.548802937296985,LIDAR,-0.0024171635704277605,,0.005724286768382264,True,ok
10.561699487631035,LIDAR,-0.04434037715714201,,1.9158598527194541,True,ok
10.567305721313693,FLOW,-0.04737251115547403,-0.06016416826848858,2.2300158419559324,True,ok
10.569680280234675,LIDAR,-0.00026202372538808305,,6.711578244142881e-05,True,ok
10.575785068308726,LIDAR,0.004726518575488559,,0.02195681390334674,True,ok
10.576677288691748,FLOW,0.058515114169356175,0.013893311772576258,1.4424122608918075,True,ok
10.592802907053056,LIDAR,-0.07332634397702709,,5.219797821369665,True,ok
10.59481034078556,BARO,-0.14595674946861514,,0.1737395457034687,True,ok
10.596034328058147,FLOW,0.06377444712465552,-0.004882894678600663,1.6151684106942927,True,ok
10.596109284959645,LIDAR,-0.008809149262744231,,0.07618346966679582,True,ok
10.602584561268372,CAMERA,0.05424493563472943,0.0054554225799994804,0.1895181388115973,True,ok
10.610685464015921,LIDAR,0.03020182623250811,,0.8880360549777567,True,ok
10.616329300329697,LIDAR,-0.0017837422444220152,,0.0031191471417139874,True,ok
10.621060901629026,FLOW,-0.06268883865312858,-0.030841205943053472,1.8795878465656626,True,ok
10.632536443297933,BARO,-0.7893179251563058,,5.080468313552891,True,ok
10.634337905781228,LIDAR,0.022293475608414326,,0.48078027154495184,True,ok
10.6412078096126,FLOW,-0.0740270576863371,-0.0025988911754061816,2.1196302675299257,True,ok
10.644746620290883,LIDAR,0.024454491845815163,,0.5790268078642842,True,ok
10.647938372058517,LIDAR,0.014210937590616535,,0.19786402122455168,True,ok
10.651904121430508,FLOW,0.0066683500461910405,0.021533709762015196,0.2030815534797746,True,ok
10.662201388607677,LIDAR,0.02908699210776744,,0.8227320898451156,True,ok
10.665329813083634,LIDAR,-0.005166312839699927,,0.026241900338212797,True,ok
10.666736635091425,CAMERA,0.115554197880682,-0.06409189874404686,1.0984715432627974,True,ok
10.676896298222077,LIDAR,0.019667505226349746,,0.37879219856134816,True,ok
10.678508206438824,FLOW,0.0030949531201216463,0.03170386270862812,0.39121842484144304,True,ok
10.681791336935984,BARO,0.40522766619509376,,1.3392371574960593,True,ok
10.685168502242886,LIDAR,-0.008148385217229936,,0.06514139153440889,True,ok
10.698438606057724,LIDAR,-7.266215262990983e-05,,5.147827103754143e-06,True,ok
10.708242710023113,FLOW,-0.027303691119336393,0.0035827996143565598,0.2836428626048909,True,ok
10.714287153587996,FLOW,0.0013338364583245221,-0.046366462689444846,0.8579443709453652,True,ok
10.714974021828056,LIDAR,-0.05453969277912707,,2.8707995502354935,True,ok
10.71921417637961,LIDAR,0.007894381412643092,,0.060808950152988074,True,ok
10.720078909988908,BARO,-0.5596603139206402,,2.554581332018832,True,ok
10.734419160654951,LIDAR,0.030730173923097848,,0.9139656214994852,True,ok
10.736078705263877,LIDAR,0.009721582857856514,,0.09278246829138578,True,ok
10.743246272179048,FLOW,0.014075060925810456,0.03969089034833864,0.6765023397782235,True,ok
10.749671717238021,LIDAR,-0.03505963837600223,,1.1985155555938825,True,ok
10.755852736769178,BARO,0.1547687563059772,,0.19534689039816347,True,ok
10.756284350178296,FLOW,0.10168259514476763,-0.04960480557321967,5.040314661698701,True,ok
10.761268329634053,LIDAR,-0.050301062810204744,,2.461200830892182,True,ok
10.770077613231884,LIDAR,0.01992236070941278,,0.3869520070901782,True,ok
10.781261700052854,FLOW,0.05212931444309565,0.03152405660343629,1.425027091555029,True,ok
10.783178604416063,LIDAR,-0.024274503067232445,,0.5717274907425858,True,ok
10.787847156917431,LIDAR,-0.01774000824913191,,0.3081502184694163,True,ok
10.792674350862583,BARO,0.4599615835231199,,1.7254505041100192,True,ok
10.798533856703612,FLOW,0.0017963844260799888,-0.0033788647370236596,0.00568803343250896,True,ok
10.799109312732377,LIDAR,0.02040892434781938,,0.4067600061727869,True,ok
10.807030487912774,LIDAR,-0.010222308816995263,,0.10233654165188005,True,ok
10.817999007616981,LIDAR,0.013629539182777428,,0.18149742048641776,True,ok
10.819223342867282,CAMERA,-0.11289078797294216,0.02246448443438348,0.8399357468237518,True,ok
10.828722026748476,FLOW,-0.049846365355918465,0.018613022752844557,1.0609138285828577,True,ok
10.831764878256696,LIDAR,-0.04557597724455764,,2.01683322802679,True,ok
10.8341463865797,BARO,0.24071691247082372,,0.47256538843274415,True,ok
10.836956714434914,LIDAR,0.03667668483102782,,1.316980131759043,True,ok
10.848977825367786,FLOW,-0.02946765342692448,-0.058192140487197154,1.613943959567123,True,ok
10.852511453346546,LIDAR,-0.04034871254101802,,1.579007586953052,True,ok
10.85311049133861,FLOW,0.06210915416817375,-0.0234786484549046,1.7853880954831178,True,ok
10.858731354050562,LIDAR,0.026980088735128138,,0.710856257456912,True,ok
10.860913646897012,BARO,0.29626865943227765,,0.7158753965712273,True,ok
10.866478397108814,LIDAR,-0.0260815667377301,,0.6664351564138092,True,ok
10.874267534996537,FLOW,0.00806657112682041,-0.052763521609701734,1.1264242277293839,True,ok
10.879737322167225,LIDAR,0.03321744726196618,,1.074585647857733,True,ok
10.890143142839612,FLOW,-0.07958248488393527,0.06304937287607873,4.102786574678218,True,ok
10.893259051810142,LIDAR,-0.0006992562913792355,,0.00047369141521044793,True,ok
10.903501123929264,LIDAR,-0.03208365460284268,,0.9980887552212273,True,ok
10.90366766770778,BARO,-0.13617570936369683,,0.15123634682746429,True,ok
10.910591305212959,LIDAR,-0.017880404622730328,,0.3117606201737015,True,ok
10.914206496206038,CAMERA,-0.04103655119992222,-0.11728743914771955,0.938298480414981,True,ok
10.923674868917711,LIDAR,0.023855353841474525,,0.5522676765538792,True,ok
10.924427296677713,FLOW,0.025707175686832784,0.025859528043931854,0.4968029885732495,True,ok
10.92648389703898,LIDAR,0.019092491866417927,,0.35799628947529716,True,ok
10.939242386198908,FLOW,-0.021510054821811786,0.04342293555879763,0.9072433417042395,True,ok
10.94182405301728,BARO,0.024403877896935544,,0.004856551004232806,True,ok
10.943014677505728,LIDAR,0.014571341383857295,,0.2061826583676431,True,ok
10.948546317040664,LIDAR,0.011933585531797242,,0.1393518671565021,True,ok
10.962377817966967,LIDAR,-0.022390333315179145,,0.4873302609134608,True,ok
10.962625841512482,FLOW,-0.07340946416226624,-0.0031704246181301216,2.0646195871499486,True,ok
10.966399202009239,LIDAR,-0.015862532774620686,,0.24698352050426992,True,ok
10.967691489764132,CAMERA,-0.2468783966949104,-0.07266632811475987,4.225144833592513,True,ok
10.978999529533208,LIDAR,0.0560390636475665,,3.0663148121090478,True,ok
10.983652579967261,FLOW,0.04106243575837465,-0.07061843525297946,2.5534922997712215,True,ok
10.98681821961208,BARO,-0.11871158457523334,,0.1149267563833933,True,ok
10.99080237514533,LIDAR,0.014588526795489276,,0.20719088627223595,True,ok
10.996990997699962,FLOW,0.006249043348959704,0.08231197247839321,2.681528921274308,True,ok
11.002717103502325,LIDAR,-0.007072472559007004,,0.04856475770054533,True,ok
11.005798997676642,LIDAR,-0.01129286369407545,,0.12523864233660878,True,ok
11.01874675968069,LIDAR,-0.008982915404271541,,0.0787786080075494,True,ok
11.027156770142575,BARO,-0.13163657998342737,,0.1413137588599992,True,ok
11.02720785784708,FLOW,0.02052263933461873,-0.03150046211581729,0.5322994129122616,True,ok
11.02733406238515,LIDAR,-0.04614258647306846,,2.082795262356158,True,ok
11.04292538514403,LIDAR,-0.02141010722311787,,0.4442674456972335,True,ok
11.049656719337541,FLOW,0.11578877278299604,-0.020136902316185028,5.21655180094139,True,ok
11.05248216851254,LIDAR,0.03856395212814823,,1.4440185255313345,True,ok
11.0597029800648,LIDAR,0.007005913846009459,,0.047900861472982365,True,ok
11.061573398073214,CAMERA,0.12483035995542036,0.03125072724814737,1.057229596637973,True,ok
11.065154748184154,FLOW,-0.08514659569038074,-0.043141173570669024,3.5344925209902147,True,ok
11.072910400841824,LIDAR,-0.04700746783273724,,2.1454097689495506,True,ok
11.081071349747274,LIDAR,0.000423007989650781,,0.00017436447968765785,True,ok
11.08180945217984,BARO,0.27154915864268814,,0.6014016658682049,True,ok
11.084054667151834,FLOW,0.017096879263680753,-0.01132365788415413,0.1633629055053416,True,ok
11.093603462264356,LIDAR,0.00433051167002807,,0.018206463453190172,True,ok
11.097531371689369,LIDAR,0.03821521897402835,,1.432259721080734,True,ok
11.102909918078723,FLOW,-0.005529330818113243,-0.009802350612477579,0.04927958860061562,True,ok
11.108163824267242,LIDAR,-0.02194478136784106,,0.4713045324241186,True,ok
11.114460061593132,FLOW,0.031675183419989095,0.013417599803866628,0.4732090741375918,True,ok
11.116472086590136,LIDAR,-0.0011239900354742538,,0.0012386859072317442,True,ok
11.128754113448178,BARO,-0.1412050270963019,,0.1626008154991653,True,ok
11.131440097168477,LIDAR,0.06025322672986766,,3.5290945703895655,True,ok
11.132809477544242,FLOW,-0.04301243941753341,-0.01744599238319295,0.8552393460427429,True,ok
11.13926469371353,LIDAR,0.04482000765458105,,1.96040393266582,True,ok
11.153684734616297,LIDAR,-0.03302150677049598,,1.0566716784744845,True,ok
11.157491771429,LIDAR,0.0178455410177647,,0.31193194611179026,True,ok
11.160870662069714,BARO,-0.09156978209837918,,0.06838683451836106,True,ok
11.161335558822811,FLOW,0.012423874298800541,-0.035906378295486686,0.549291014263498,True,ok
11.16712279171978,LIDAR,-0.010595812511627223,,0.10994295232442189,True,ok
11.172345017403538,FLOW,0.10346569616341217,0.037918292289660725,4.805081672943012,True,ok
11.181291821798428,LIDAR,0.013440257887419538,,0.17561366344208404,True,ok
11.194987787243416,LIDAR,-0.0556031650354023,,2.9901016671682203,True,ok
11.197377645196694,FLOW,-0.02941855011736183,0.0011903369814737878,0.33354690204049686,True,ok
11.204241446287028,BARO,-0.0051229215098196335,,0.00021401030036442858,True,ok
11.204585713017918,LIDAR,0.029001411374675712,,0.8153649413380111,True,ok
11.21380181216733,LIDAR,0.03388294113121271,,1.1155559429783009,True,ok
11.213992520779389,CAMERA,-0.1333565880686276,0.03826266243791576,1.2173233308203129,True,ok
11.218752244655994,LIDAR,0.039419994705352845,,1.5226809078945365,True,ok
11.221027395641254,FLOW,0.03478021460546432,0.03848289382090273,1.0243875107606126,True,ok
11.222548993500443,BARO,-0.6530941970337703,,3.47871392357291,True,ok
11.234992898622178,LIDAR,-0.025944889448348274,,0.6527312866392692,True,ok
11.240603167745014,LIDAR,-1.9925316796130295,,3880.08068733458,False,gate
11.247797484752972,FLOW,-0.015185047480517522,0.029917140637720357,0.42055087428328586,True,ok
11.254706505598897,LIDAR,0.004487512916922398,,0.01925207791156647,True,ok
11.260571833636453,LIDAR,0.025804650256544992,,0.6433751223652423,True,ok
11.265847492023271,FLOW,-0.0899547939867229,0.009779781400086188,3.130796873121105,True,ok
11.270880421664904,LIDAR,-0.02982372659512933,,0.8605541828230494,True,ok
11.279403009841266,LIDAR,-0.026292664116828846,,0.6714169508387534,True,ok
11.282927870992472,FLOW,0.04756409211632806,0.02763708293051386,1.1721830821611239,True,ok
11.2850714848591,LIDAR,-0.0024420899659860495,,0.005835355301937566,True,ok
11.288502778591054,BARO,0.49454600746259336,,1.9947032611896724,True,ok
11.294580309215831,FLOW,-0.011096515456721745,-0.01783350468224049,0.17562501186385798,True,ok
11.301654818878012,LIDAR,0.005598762338164143,,0.030344256221564544,True,ok
11.309686882633141,LIDAR,-0.00456366991278756,,0.02025194502860262,True,ok
11.318514576107045,FLOW,0.022951689108741347,-0.024797297911909082,0.44236922701225545,True,ok
11.322830805321777,BARO,-0.2823201680238818,,0.6499454895328842,True,ok
11.324919586791161,LIDAR,-0.006895113006225362,,0.04588651456603956,True,ok
11.328145865083476,CAMERA,0.13650823570803272,0.20489493668967484,3.7211851270709095,True,ok
11.331834056664851,FLOW,-0.08260038396882674,-0.04743700503076982,3.593794629627045,True,ok
11.33272397251366,LIDAR,-0.00903863129266913,,0.07928308826847444,True,ok
11.336462384742712,LIDAR,0.03643499292581609,,1.3019104351535238,True,ok
11.345797943651423,LIDAR,-0.019733364374034945,,0.38186090593528554,True,ok
11.358118812008833,LIDAR,-0.09367997635072278,,8.566096360524643,True,ok
11.358403744242626,FLOW,0.036725879957172136,0.06461722187452114,2.1079465838479985,True,ok
11.363077310114415,BARO,0.5217529961286185,,2.2201360732469606,True,ok
11.367598520933518,LIDAR,-0.0070084209608309855,,0.047976436028554566,True,ok
11.376685148146949,LIDAR,-0.0647077683086641,,4.094042382371979,True,ok
11.383610672435696,FLOW,-0.032676366716086314,0.002331365699349007,0.4038081479691606,True,ok
11.384338207144067,BARO,-0.36495273622705104,,1.0862084825149119,True,ok
11.389317981850876,LIDAR,0.011695921169422974,,0.13315588171698634,True,ok
11.39064295612724,FLOW,0.05365097447515721,-0.016374134165494398,1.2528914783465994,True,ok
11.39550705949323,LIDAR,0.040882489204713934,,1.6369469124239822,True,ok
11.40667863804939,LIDAR,0.04696281566096783,,2.154320903430336,True,ok
11.421162684777718,BARO,0.31546369621053616,,0.8115169904074091,True,ok
11.423141309163425,LIDAR,0.026132417537318542,,0.6602611784505996,True,ok
11.42636615578851,FLOW,-0.028469027973289762,0.008406953678134564,0.3283388671355553,True,ok
11.430767520977708,FLOW,-0.06248099866714696,-0.03695384841235813,2.1058334137395414,True,ok
11.432797202689493,LIDAR,-0.023081019550839965,,0.5162072156230634,True,ok
11.44000843831188,LIDAR,0.0329440757901347,,1.0574748676929775,True,ok
11.443499776425826,CAMERA,-0.13048896361725504,0.10744998682781837,1.7663074221791097,True,ok
11.449108575160572,LIDAR,0.014715346413576746,,0.2113047137564252,True,ok
11.458829053924099,LIDAR,-0.05729186545273057,,3.2038018795328997,True,ok
11.46279262991251,FLOW,0.08505053196149603,0.030662819359086064,3.0841187086697746,True,ok
11.468542726536816,BARO,-0.8224462550669442,,5.516181132448695,True,ok
11.471155608339748,LIDAR,-0.021179572869299612,,0.4362303233670238,True,ok
11.479605668974823,LIDAR,0.013414041803415433,,0.17548979236064358,True,ok
11.485264890373,FLOW,-0.0134482264418474,0.0016757100576843425,0.06936625359509059,True,ok
11.490432838536357,LIDAR,-0.006185867895429631,,0.03726933142626912,True,ok
11.495209980325548,LIDAR,0.04907616719058705,,2.3650384357371,True,ok
11.507067479134058,FLOW,0.004919604094155705,-0.00039781234853382896,0.009233115754933956,True,ok
11.508824620291463,BARO,0.674941205169667,,3.7149370380856594,True,ok
11.51324947602375,LIDAR,-0.025499882469274482,,0.6298941067917014,True,ok
11.515895498863413,FLOW,0.005425588181687591,-0.01906536175147597,0.1557808268327593,True,ok
11.520211022403869,LIDAR,-0.035482824940299196,,1.2269302318319004,True,ok
11.525086789800453,CAMERA,-0.06887316454722647,-0.050834021298426235,0.45961648006916134,True,ok
11.531601212307713,LIDAR,-0.012647752841113302,,0.15556704863352125,True,ok
11.53992202654949,LIDAR,0.06777753270550457,,4.481237054909211,True,ok
11.548352901377534,FLOW,0.04459334283732197,0.040825855529653794,1.3715157418452253,True,ok
11.550091064819197,LIDAR,0.029266624434135746,,0.8352395855188235,True,ok
11.552030028424307,BARO,-0.3339958824541016,,0.9097990128927412,True,ok
11.556483570164309,LIDAR,0.0206384112811544,,0.4176763675241302,True,ok
11.566082333790817,FLOW,-0.10264843890429165,-0.02953935433035528,4.3728825302617285,True,ok
11.573235160277676,LIDAR,-0.038663473962766925,,1.4491045595905574,True,ok
11.579212909917835,CAMERA,0.027979942614741127,-0.021146554309832644,0.07687644386452289,True,ok
11.581705338858471,LIDAR,-0.007520038106796356,,0.05501195456051239,True,ok
11.58344166815235,FLOW,-0.02392965286697657,0.07831115030072645,2.5935041841238955,True,ok
11.58671526003248,BARO,0.2391665220593624,,0.46648800110964583,True,ok
11.591740590303674,LIDAR,0.06058201189696266,,3.572067023564226,True,ok
11.598376429287123,FLOW,0.06009564546194923,-0.028139557753092258,1.733951208184212,True,ok
11.601094843886539,LIDAR,-0.014148193545955312,,0.19507970819269196,True,ok
11.607507326116009,LIDAR,-0.043268209902845634,,1.834692759006264,True,ok
11.620179802307575,LIDAR,-0.021491139396430103,,0.4503388809713792,True,ok
11.62607582541127,BARO,0.42590215992518177,,1.4793166374800213,True,ok
11.62700434773183,FLOW,-0.015711867780587863,-1.2250345453464553e-05,0.0933851072783897,True,ok
11.630519622217987,LIDAR,-0.006455316638158237,,0.04061339123882548,True,ok
11.630910197645667,FLOW,0.02533871173738711,-0.05674364646247712,1.5564521505836957,True,ok
11.635824188288659,LIDAR,-0.050735071420639155,,2.526915714699893,True,ok
11.647415178967167,LIDAR,-0.017514632785965656,,0.30002253899806164,True,ok
11.658258426284855,LIDAR,-0.004821883753018064,,0.02269637783457977,True,ok
11.659009957298043,FLOW,-0.0011502025955023587,-0.06810964704190249,1.7792949806383673,True,ok
11.665414807059785,LIDAR,0.003210225095862995,,0.01010115989163562,True,ok
11.677729266576355,LIDAR,-0.015334419873875405,,0.22942976237598536,True,ok
11.677872680603748,BARO,0.32272731414264344,,0.8494658133823086,True,ok
11.680495692815358,FLOW,-0.016118992582584868,0.023556918000486867,0.31115065326576585,True,ok
11.687006992417277,LIDAR,0.006661533712169376,,0.04334287682794297,True,ok
11.69577645002471,LIDAR,-0.03590565139872348,,1.2611157937286788,True,ok
11.705132293029166,LIDAR,0.0012860031347838863,,0.001618292113562301,True,ok
11.7099509541085,FLOW,-0.012490923175458635,-0.035253124966493125,0.5176171303788081,True,ok
11.719386142928432,LIDAR,0.029369646797769544,,0.8379448496998939,True,ok
11.722946390330353,FLOW,-0.023736654177508143,-0.06040643258586441,1.6258464718183592,True,ok
11.726010106155483,BARO,0.1831711596143828,,0.27361569959682885,True,ok
11.72717984936713,LIDAR,-0.005551267298060214,,0.030063111395747286,True,ok
11.734770647225181,CAMERA,-0.07291387579401665,-0.19847912866451684,2.7132578641985345,True,ok
11.743334328896841,LIDAR,-0.05015764510377663,,2.430654679950904,True,ok
11.743726100000314,FLOW,0.035305807631949904,0.03508961349407021,0.9514112903403298,True,ok
11.74705075698265,BARO,-0.008767150014277192,,0.0006268221220395867,True,ok
11.74998076581626,LIDAR,-0.039283794149706175,,1.501671656931474,True,ok
11.758781334350175,FLOW,-0.07211179517548194,0.006078215093598651,2.047964478352753,True,ok
11.761700744719288,LIDAR,0.03624457268663228,,1.2753877055723948,True,ok
11.76833623099531,LIDAR,-0.013821183420002825,,0.1865757832115616,True,ok
11.781682942370642,FLOW,-0.01976853141366952,0.04967864952991745,1.0972411943783267,True,ok
11.784164134896937,LIDAR,0.06023080908328016,,3.5102667297556778,True,ok
11.789982752920109,BARO,0.48556486065063176,,1.9227133453592025,True,ok
11.79267703779411,LIDAR,0.030426566859236726,,0.8993352924957831,True,ok
11.792750335137864,FLOW,0.031340931786432824,-0.04893119378966153,1.3407341380232167,True,ok
11.798423017448817,CAMERA,-0.07318718292946347,-0.12329274942849133,1.2666342481277617,True,ok
11.79950127082218,LIDAR,0.06416671886965464,,4.022227283632111,True,ok
11.808658120507106,LIDAR,-0.020744416397789234,,0.4207702226196474,True,ok
11.810055069882521,FLOW,0.009661653557929473,-0.04271066983370591,0.7587216290367439,True,ok
11.822427293830462,LIDAR,-0.015710983720511607,,0.23982333347607995,True,ok
11.830884258375262,LIDAR,0.03099124777871598,,0.9360338769956181,True,ok
11.833237861041546,FLOW,0.009692940750475332,0.06415380956998806,1.6273217130731887,True,ok
11.835971780818168,LIDAR,0.05478461139915103,,2.94726926729958,True,ok
11.841283908514473,BARO,-0.3218079110028147,,0.8446144492779196,True,ok
11.84958128768528,LIDAR,0.00337370531325476,,0.01110143291349105,True,ok
11.85486101888715,FLOW,0.014368729904985278,-0.02755555791958382,0.37073689383092145,True,ok
11.855841573530459,CAMERA,-0.16808879575407065,0.05652030481092829,1.9986272142525234,True,ok
11.856552474863989,LIDAR,0.012323884000086327,,0.1488107057318418,True,ok
11.866404225273897,LIDAR,-0.008270689774279472,,0.06697417543090596,True,ok
11.8682459061686,BARO,0.3906797420561072,,1.2448498881897958,True,ok
11.882914852077597,FLOW,-0.004256206570106613,0.00321371302628657,0.010634891414882018,True,ok
11.884169526711489,LIDAR,-0.011804346753820028,,0.13470605573195554,True,ok
11.885981204735058,LIDAR,0.01423454434666338,,0.19869864329554096,True,ok
11.898978972513326,FLOW,-0.020846374065584428,0.08218080771673325,2.7558110633149204,True,ok
11.904596882162174,LIDAR,-0.0008199446558907475,,0.0006498671574262881,True,ok
11.910425148640423,LIDAR,-0.015279823091447042,,0.2275320365446314,True,ok
11.911360500269703,BARO,0.2453481180359276,,0.49094450461704475,True,ok
11.91931421171556,LIDAR,-0.0015554485328750367,,0.0023623170202470294,True,ok
11.921427804693025,FLOW,0.042973106885208834,0.008418854217212033,0.7304776717936275,True,ok
11.92908276223872,LIDAR,-0.032019241578008284,,1.0011042547633218,True,ok
11.941462334877366,FLOW,0.014123348097073718,-0.007320993337656751,0.09671564623937998,True,ok
11.941491906384234,LIDAR,0.017974570085832475,,0.3142207749767539,True,ok
11.952461932699777,LIDAR,0.0035488144105855213,,0.012236109182889934,True,ok
11.9577997755153,LIDAR,-0.02865562063790783,,0.8040798265401051,True,ok
11.960428297055838,FLOW,-0.003088719455256461,-0.04002491206611997,0.6186075046686536,True,ok
11.966276947654134,BARO,0.4490244720580243,,1.6442950451845595,True,ok
11.97233297478162,LIDAR,0.00516137184368004,,0.025886602991673027,True,ok
11.972529640787158,FLOW,0.024520134182701936,0.016387034737663158,0.3437785595493586,True,ok
11.983189834718917,LIDAR,-0.02505628364911061,,0.6096587692353544,True,ok
11.985154469768787,LIDAR,0.002245507918821943,,0.004960820628406102,True,ok
11.986867063583881,BARO,-0.07036246514146027,,0.04038050196333952,True,ok
12.000111517802532,LIDAR,-0.0008127978400107594,,0.0006440327729928242,True,ok
12.00887862299853,LIDAR,-0.018978988641953354,,0.3518176285395569,True,ok
12.009752556108209,FLOW,-0.08031696269036348,0.0897497171818532,5.327613628442045,True,ok
12.013861202034738,CAMERA,0.005808763899218583,0.03381391784822235,0.0711515762443855,True,ok
12.019573904736657,LIDAR,0.015994484424399324,,0.2495145559432551,True,ok
12.029248976356877,FLOW,0.0026727443215130986,-0.0462801425716193,0.8058133542949508,True,ok
12.031749657783235,FLOW,-0.01616293066795982,-0.005154508722101107,0.11616220198922589,True,ok
12.033926983754997,LIDAR,0.060370824025723024,,3.5306388481823925,True,ok
12.039655446442595,LIDAR,0.04471999745336985,,1.9526152745295444,True,ok
12.047493120365763,BARO,0.3383090573989165,,0.9333875447822481,True,ok
12.053509125945874,LIDAR,0.03937153041088326,,1.5042810786066738,True,ok
12.054269779015595,FLOW,0.029082971642945488,-0.05452263595307713,1.4989462505541282,True,ok
12.056783388834754,LIDAR,-0.02209483079088237,,0.479092783251069,True,ok
12.070273829977607,LIDAR,-0.009651375544770247,,0.0908155311347403,True,ok
12.074591841498076,FLOW,-0.07240612917578626,-0.04097993105671201,2.6909093172710064,True,ok
12.075485745862196,BARO,0.04400659577322674,,0.015793576925374003,True,ok
12.077011021676869,LIDAR,-2.3269824212686316,,5306.195088133041,False,gate
12.082608277176682,CAMERA,-0.02289063000416114,-0.1169193675758941,0.8635830652911711,True,ok
12.091337912404468,LIDAR,0.016233962170430605,,0.25256822234880844,True,ok
12.096329672550128,LIDAR,-0.02365310809044807,,0.5423170030683446,True,ok
12.097633459052393,FLOW,-0.023854164560376034,0.06658066946227184,1.911040906427778,True,ok
12.106427296410663,LIDAR,-0.06989371425064483,,4.74015945612469,True,ok
12.110743985461518,BARO,-0.4782723203184891,,1.8654637945242107,True,ok
12.118934755409361,LIDAR,0.0012102928159576365,,0.001417352512520445,True,ok
12.122624284339876,FLOW,0.06806123253384477,-0.012652010700254766,1.8035139953831507,True,ok
12.133235131003483,LIDAR,0.0002160208039967415,,4.491995720503908e-05,True,ok
12.136608438475042,FLOW,0.06480228412331202,0.06847919533593633,3.4438788566096292,True,ok
12.139656747214271,LIDAR,0.0012164500825622149,,0.0014361290475154527,True,ok
12.145657918329386,BARO,0.2081934442528861,,0.35347748153178443,True,ok
12.147129940815214,LIDAR,-0.004233562408163749,,0.017480848712966904,True,ok
12.15754531859596,LIDAR,-0.014198305725891203,,0.1964842759342966,True,ok
12.166759119758286,LIDAR,0.04219480951715626,,1.7375321669679316,True,ok
12.16769358475879,FLOW,0.001898179043962056,0.021952664974745146,0.180076942960154,True,ok
12.171600389163682,FLOW,-0.016673673217072693,0.009723487637521738,0.14862110389947086,True,ok
12.184933032369278,LIDAR,0.0305870030143236,,0.9013908031460027,True,ok
12.190474743030101,LIDAR,-0.005295448855862972,,0.0272711876608091,True,ok
12.192017174182558,BARO,-0.700489322223071,,4.001850496534403,True,ok
12.196134963469971,FLOW,0.05383560857976244,-0.06351481035502629,2.6781941618365126,True,ok
12.200471193975359,LIDAR,0.0050591660008545425,,0.02490756077270092,True,ok
12.21340888622432,CAMERA,-0.06777962226582535,0.09846422523618092,0.8742223421621804,True,ok
12.213531662567473,LIDAR,0.03589935122515575,,1.24871626355369,True,ok
12.21681781509646,LIDAR,-0.11337691830050689,,12.599587453206896,False,gate
12.220877800255117,FLOW,-0.041835571916726044,-0.01369440828009861,0.7355547205230455,True,ok
12.227890801640964,LIDAR,-0.048549205711263976,,2.2711912183471745,True,ok
12.234631127826784,FLOW,-0.04332951131275031,0.04000072339693753,1.3538779649863488,True,ok
12.242316489052994,LIDAR,0.017181696847348604,,0.28317339756593807,True,ok
12.245334810829497,BARO,-0.19265413440491974,,0.3026689383745429,True,ok
12.248586557755505,LIDAR,-0.0034710552214232138,,0.011665520219564645,True,ok
12.253865426034487,CAMERA,-0.0985751554452623,-0.10030459356540716,1.238789638311259,True,ok
12.259308887488963,LIDAR,-0.008770046936248388,,0.07449332868153065,True,ok
12.265071784651019,FLOW,0.03540283880433126,-0.051818358987749634,1.468206365690674,True,ok
12.267717865792156,LIDAR,-0.017996019440138067,,0.31486501818176965,True,ok
12.273185532380348,FLOW,0.04354355933754572,0.053545674043008945,1.874417030074055,True,ok
12.277673135395965,BARO,-0.21016114166483923,,0.3601767067310286,True,ok
12.27820394650288,LIDAR,0.01800156331722924,,0.3150504979677088,True,ok
12.285830718379703,LIDAR,0.01891224982030515,,0.3492080646689382,True,ok
12.296632588814921,LIDAR,-0.04458698805433192,,1.9381071678710318,True,ok
12.30023597677423,BARO,-0.8073768775876571,,5.316260178027427,True,ok
12.30097382854327,FLOW,0.016134987361741793,-0.017278587032197902,0.21164023378811692,True,ok
12.310548481779843,FLOW,-0.010843655483021353,0.0525566645715918,1.1365648942680202,True,ok
12.311630724130156,LIDAR,-0.029298220071587,,0.8305346413978951,True,ok
12.324385230441143,LIDAR,-0.015812881413143742,,0.24127384191739207,True,ok
12.334985702214338,LIDAR,-0.02402694171524633,,0.5577026983382369,True,ok
12.335429310415083,FLOW,0.09112290997973416,-0.03875619448977617,3.7577438809260384,True,ok
12.33810902810734,LIDAR,0.01168554244759168,,0.1335714362097237,True,ok
12.34865044616803,LIDAR,-0.04875012804096146,,2.3213988780511317,True,ok
12.349660493012289,BARO,0.13495283367937816,,0.14853780191314814,True,ok
12.361445388878273,LIDAR,0.008580663364239793,,0.0715940692338373,True,ok
12.369616608752487,FLOW,-0.015194457898194624,0.02804218363845466,0.3702859844040912,True,ok
12.37431179679403,LIDAR,0.005247449981699681,,0.026671336420450203,True,ok
12.375987004155405,LIDAR,0.0048124569065737255,,0.022750392279256383,True,ok
12.378849881022465,FLOW,-0.0015937499079088369,-0.011871118704667751,0.055484263493263554,True,ok
12.383322614487636,BARO,-0.19084937752444997,,0.2970549150736922,True,ok
12.386383202953551,LIDAR,-0.052084325652350216,,2.659796453865218,True,ok
12.398618860496033,LIDAR,-0.02307972446929263,,0.5199420881425582,True,ok
12.406196678378558,LIDAR,0.02755260988881547,,0.7435868920080537,True,ok
12.409654058998496,FLOW,-0.0012640392536886758,0.11958053265744459,5.295514997047522,True,ok
12.410401052001712,FLOW,-0.00966760018432522,-0.07916470446037978,2.5597130368440015,True,ok
12.424012396651777,LIDAR,-0.0072213640893510345,,0.050422993670845205,True,ok
12.43246240798203,BARO,-0.2751441782065336,,0.6173392633593622,True,ok
12.4331584065346,LIDAR,0.06406450825747845,,3.9809292676637806,True,ok
12.434756370255645,CAMERA,0.09691041275134271,0.01186500328307577,0.6063003332227901,True,ok
12.438482283698955,FLOW,-0.034310732506602104,0.027833673902330464,0.7494847357823893,True,ok
12.444320554955924,LIDAR,0.05827132793870771,,3.2909896771505465,True,ok
12.450315978910382,LIDAR,0.02621661979367751,,0.671065089341917,True,ok
12.459372879431996,LIDAR,-0.029030616349461802,,0.8238271424635142,True,ok
12.46746348237828,FLOW,0.01058580869003145,-0.05874004935090482,1.323972168486833,True,ok
12.47227303360829,LIDAR,0.007198988475448864,,0.05041037358453864,True,ok
12.475305598656606,BARO,-0.266994743512039,,0.5813740955236917,True,ok
12.48206278748054,FLOW,0.02093557025589665,0.047260678463267945,1.0259118244652725,True,ok
12.482687005806728,LIDAR,-0.9802877142712445,,934.6710454441447,False,gate
12.492658752983564,LIDAR,0.022668986758624055,,0.4920852475990767,True,ok
12.497539363212473,LIDAR,-0.05388420657539417,,2.8132339155090422,True,ok
12.5017441085174,FLOW,-0.07003329100040823,0.02507218883269102,2.126983852339216,True,ok
12.506906055105912,BARO,0.1828238887455753,,0.27256492055777165,True,ok
12.508298041993609,CAMERA,0.07192095592943648,-0.021079677088792548,0.35586105135027885,True,ok
12.512214214358366,LIDAR,-0.039729920045723066,,1.5204201359618605,True,ok
12.521422979466843,LIDAR,-0.03411351438747001,,1.1251244137213121,True,ok
12.526540072866903,LIDAR,0.027080844949520344,,0.7156249303859228,True,ok
12.527342439116033,FLOW,-0.01807624705216493,-0.06941152027724483,1.9312263956900702,True,ok
12.543031414485377,FLOW,0.008556317428779492,0.04423565012536564,0.7800744203573136,True,ok
12.543330898508005,LIDAR,-0.028260881051450415,,0.7711113342771514,True,ok
12.552446878948773,LIDAR,-0.05063875334470502,,2.484157381830455,True,ok
12.555901653445506,BARO,-0.3472229642450584,,0.9832260675298476,True,ok
12.559800508829397,LIDAR,-0.022790982498030132,,0.5059768129321303,True,ok
12.56417931339973,FLOW,-0.04477058148238555,-0.04495338785998224,1.5361278986208222,True,ok
12.56572372435147,LIDAR,0.004081375458728775,,0.016330832381385992,True,ok
12.583261643132472,LIDAR,-0.022251403504874645,,0.47932996217022117,True,ok
12.586857626326928,BARO,0.2884666015479982,,0.6786172352732887,True,ok
12.587484479235552,FLOW,-0.024114897489073694,-0.0875053671455821,3.1064753502703555,True,ok
12.59458185399339,LIDAR,-0.01943999536870855,,0.36567840455362566,True,ok
12.599013974799732,CAMERA,0.22362948395713467,-0.039717712915611436,3.2814304072975387,True,ok
12.60475483103778,LIDAR,0.023832461092985202,,0.5502982259680544,True,ok
12.609164353748755,FLOW,0.004271354337588074,-0.07928216719227321,2.3767621331121154,True,ok
12.610440374775376,LIDAR,0.00474381791517775,,0.02197630862633912,True,ok
12.622363626524326,LIDAR,-0.029811826724579937,,0.8651102366531223,True,ok
12.624361528521867,FLOW,-0.060287997032649976,0.009248359111526584,1.4366562423536695,True,ok
12.63237885714838,LIDAR,-0.009671277802176803,,0.09107517117300615,True,ok
12.63591100917338,FLOW,-0.05736368251224633,-0.004156327164025621,1.3113894689815857,True,ok
12.638894408407966,BARO,-0.050352849188147975,,0.02067675293426105,True,ok
12.642177991292979,LIDAR,0.019832465448051728,,0.3832580880611936,True,ok
12.654912080406906,LIDAR,0.026988406285912703,,0.7068406405400763,True,ok
12.65994882230646,LIDAR,0.039498686099343594,,1.5270284066598974,True,ok
12.661752830217702,BARO,-0.0025291325854790436,,5.2169621762903155e-05,True,ok
12.663507604682726,FLOW,0.055264888800472756,0.030087669279720855,1.5085283958180513,True,ok
12.66770553240414,LIDAR,0.008971171009730217,,0.07899298266814492,True,ok
12.683108077667214,FLOW,0.01754003684776717,-0.012002742438890553,0.17277151839135674,True,ok
12.68355799620057,LIDAR,-0.005351121188301278,,0.027819118525379195,True,ok
12.689821848046822,LIDAR,-0.01460095541547446,,0.20845572618514183,True,ok
12.69835752023822,LIDAR,-0.010635488321103725,,0.11078932377126736,True,ok
12.698369481820658,CAMERA,0.08213393221058318,-0.2327086389821949,3.6987432988418707,True,ok
12.701389275440672,FLOW,0.06810144289044917,-0.03367659729609071,2.2217828811565865,True,ok
12.708673462398144,BARO,-0.7023118974315714,,4.022447477024692,True,ok
12.708702996205012,LIDAR,0.009213866341136523,,0.08304479425105925,True,ok
12.721959690471369,FLOW,0.030278880683189957,0.04773630543579511,1.2235537534669683,True,ok
12.722897288676467,LIDAR,0.07709385566713456,,5.772898006832706,True,ok
12.728132277551712,LIDAR,0.03549892801906118,,1.2339069296441498,True,ok
12.741835526375533,LIDAR,-0.037431369031643236,,1.3630211256838638,True,ok
12.745450584902667,FLOW,-0.026210403851689934,-0.00015151159311196233,0.2606118484269191,True,ok
12.745972889792869,LIDAR,0.013452501547133622,,0.17771141215032005,True,ok
12.746987259570226,BARO,0.1317694884531848,,0.1416177487471596,True,ok
12.75504235348526,CAMERA,0.03195523379877763,0.0074410413171697165,0.06878302468230812,True,ok
12.757619892441426,LIDAR,-0.015508933910743039,,0.23530787774143397,True,ok
12.76276792020392,FLOW,-0.051782555115469586,-0.05625826112109898,2.2458720358118955,True,ok
12.772246758988924,FLOW,-0.004054478184073007,0.052499871398224346,1.102799780631654,True,ok
12.772957117197327,LIDAR,-0.021831024499939122,,0.4621314705458786,True,ok
12.77677409357127,LIDAR,0.0037089231888365326,,0.013480448179911298,True,ok
12.78616450700625,LIDAR,-0.031087974868548862,,0.9470523640010443,True,ok
12.78999278829228,BARO,-0.10746636687840105,,0.09419158883141063,True,ok
12.801556909431607,FLOW,0.007251650589873648,0.1315648746813356,6.568166636675737,True,ok
12.803903789108285,LIDAR,0.0676284620736789,,4.424785474154801,True,ok
12.811906576803578,LIDAR,-0.04949350216858983,,2.380924635996643,True,ok
12.817846126080894,FLOW,-0.05166519221474575,0.05293151870909438,2.109093887874219,True,ok
12.821251389233401,BARO,0.05189514654239957,,0.021961740251107437,True,ok
12.823451044293463,LIDAR,0.01598017090957571,,0.2477979457771539,True,ok
12.825605560864785,LIDAR,-0.029501321742998687,,0.8555290578832861,True,ok
12.843150000706723,LIDAR,0.05885164260286935,,3.3603152261122595,True,ok
12.846475957147202,FLOW,-0.0054153628000830345,-0.04223747603111467,0.6757480106770238,True,ok
12.849851436741645,LIDAR,-0.0178708799177687,,0.31173390986984995,True,ok
12.857541682419301,FLOW,0.010251697787358793,-0.006339595873603893,0.05657599214701478,True,ok
12.86336513016992,LIDAR,-0.0020016880771156487,,0.0038890288388675094,True,ok
12.869439881860792,LIDAR,0.0023451967067669166,,0.005375441473961961,True,ok
12.87130756415766,FLOW,0.018948892893839053,0.03797867638701183,0.7111437931083038,True,ok
12.875585892450413,BARO,-0.6105773515357955,,3.0403835316346135,True,ok
12.883962180740474,LIDAR,0.013162051432730859,,0.16808463717645888,True,ok
12.885886060219352,LIDAR,0.0019852041046508617,,0.0038749972965341183,True,ok
12.892577904905513,FLOW,0.02867172124674866,0.014646632123554356,0.4025531567272851,True,ok
12.904517049384115,LIDAR,-0.06010939134354887,,3.500324865997946,True,ok
12.911558418746862,LIDAR,-0.030564721082007473,,0.9103370549188131,True,ok
12.917321137253998,FLOW,0.07506530965549585,-0.0912576026499333,5.287475580623303,True,ok
12.923782949226936,LIDAR,0.023606430103567,,0.5412316159262753,True,ok
12.929183333780992,BARO,-0.08314577413991264,,0.056378483083372816,True,ok
12.932151785939714,LIDAR,0.05274367158422022,,2.7110684449602607,True,ok
12.932374549972792,CAMERA,0.11970211005134335,0.021645704994434856,0.9406540435123317,True,ok
12.9395076808079,FLOW,0.06441870249791037,-0.023692718489016374,1.782549056972745,True,ok
12.943134149473726,LIDAR,0.03050624334663876,,0.9056586683144621,True,ok
12.951255689124492,LIDAR,-0.007788262015804737,,0.0592220364806269,True,ok
12.95795724029814,FLOW,-0.012906027194133252,-0.03610483739228025,0.5611100934606437,True,ok
12.958128846709613,BARO,-0.4630730093531117,,1.7487952013586139,True,ok
12.960499203892802,LIDAR,0.004827245490150567,,0.022774108928853412,True,ok
12.973004931213655,LIDAR,0.008060051066009155,,0.06321942163687369,True,ok
12.980026940830989,FLOW,0.01908813020958866,0.04369489496522713,0.8621977778949204,True,ok
12.983896750443746,LIDAR,-0.0012839524454402174,,0.0016026574222997752,True,ok
12.991845476907942,LIDAR,-0.013981120171975725,,0.19074206647589872,True,ok
12.992401365158612,FLOW,0.07379733580638659,-0.07010598117833394,4.052538327261418,True,ok
12.992776584843432,BARO,0.27921883482342524,,0.6358577824434896,True,ok
13.000211916184268,CAMERA,-0.11587195723125632,0.16117038052449995,2.42163710755017,True,ok
13.003712248061461,LIDAR,-0.03382172055217447,,1.1129777309726845,True,ok
13.007893444685614,LIDAR,0.012186126524980079,,0.1458356880128553,True,ok
13.017495266326446,FLOW,-0.05854843121538367,0.05464153304724797,2.440546625174128,True,ok
13.024971965359663,LIDAR,0.05128169400800786,,2.5512550074056906,True,ok
13.031392686515614,LIDAR,0.043877381266178794,,1.8798984362030504,True,ok
13.04065637602806,FLOW,-0.013972286701363856,0.016668681912379323,0.1786384800849854,True,ok
13.043044083799057,LIDAR,0.022909178243351036,,0.511032401593187,True,ok
13.046698625545107,BARO,0.004175433942101847,,0.00014218476514112554,True,ok
13.052742568568608,LIDAR,-0.042207801485524055,,1.7361178095940817,True,ok
13.056235407154686,LIDAR,0.010602753334203907,,0.110655235689928,True,ok
13.065447786535245,FLOW,-0.06701218185033664,0.03209966965610108,2.063590051434345,True,ok
13.066573450348619,LIDAR,-0.0404453558290685,,1.6064877978185048,True,ok
13.071420915341756,FLOW,-0.0565110480802129,-0.04677237731917126,2.131476647312945,True,ok
13.077271733946516,BARO,0.4258583881337996,,1.4789942343713958,True,ok
13.079386384601545,LIDAR,0.005013222851647292,,0.024545303542746706,True,ok
13.08679895220872,LIDAR,0.03293206851089092,,1.0630242412529483,True,ok
13.091575325438017,FLOW,-0.01562480503328989,-0.033238832209627235,0.5260391391521132,True,ok
13.095426243948864,CAMERA,-0.23122870179687727,-0.00045893736146229713,3.411452986765353,True,ok
13.104217176702484,LIDAR,0.055063260786021306,,2.9351199960403265,True,ok
13.11136813861927,LIDAR,-0.017206003996489194,,0.2882651253207183,True,ok
13.120934575864032,LIDAR,0.05087364350332502,,2.5224290951970407,True,ok
13.1235603774461,BARO,0.007421927970492348,,0.0004492535348141464,True,ok
13.124845285512626,FLOW,-0.05488008679364409,-0.02046447504656214,1.2707939696359816,True,ok
13.125393663834963,LIDAR,-0.016169569194500077,,0.25702502129154803,True,ok
13.135463639179639,LIDAR,-0.02112611868905212,,0.4380246145555764,True,ok
13.147011320494503,LIDAR,-0.016838127669727143,,0.27725475546060446,True,ok
13.148686603377774,FLOW,0.055138105262761306,0.01757941249415889,1.2409893935298213,True,ok
13.153223475771924,BARO,0.6314075172749396,,3.251379516547882,True,ok
13.157724955767444,LIDAR,-0.0013275748961825151,,0.0017208085436658481,True,ok
13.160055904425347,FLOW,-0.004285422759846558,-0.016053633832853173,0.10674847270139327,True,ok
13.168077848769265,LIDAR,0.015374486409581056,,0.23059966236331522,True,ok
13.176449805332599,LIDAR,-0.01594890277654626,,0.24874175962305342,True,ok
13.179019327570757,FLOW,0.05252749384824473,0.017591808348227572,1.1866309179939556,True,ok
13.182648410880622,BARO,-0.45822262701625593,,1.7123844558022983,True,ok
13.190340941660212,LIDAR,-0.009929691385388129,,0.09579854696967524,True,ok
13.191733750340394,CAMERA,0.031123695357172743,0.08173823583273465,0.4672639085188675,True,ok
13.19175357258429,FLOW,-0.009864219855195255,-0.04888302802912636,0.9802047204114959,True,ok
13.197331762489322,LIDAR,0.013332118482813016,,0.17361638239296526,True,ok
13.208763810050176,LIDAR,-0.06710767104707971,,4.387614358310458,True,ok
13.213519203714128,FLOW,0.09073114784269531,-0.03108564867276213,3.559099478094885,True,ok
13.217026495654972,LIDAR,-0.028115088800650945,,0.7722907464083736,True,ok
13.229982046078385,LIDAR,0.0006303488977374982,,0.0003862925489598887,True,ok
13.23060949629261,BARO,0.0786817881164712,,0.05049056747272284,True,ok
13.235283777625174,LIDAR,0.0400370133414758,,1.5706983848765852,True,ok
13.237814044398506,FLOW,0.028203094037924537,0.07799271686136754,2.6032836874935126,True,ok
13.245467939320752,LIDAR,-0.04606305851573467,,2.0765386986806105,True,ok
13.25373377745166,FLOW,0.02757176659865701,0.009501190957867667,0.3281306280037597,True,ok
13.264157313221116,LIDAR,0.020438010638139215,,0.4030535587059599,True,ok
13.272715580880714,LIDAR,0.014223370764199217,,0.19605542332415352,True,ok
13.277486483927483,FLOW,-0.06888666353606232,-0.01916990016229138,1.9408431849448524,True,ok
13.282982648969606,LIDAR,0.014272964587003667,,0.19758325930787837,True,ok
13.289121648132706,BARO,-0.4514955801742442,,1.6623865285290942,True,ok
13.289346250612,LIDAR,-0.00995565616865246,,0.09678357549940084,True,ok
13.297558082549475,LIDAR,0.04784902563463067,,2.2411565378905975,True,ok
13.306800511496576,FLOW,0.04116868462273837,0.05474095719601349,1.7281927844386453,True,ok
13.307097569207487,LIDAR,0.00525325296652035,,0.027012371715404947,True,ok
13.3105045957264,CAMERA,-0.03067310440380755,-0.0661415873214054,0.3245604097289999,True,ok
13.312184530176816,BARO,-0.30142993858449474,,0.7410198202329099,True,ok
13.31236254770182,FLOW,0.04417215294588295,-0.027646414774816268,1.0703371008115066,True,ok
13.317398700915565,LIDAR,0.014077712120386554,,0.19377388879045837,True,ok
13.330524252188617,LIDAR,-0.03024684716224524,,0.8897632588004692,True,ok
13.3356702261314,FLOW,-0.05411665784926267,0.008007287713555807,1.151870298301123,True,ok
13.34068606255195,LIDAR,0.02014391320583675,,0.39473954381632387,True,ok
13.347841201014734,LIDAR,-0.043086005052088705,,1.8146195730814807,True,ok
13.359921449909162,BARO,-0.1303480183107535,,0.13855541584627468,True,ok
13.36050960295976,CAMERA,0.18561262041735205,-0.0035911705231982394,2.203880007853251,True,ok
13.361558740528526,FLOW,0.011259151218071084,0.02010624181328597,0.19919120833235315,True,ok
13.364783713151464,LIDAR,-0.026356382859255678,,0.6715462476910998,True,ok
13.367405040103566,LIDAR,-0.01711109707472014,,0.28676922735172705,True,ok
13.380242621234714,LIDAR,-0.028356476459798774,,0.7834752261739562,True,ok
13.385942800594401,FLOW,-0.10931492926742381,0.05136735095277691,5.431688940440029,True,ok
13.389166193474198,LIDAR,0.0006742567262474353,,0.00044375988175241366,True,ok
13.397738364427099,LIDAR,-0.015324064022049999,,0.22966874296752238,True,ok
13.402913536802126,BARO,-0.011836424471544316,,0.001142602867276732,True,ok
13.407266349885841,FLOW,0.05272531478491249,-0.013829883785510137,1.113373858830177,True,ok
13.41002111960413,LIDAR,0.006696741316932542,,0.04368718968495412,True,ok
13.423258605015501,LIDAR,-0.03349756513351787,,1.0878269211285996,True,ok
13.428189090310353,LIDAR,0.001865845277086997,,0.003405344614086226,True,ok
13.428721688980334,FLOW,-0.028625612986999505,-0.03169336331498125,0.6846572211780263,True,ok
13.435718366552146,LIDAR,-0.020101299407626172,,0.39648293726351236,True,ok
13.43695842759751,FLOW,0.006571627881690301,-0.008600905402703071,0.04615567566579557,True,ok
13.447397446604338,LIDAR,-0.01569670649131716,,0.24085747277363634,True,ok
13.449043703773187,BARO,-0.15666855021840087,,0.20018681360418517,True,ok
13.464710380372917,LIDAR,0.02754282480964676,,0.7329596224405986,True,ok
13.46667504876235,FLOW,0.014381263649067666,-0.0001307235942411486,0.07785726421725687,True,ok
13.467726205047974,LIDAR,0.03942609510535089,,1.5208837101439328,True,ok
13.472965860432888,FLOW,0.07498999839197706,-0.06678351959016843,4.008023093737715,True,ok
13.477899547213227,BARO,0.34254138068718065,,0.9568726899035175,True,ok
13.481830189595719,LIDAR,-0.0035340452322945026,,0.012136721952520194,True,ok
13.493429902466817,FLOW,0.049928508962522766,0.01676796963269364,1.0836500690075408,True,ok
13.494606837360895,LIDAR,-0.005315368706723778,,0.027355610451381393,True,ok
13.49547171811549,LIDAR,-0.029316053027708566,,0.8450187208632444,True,ok
13.507209938562664,LIDAR,-3.4915176758175215,,11935.957950617583,False,invalid
13.513703061864124,FLOW,-0.05135235483190703,0.058430872639169844,2.336768768513498,True,ok
13.516180766664625,CAMERA,0.06126342713119115,-0.15168805000967095,1.6231589868146998,True,ok
13.518147115950866,LIDAR,-0.02161243742518426,,0.44966700743787785,True,ok
13.528399161017337,BARO,0.21288261957004595,,0.3695394286581821,True,ok
13.5323091796283,LIDAR,0.029335863543934693,,0.8253471287431167,True,ok
13.54001865782838,LIDAR,-0.001775893695463271,,0.0030459449072167397,True,ok
13.54013469301106,FLOW,-0.07704907446762976,0.008242849394744484,2.25968751520835,True,ok
13.546929560785044,LIDAR,0.003167477151639897,,0.009755171716522758,True,ok
13.552098326746977,FLOW,0.07815961866425125,-0.027478308377104653,2.673581820869105,True,ok
13.556123669069173,BARO,-0.5222597315077748,,2.224274515803878,True,ok
13.558513055203697,LIDAR,-0.011381172651568239,,0.12572743142123322,True,ok
13.571442456588262,LIDAR,-0.055222860942766516,,2.9493499850656812,True,ok
13.57151681569606,FLOW,-0.05051366761937959,0.0493219768612069,1.9260066033231016,True,ok
13.579732354156883,LIDAR,-0.010965086973558247,,0.11678397848759249,True,ok
13.591256689770567,LIDAR,0.11295302270063168,,12.373027043476855,False,gate
13.602038052012608,LIDAR,0.035200384611272284,,1.1814621648700014,True,ok
13.606529716907088,BARO,0.4970014155098692,,2.0141948185714105,True,ok
13.608653405088122,LIDAR,-0.02981189431482223,,0.8561317709007291,True,ok
13.608692628424082,FLOW,0.08053890043752188,0.08786202576434318,5.140985147857094,True,ok
13.61543577177005,CAMERA,-0.018602336553009025,0.003493417069452498,0.022768860599817305,True,ok
13.617735021732596,LIDAR,0.06101129077184009,,3.5999325242163236,True,ok
13.62543462592222,LIDAR,0.021389260298859902,,0.44477559348265633,True,ok
13.627456674244247,BARO,0.29292073252459705,,0.6997687071255795,True,ok
13.628891571456617,FLOW,-0.07627802253156979,0.08698501423366232,4.965466380514276,True,ok
13.632740063216009,FLOW,0.0711770361755728,0.025573594402021487,2.2749736516156642,True,ok
13.635349188630562,LIDAR,0.06371324513258259,,3.94990464314557,True,ok
13.654976967784913,LIDAR,-0.017619956594199238,,0.2977323750054092,True,ok
13.66177044689982,LIDAR,0.01861790068265412,,0.3352433849697674,True,ok
13.66618662570473,FLOW,-0.07760226142170024,-0.06083720533660908,3.6331951388984525,True,ok
13.670440993585718,LIDAR,0.01223798242200047,,0.1453918086202122,True,ok
13.672044796761117,FLOW,-0.08331720273730547,0.023500427399246022,2.9731101945264973,True,ok
13.675383937588755,BARO,0.11296839831106809,,0.10407543925444925,True,ok
13.67781889915559,CAMERA,0.06451678104206415,-0.1216404982268125,1.1627893369766087,True,ok
13.680374924908842,LIDAR,-0.029595447988027157,,0.851264523572517,True,ok
13.686940874996125,LIDAR,0.0219919648037612,,0.4728474200270577,True,ok
13.693885767123094,FLOW,0.025098941627516913,-0.0023326160210278505,0.2466664432773516,True,ok
13.701904188209946,LIDAR,-0.03687262708154959,,1.3185185675843556,True,ok
13.70747830983033,LIDAR,0.07734515832490807,,5.847526985160964,True,ok
13.70827709934112,BARO,0.18469971702536014,,0.2782329495212878,True,ok
13.720840311530091,FLOW,0.011188540696980276,-0.13291155155698453,6.683832494310107,True,ok
13.721446728257005,LIDAR,-0.059965602942443574,,3.492345417573875,True,ok
13.729833148347765,LIDAR,0.005372647257666507,,0.028126584680135323,True,ok
13.737469221348453,LIDAR,0.0134461556533223,,0.17683661794012892,True,ok
13.742363844064545,BARO,-0.24025917058213064,,0.470777718543915,True,ok
13.748375528237716,FLOW,-0.04706396492817899,0.03386013092782888,1.2393927906391184,True,ok
13.754139622446633,LIDAR,0.015414604354965888,,0.22992157759726972,True,ok
13.762450608032982,LIDAR,0.020926304027306664,,0.4255058117935985,True,ok
13.765119781044284,FLOW,-0.034983103092539825,-0.019720551692467315,0.6113432336641055,True,ok
13.772273196175002,LIDAR,-0.030017278212700393,,0.876371385437562,True,ok
13.775201463143535,FLOW,-0.004725887456510369,-0.039119632684484165,0.6100097218721621,True,ok
13.776955728515532,LIDAR,-0.05825723806186511,,3.3295818988840313,True,ok
13.783075340727637,BARO,0.20533435292125235,,0.3438597032286959,True,ok
13.790554835499442,LIDAR,-0.039612933545941864,,1.529424958924687,True,ok
13.791791787043637,FLOW,0.07474702165375668,0.028795631966774295,2.5202480822199442,True,ok
13.802796989210862,LIDAR,0.010289371734887975,,0.10284258228379116,True,ok
13.806704597016216,LIDAR,0.023754290707720394,,0.5536663932348324,True,ok
13.822644551033,FLOW,0.0357575348920216,0.0403725277788647,1.0864806601110892,True,ok
13.823348789624115,LIDAR,0.028297737115547505,,0.7768364933833424,True,ok
13.832387065884028,LIDAR,-0.0021781950084869273,,0.00461428023616347,True,ok
13.83494050467831,CAMERA,0.08535255637294803,-0.07578536717217205,0.8073019563626648,True,ok
13.839442121514336,FLOW,0.0026733744158204953,-0.040142595751809076,0.6167340141800104,True,ok
13.844127879158053,LIDAR,-0.029242025123735527,,0.8298177630725388,True,ok
13.846548111331497,BARO,0.19061815087638934,,0.29632994949200553,True,ok
13.852043912101596,LIDAR,0.01890915624361833,,0.3484710191314655,True,ok
13.852668040456608,FLOW,-0.037273556123516016,-0.07425420285574819,2.6949442232121035,True,ok
13.864327767618034,LIDAR,-0.03648224573437675,,1.2927197041757843,True,ok
13.871476045124172,LIDAR,-0.009319734431357585,,0.08479839876352417,True,ok
13.87870029932522,LIDAR,-0.02553251662494782,,0.639002285627957,True,ok
13.879887000407019,FLOW,-0.015103906209778861,-0.018772091396620408,0.21857996080944345,True,ok
13.885708949703327,LIDAR,-0.01892586592376677,,0.3523392367367065,True,ok
13.885953366681436,BARO,-0.0008883518609712482,,6.436753191088888e-06,True,ok
13.895587182250011,FLOW,-0.0402655844956914,0.10435055823673048,4.803655936796219,True,ok
13.896364419200447,LIDAR,0.013814253684185207,,0.18723884442441371,True,ok
13.905975862780856,LIDAR,0.03334754188164046,,1.0904572266642647,True,ok
13.913624150741347,FLOW,0.03532241706570782,-0.08679366467249404,3.3863795153169325,True,ok
13.918345273996593,LIDAR,-0.038508484325704195,,1.4472822134284262,True,ok
13.919338491742145,BARO,1.1510285497937613,,10.805451823436469,False,gate
13.9293276747238,LIDAR,0.01030671977070563,,0.10350049262601238,True,ok
13.929512855941953,CAMERA,-0.20320219316104549,-0.02688791878456087,2.673795887604039,True,ok
13.939967100987547,FLOW,-0.0289093655796806,-0.00955679951891495,0.34850266172146793,True,ok
13.944300154796593,LIDAR,-0.02027719622370361,,0.3975898129691027,True,ok
13.946537194500143,BARO,-0.20319970516344377,,0.3367318260279865,True,ok
13.950164004071784,LIDAR,0.017698538247106654,,0.30538026440814964,True,ok
13.96235202111188,FLOW,-0.06367938745815183,-0.003913876521850983,1.5280314754026634,True,ok
13.964012870396877,LIDAR,0.01660183403317239,,0.26712344785511105,True,ok
13.966337018959507,LIDAR,0.01055047431892886,,0.10928701415046661,True,ok
13.97019615468219,FLOW,-0.01992398063457612,0.05960203057377462,1.5560148909479787,True,ok
13.975531871070482,LIDAR,-0.028135906625485152,,0.7771605677633622,True,ok
13.985168052060674,LIDAR,-0.012492692638614855,,0.15310150917395468,True,ok
13.998759278356925,BARO,0.20740731926260914,,0.3508043667954059,True,ok
14.001353012363634,FLOW,0.0011618544779790074,-0.019490312529479043,0.14230406549919197,True,ok
14.00206315549383,LIDAR,-0.007840814186600209,,0.059613314924948375,True,ok
14.005367229215388,LIDAR,0.06557297894220637,,4.216979039155861,True,ok
14.015072334004104,LIDAR,0.023272730979519984,,0.5308352967990412,True,ok
14.024202027388183,FLOW,0.06006428901865024,-0.027367523042867777,1.6307832651904373,True,ok
14.033053429286241,BARO,0.3710892704800912,,1.1229128312098011,True,ok
14.03342751569638,LIDAR,-0.0027031625000457637,,0.00706397197077473,True,ok
14.035828772058407,CAMERA,0.05013412253552829,-0.1904403759629987,2.3435519237655598,True,ok
14.036372841013078,FLOW,0.019746996697744823,-0.01680644082488531,0.26083165553820337,True,ok
14.042837316291209,LIDAR,-0.017386952461730054,,0.2930188585422884,True,ok
14.047366342582317,LIDAR,0.013325255665332048,,0.17376434873857996,True,ok
14.055867006523432,FLOW,0.023583236715436273,0.012796667063269214,0.27792984420622346,True,ok
14.057703297633788,LIDAR,0.018074732004528915,,0.3193218719264322,True,ok
14.070588043689822,BARO,-0.13459736101811526,,0.14773488132993914,True,ok
14.071652419014942,LIDAR,0.03912873605096223,,1.4869433513767762,True,ok
14.082783300194533,FLOW,0.03374437792977636,-0.026682267567520034,0.6948193629477925,True,ok
14.083994700959158,LIDAR,0.019626289880434467,,0.373032167187563,True,ok
14.084665830715831,CAMERA,0.10440645469935461,-0.04866512110378768,0.8400320229218186,True,ok
14.089794429042378,LIDAR,-0.004373531701092226,,0.018669626312194862,True,ok
14.095495335933748,FLOW,-0.06291048011876499,0.03171137740838573,1.9268710404669194,True,ok
14.095734699010144,LIDAR,0.019604507152928274,,0.3773836821631207,True,ok
14.106831621523693,LIDAR,0.0263088721818292,,0.6776085064967526,True,ok
14.1068522128641,BARO,-0.2771229909384929,,0.6263681286445076,True,ok
14.124226835027926,LIDAR,0.03022311414533041,,0.8835115810834543,True,ok
14.124609252662037,FLOW,0.014255269044006313,0.043553248035835414,0.7839154112516463,True,ok
14.132694547803704,LIDAR,-0.013549741323030773,,0.17829049399959973,True,ok
14.132860651297023,FLOW,0.029581282089896854,0.067822971898647,2.149748921134946,True,ok
14.137445185319889,LIDAR,0.020848532147714316,,0.4258511665901131,True,ok
14.150409195000888,FLOW,-0.006244673791574451,0.016083434524967626,0.11650221122239088,True,ok
14.152605331166177,LIDAR,-0.06406190236407694,,3.9854497576581127,True,ok
14.158263416278876,LIDAR,-0.0045107912320161425,,0.01990773902368755,True,ok
14.168273452047488,LIDAR,-0.029281744958688183,,0.8383426718062348,True,ok
14.16962107747705,BARO,0.49810924229751574,,2.0235929837404107,True,ok
14.176735119877387,FLOW,0.02318714349043649,-0.09302241641780871,3.473638910111606,True,ok
14.181945507540075,LIDAR,-0.05299538519676883,,2.7294258239584845,True,ok
14.184310059249489,CAMERA,-0.09211541744686258,-0.12615272040007053,1.5110301989598236,True,ok
14.186830326949503,BARO,0.050108642073887655,,0.02047683980900236,True,ok
14.193350823714486,LIDAR,0.009747607097083222,,0.09221134009150195,True,ok
14.197003140455823,LIDAR,0.029380681199827396,,0.8467117271837005,True,ok
14.199633653845762,FLOW,-0.0031375771009358733,-0.05803662093206245,1.2676430723095855,True,ok
14.210073230107318,LIDAR,-0.011902718792512257,,0.13815997127697643,True,ok
14.21504536357959,LIDAR,-0.009613424981284702,,0.09081518878107887,True,ok
14.224850367368601,FLOW,0.08354731561403983,-0.058808613763829745,3.877238445634709,True,ok
14.23041946507554,LIDAR,0.00371460686576075,,0.013428517757797132,True,ok
14.236032636949343,BARO,0.15584324132107774,,0.19806767300037356,True,ok
14.239538043296747,FLOW,0.04041047078020488,0.04369221602265997,1.3548859806098004,True,ok
14.243655918022897,LIDAR,-0.05385444412006102,,2.809871993507395,True,ok
14.246658872648672,LIDAR,0.029950901750449788,,0.8795815396723193,True,ok
14.259098367953692,LIDAR,0.03503867388355264,,1.1980518366116788,True,ok
14.263786651669884,FLOW,-0.07492056854149687,0.025757864673131577,2.3667679561278443,True,ok
14.268452667401192,LIDAR,0.0346221245644025,,1.1707114574314952,True,ok
14.273319669150828,FLOW,-0.0471615528533631,0.03816629635286292,1.4471938790593901,True,ok
14.2749894340416,BARO,-0.17037796402249628,,0.23673891086890503,True,ok
14.278708858970942,LIDAR,0.011330230630244742,,0.12530315479125703,True,ok
14.289677827336723,LIDAR,0.017961377906258402,,0.3143622832381627,True,ok
14.294499109923857,FLOW,0.036728991575454506,-0.055185179815792886,1.6988858102599291,True,ok
14.304394323770154,LIDAR,-0.004019240963832882,,0.015628868393962016,True,ok
14.308107483402473,LIDAR,-0.045246972149891374,,2.003069385503155,True,ok
14.31518982963128,BARO,-0.23619082911720168,,0.454957736200972,True,ok
14.32439635411251,LIDAR,-0.0016601502177975291,,0.0026691659261590143,True,ok
14.325407396029775,LIDAR,0.038570406380574074,,1.4626709335222325,True,ok
14.328215277729932,FLOW,0.028501597893652475,0.04359075720983796,0.9935169544614257,True,ok
14.335308722064445,CAMERA,0.13080952807247392,0.29677966881415085,6.3972145469886526,True,ok
14.338618595892292,FLOW,-0.009515803623507901,-0.05984732492021775,1.4153658247835497,True,ok
14.343566747174679,LIDAR,0.014566351353645146,,0.20570104927933702,True,ok
14.35093362499368,LIDAR,0.003936247123070391,,0.015099398654991217,True,ok
14.357198237488287,LIDAR,0.019505866124041038,,0.37294934121988493,True,ok
14.363993694376708,BARO,-0.46364641386526273,,1.753176818517668,True,ok
14.364454323710856,FLOW,-0.003403319466038335,0.10288992705682219,3.984380022279708,True,ok
14.373569352767966,LIDAR,0.000678808020896593,,0.0004468705089587229,True,ok
14.383426175839352,LIDAR,-0.016680075070263367,,0.2701766749697697,True,ok
14.383667085667032,CAMERA,0.10257064308215647,-0.01945696622122217,0.695189573642809,True,ok
14.386702953154357,LIDAR,0.060789359022079825,,3.6284476842324964,True,ok
14.387748201617505,BARO,-0.28877811070644555,,0.6801678038600976,True,ok
14.388092308471585,FLOW,-0.04199687462124957,-0.029179506312426107,0.9788333015289644,True,ok
14.39858934599112,LIDAR,0.0016457707051444892,,0.0026486807933745675,True,ok
14.402932801914583,FLOW,-0.03852034216882849,0.022733400180927565,0.7692272053559395,True,ok
14.412293512249526,LIDAR,0.029800828752059694,,0.8630547149871394,True,ok
14.414051431795171,FLOW,0.034732493612198434,0.06225412401793605,2.0077519973998945,True,ok
14.416724551067894,LIDAR,-0.03348044585041521,,1.099379902095868,True,ok
14.427850071382906,LIDAR,-0.013411421670617152,,0.17591025803651278,True,ok
14.431833253543271,FLOW,-0.0020411289148551948,-0.039455694127273934,0.6118153429094457,True,ok
14.4434798697682,LIDAR,0.029178461524695276,,0.8249956704753548,True,ok
14.448378552819346,BARO,-0.015942132813983267,,0.002072631635232279,True,ok
14.451424492643211,LIDAR,-0.041964182856252474,,1.7141709894037052,True,ok
14.458065219596973,FLOW,0.0019545299406140693,0.008101172775244511,0.026309597133836387,True,ok
14.462179953165638,BARO,0.7348051411133243,,4.403055434148178,True,ok
14.46430114578277,LIDAR,0.017488456799089835,,0.29653427306460056,True,ok
14.467555218036528,LIDAR,-0.022492975517315106,,0.49618333883014054,True,ok
14.470396977705342,FLOW,0.06087356767437191,0.029604638762709044,1.7908178654819038,True,ok
14.479649303197588,LIDAR,0.019177909473249155,,0.3591623165054021,True,ok
14.483966028257468,CAMERA,-0.23503619462702474,-0.0793721638958379,3.9120207070835598,True,ok
14.492626453648823,LIDAR,-0.06746006178984887,,4.422533734354875,True,ok
14.494810519030283,FLOW,-0.024290884771647425,0.029387229327729195,0.5529819867392695,True,ok
14.498614062914148,LIDAR,-0.019672492189396262,,0.3786646435341408,True,ok
14.510355804652567,FLOW,-0.0675920606506506,-0.026203838634791282,2.033756022496667,True,ok
14.51152029002613,LIDAR,-0.006378919980155384,,0.0396106830674822,True,ok
14.516649822549182,BARO,0.15062009450840863,,0.18501498867013239,True,ok
14.521792239194452,LIDAR,-0.042791826821598544,,1.782588089467959,True,ok
14.528259439523726,LIDAR,0.0343234782380204,,1.1534479040423633,True,ok
14.535315418299575,LIDAR,0.00455692536663177,,0.02040608856970741,True,ok
14.545789952435292,BARO,0.42233108551298626,,1.4546058884368798,True,ok
14.548227459531974,FLOW,-0.03907995454985791,-0.06768436430855215,2.2035133126810273,True,ok
14.552765142186583,FLOW,-0.004877238257622762,0.028545819959315842,0.32723436004263146,True,ok
14.553286971202338,LIDAR,-0.0182833697773912,,0.32406788181056806,True,ok
14.557519962837006,LIDAR,0.04822703405726969,,2.2774312682420677,True,ok
14.558733227002833,CAMERA,-0.0017901554262920172,0.24618583310358316,3.698670201306532,True,ok
14.568262961698053,LIDAR,-0.003879708202628507,,0.014710293523162494,True,ok
14.577817302176046,FLOW,-0.008824552048099843,0.030476516132345425,0.3822129611434893,True,ok
14.584549002977,LIDAR,0.0007469725242876812,,0.0005397984226747075,True,ok
14.590072527264434,LIDAR,-0.033595605197440204,,1.1012051694960423,True,ok
14.595686809245594,BARO,0.02739255644234939,,0.006119417256738946,True,ok
14.599161860062823,FLOW,0.054245614761925465,-0.04572627349416726,1.9065281448954021,True,ok
14.604278193502454,LIDAR,-0.050679387525539354,,2.4897307021919475,True,ok
14.605639652072885,LIDAR,-0.0067944924730651834,,0.04539836867682803,True,ok
14.614589304286655,FLOW,-0.08945672382087122,-0.02397373718513318,3.3105589556530806,True,ok
14.623430476038177,LIDAR,-0.041918333609254343,,1.7047746847019365,True,ok
14.626417647139005,LIDAR,0.01432127271571293,,0.2013312955750789,True,ok
14.637718230208032,FLOW,0.1565066407761173,0.0020400743552923747,9.303505579782126,False,gate
14.638532115936416,BARO,-0.0774263581115271,,0.04888827405431413,True,ok
14.642487761672307,LIDAR,0.00617724436377598,,0.03706866872138705,True,ok
14.647228902946912,LIDAR,0.0406379344117167,,1.6184353109739513,True,ok
14.659128036137545,LIDAR,0.01581645798982878,,0.24421707234525902,True,ok
14.664207708266728,FLOW,-0.03741202814266509,0.01267494448624007,0.5416874901399865,True,ok
14.667826984347194,BARO,0.00413596831235763,,0.00013950317982289474,True,ok
14.673598138289185,LIDAR,-0.0059018972649163,,0.03376785731423149,True,ok
14.681556403112179,LIDAR,-0.01147922569474602,,0.12829642494796703,True,ok
14.688385047536038,FLOW,-0.003702893402631302,0.03211414750351044,0.3726754189410545,True,ok
14.689007599193532,LIDAR,-0.04465793680159935,,1.9498919865762043,True,ok
14.69361909579897,FLOW,0.03915021715489364,0.017577879483432514,0.7134905565448775,True,ok
14.695016349430569,LIDAR,0.03557481344662561,,1.2442420201684805,True,ok
14.710856802088351,LIDAR,0.0015477207035372587,,0.0023305555637429276,True,ok
14.716052284238827,FLOW,0.03789123569338537,0.036524192597323896,1.0571840710080043,True,ok
14.717287700714884,BARO,-0.3863952930530683,,1.2175757218710976,True,ok
14.72341057085661,LIDAR,-0.012630074726358131,,0.15467328355297733,True,ok
14.733865334982903,LIDAR,0.01848308864727155,,0.33138489720082887,True,ok
14.735605404778749,LIDAR,-0.026674636782272998,,0.6996877813292997,True,ok
14.739749336979212,CAMERA,-0.01055697011877399,-0.11534630087535303,0.8073680468613794,True,ok
14.741227468786377,BARO,-0.005790698556789042,,0.0002734824185671309,True,ok
14.744854405717701,FLOW,-0.020024508158743348,0.04502089009866273,0.8975902517194804,True,ok
14.748841147983315,LIDAR,0.009959133516356466,,0.09691108582350937,True,ok
14.759181798031234,FLOW,0.10631008889752835,-0.07798123808292541,6.652658417025762,True,ok
14.764901660676164,LIDAR,-0.016935019700880627,,0.27750671552201933,True,ok
14.77258744753446,LIDAR,0.011347342438125185,,0.12523162396459517,True,ok
14.776084112087155,LIDAR,0.0021249643650249617,,0.004437665241328071,True,ok
14.783445640066313,FLOW,-0.0017104916199783826,-0.02601997098652918,0.2556523141077151,True,ok
14.793672476841724,LIDAR,0.0709428783443995,,4.881850582715007,True,ok
14.795651847366425,FLOW,0.008194079500362994,0.021868076580781718,0.21226705608695948,True,ok
14.80067810017986,LIDAR,-0.06328997269513081,,3.9074238277569875,True,ok
14.804288154772681,BARO,-0.07938106183731719,,0.051391238330178904,True,ok
14.811570270613116,LIDAR,0.015353268752281046,,0.22963834527274432,True,ok
14.815760311009194,CAMERA,0.03650179605102544,0.1374445317920845,1.2275718878858204,True,ok
14.81768136289486,LIDAR,0.025299592185764386,,0.6273755588091013,True,ok
14.82020401376185,FLOW,0.030735022269761103,0.04548512640920556,1.144646052263499,True,ok
14.833033857677766,LIDAR,0.02883504255354863,,0.807518218105949,True,ok
14.84126290958555,LIDAR,-0.03829271216802743,,1.4291252127372485,True,ok
14.84221849225032,BARO,0.6689831890976823,,3.650038617667149,True,ok
14.848355753254099,FLOW,0.07959166750587676,0.04681351271912682,3.157687003318849,True,ok
14.850695065860666,LIDAR,-0.04719609021927296,,2.1732816734263154,True,ok
14.85857690960146,FLOW,-0.08565531127052495,0.0028297400950967715,2.8518832020816074,True,ok
14.864902445959375,LIDAR,-0.021133910136811096,,0.4329140167166548,True,ok
14.86801542758251,LIDAR,-0.04629491649345896,,2.1018751458113325,True,ok
14.872975457220262,BARO,0.46674421798571997,,1.7767289768431394,True,ok
14.877724182216493,LIDAR,0.04846015684341598,,2.30184669352947,True,ok
14.879025216649255,FLOW,-0.05404709998320767,0.028198397121053945,1.4295496513251518,True,ok
14.892482861792047,LIDAR,0.029133099343279678,,0.82506230409268,True,ok
14.893266528618291,FLOW,0.0061892226300035436,-0.07734972125188731,2.3523954306930945,True,ok
14.895752957022927,LIDAR,-0.041996916041898924,,1.733273006809487,True,ok
14.910015123390101,BARO,0.3634514577589627,,1.077237052403064,True,ok
14.912927324790564,LIDAR,-0.015704492392568437,,0.2394026685011195,True,ok
14.916497812578294,LIDAR,0.04028053015330224,,1.5919483208668848,True,ok
14.926350153709837,LIDAR,-0.005424241799505403,,0.028840547012175016,True,ok
14.928750501653893,FLOW,-0.018493958756993223,0.012339331874580202,0.18135341999287574,True,ok
14.932261797404246,CAMERA,-0.049126751009900715,-0.05966014431969513,0.3683982584076733,True,ok
14.936390990541746,LIDAR,-0.03140669386732409,,0.9658449237326874,True,ok
14.94593890604094,FLOW,0.00028248271151887216,-0.050430681728032244,0.9566417022427609,True,ok
14.952152506868956,FLOW,0.037070284395148034,0.01510198742710634,0.6373714677417801,True,ok
14.953923271408563,BARO,-0.4189807822720044,,1.4314535489359659,True,ok
14.95475619409144,LIDAR,0.003466517345399378,,0.011608001816176638,True,ok
14.955525120135372,LIDAR,0.0017520034913687255,,0.003013068424398307,True,ok
14.9670492854434,LIDAR,-0.018512600735677953,,0.33521217404595827,True,ok
14.976066793320811,FLOW,0.07239000909343285,-0.015261484764649273,2.112118840151017,True,ok
14.981943286984372,LIDAR,-0.00914310094348414,,0.08110489202250043,True,ok
14.986573209351713,CAMERA,-0.04130059149162513,0.2323879258189887,3.397179569026077,True,ok
14.992966864215722,LIDAR,-0.0175134678238571,,0.29740594732935455,True,ok
14.995172942975868,LIDAR,0.028791798612995745,,0.814330297181877,True,ok
15.007198647315885,FLOW,0.026296619929479847,-0.0023724276204454345,0.25781459524440203,True,ok
15.009062500655544,BARO,0.027941252277572826,,0.006366651889538479,True,ok
15.013594534013828,LIDAR,0.026387317032080304,,0.6743616527611859,True,ok
15.015343303130052,LIDAR,-0.02773838700054654,,0.755673325776357,True,ok
15.024522238800083,FLOW,0.06376406410181601,-0.025337003062069235,1.7821926981413347,True,ok
15.03144466009252,LIDAR,0.016585061542601753,,0.26727937856850503,True,ok
15.034172733656332,FLOW,-0.06368468642379654,-0.02551535457124774,1.8548017591469461,True,ok
15.041446197125474,LIDAR,-0.005239507007357869,,0.026693858271253836,True,ok
15.042301740187185,BARO,0.24990560824052732,,0.5093462176290466,True,ok
15.051155905751989,LIDAR,-0.016207979740445744,,0.25572317523781957,True,ok
15.059977774478547,LIDAR,0.06558006481282952,,4.19553815159777,True,ok
15.062376686766939,FLOW,0.001488586087524224,0.08396020646068873,2.6614200986213934,True,ok
15.071080034747427,LIDAR,-0.0194242424152673,,0.36742054756139436,True,ok
15.071678731855993,BARO,-0.03915088638009623,,0.01250114563982252,True,ok
15.0824136376659,LIDAR,-0.06029075386944305,,3.533838992112891,True,ok
15.089581642785545,FLOW,-0.0333062554621264,-0.042979158655950186,1.0924343683190019,True,ok
15.092020779265987,LIDAR,0.002926777753281762,,0.008337722871449321,True,ok
15.100612677899377,LIDAR,0.015632210908892663,,0.2384532897215422,True,ok
15.10130512377271,FLOW,0.011632585351088798,0.016743935665776505,0.16035665024666274,True,ok
15.112638133822015,LIDAR,0.0317750119003013,,0.9820366347366752,True,ok
15.11794064465228,FLOW,-0.0374535893601331,-0.016458903411709913,0.6513467709788425,True,ok
15.118022992025686,LIDAR,-0.029609527596655916,,0.8592089279809205,True,ok
15.127010761845375,BARO,0.09602016091005039,,0.07519072897495822,True,ok
15.130078743416345,CAMERA,-0.17231566950816735,0.1924578246855297,4.129486033473336,True,ok
15.130804142961754,LIDAR,0.0430230972886636,,1.804816655989262,True,ok
15.143405834231853,LIDAR,0.0119677340063582,,0.1390984526626415,True,ok
15.145094506724844,FLOW,0.03408774442179818,-0.003996372237357861,0.44413521729274574,True,ok
15.148033297568137,LIDAR,-0.007739863880657172,,0.05870590110834982,True,ok
15.15675882258629,LIDAR,0.009372617304668651,,0.08617210324643149,True,ok
15.158715373679446,FLOW,0.04473640683991964,-0.07352252411605924,2.8674725020876495,True,ok
15.165835629298465,BARO,-0.1622913310296994,,0.21479903926899802,True,ok
15.167916060652082,LIDAR,0.03421893379925933,,1.1454371812130726,True,ok
15.170065022892683,FLOW,-0.046200614454233735,0.028947228131328558,1.1809146115804783,True,ok
15.182179876399456,LIDAR,0.04589907111077407,,2.0461463453186037,True,ok
15.187134245345229,BARO,-0.23297214815836664,,0.4426327587454267,True,ok
15.187490509215365,CAMERA,-0.002826467928651155,0.21726727499011467,2.8739504561779237,True,ok
15.1899595857441,LIDAR,-0.028997857658697335,,0.8202256711120041,True,ok
15.198441923501033,LIDAR,0.02242358682468737,,0.4915755208871955,True,ok
15.199929660662423,FLOW,-0.09922686857759033,-0.07553014259218191,5.875323324943392,True,ok
15.205568195103655,LIDAR,-0.004320892489331207,,0.018323425560799314,True,ok
15.211734309215517,FLOW,-0.024583023911782798,0.06774881903967263,2.0258534787111357,True,ok
15.224427590623021,LIDAR,-0.007765706542991246,,0.05831397936283947,True,ok
15.227851049164725,LIDAR,0.006525691633520125,,0.0416662140265855,True,ok
15.235561957557504,FLOW,-0.0236668567073246,-3.3743924141849124e-06,0.21404728774480258,True,ok
15.237298968926648,BARO,-0.037458740735390794,,0.011442962808381736,True,ok
15.239052348314802,LIDAR,-0.0038088403823186567,,0.014160830936528243,True,ok
15.25260344434149,LIDAR,0.0011269014366215302,,0.0012325822376541026,True,ok
15.25938867555522,CAMERA,0.15090697208039394,0.0005676662829143253,1.45711354859433,True,ok
15.259880405357787,LIDAR,0.01876328321778109,,0.3434612253258674,True,ok
15.268377761862178,FLOW,0.13848306630461638,-0.01752958651821568,7.127795993327537,True,ok
15.270835060047533,LIDAR,-0.008926055755995144,,0.07760781112356187,True,ok
15.277296589263626,FLOW,-0.1425020054490964,0.019471188401526264,8.020562324601654,True,ok
15.28089978689156,BARO,-0.07505502144186238,,0.04593832276461763,True,ok
15.282291109922692,LIDAR,-0.03431197590828283,,1.144600656804388,True,ok
15.287722452531451,LIDAR,0.049938818264042784,,2.443025380110089,True,ok
15.300404735196425,FLOW,-0.03658017119395618,0.0021854673133628877,0.5120441635993304,True,ok
15.300706336958662,LIDAR,-0.026279675945157788,,0.6728720021185448,True,ok
15.313062242800896,LIDAR,-0.007561709840102182,,0.05551747761531779,True,ok
15.319796120654349,FLOW,0.04493967796394194,0.025123557898297774,1.0125254238970893,True,ok
15.321838158287534,LIDAR,-0.013940590747933523,,0.18920882681003467,True,ok
15.325627767136636,BARO,0.13882164932435304,,0.1571676644572674,True,ok
15.33353525257797,LIDAR,0.0641359685336127,,3.9960645013604736,True,ok
15.339446806476477,LIDAR,-0.025932151813116366,,0.6578836664403903,True,ok
15.344312879006662,BARO,-0.11933953110574214,,0.11615165215396417,True,ok
15.348347126600542,FLOW,0.04761262951288825,-0.036604873932011034,1.3380444722650418,True,ok
15.351319747211566,FLOW,-0.06116649682080544,0.031690552352717255,1.893613922369501,True,ok
15.351962912337283,LIDAR,0.024290241699185255,,0.5747026812386022,True,ok
15.359290147034923,LIDAR,0.0123927874042562,,0.15024053709373814,True,ok
15.370420555155281,LIDAR,-0.02534721998770806,,0.6270397401347864,True,ok
15.374254118941687,CAMERA,-0.03187006796805214,0.1075862128935911,0.7700451351531533,True,ok
15.375749532776288,LIDAR,-0.026978153725083498,,0.7152682955442723,True,ok
15.387279691811914,LIDAR,-0.0038962268356894647,,0.014862303687344388,True,ok
15.38939388296634,FLOW,0.022913716626882463,-0.009485665618813213,0.22642073451325462,True,ok
15.395509182520001,LIDAR,0.005671064540194504,,0.03154713283058801,True,ok
15.403308097798975,FLOW,-0.04094222017542104,0.009441542323824652,0.6751449554569252,True,ok
15.408414723028036,BARO,-0.0247371448163487,,0.004990218945592154,True,ok
15.410201187829147,LIDAR,-0.0020502992243236484,,0.004089881318369935,True,ok
15.421814204899706,LIDAR,-0.056755062537486634,,3.127479541318422,True,ok
15.426638795547317,FLOW,0.07183136931912126,0.022506242561457238,2.138679113583631,True,ok
15.433054192044274,LIDAR,-0.005120645651370825,,0.025431447994895554,True,ok
15.438900843059896,FLOW,0.023784450998339368,0.017781045014034928,0.3435777284205844,True,ok
15.442871589758544,BARO,-0.05930536659885588,,0.028680880708446793,True,ok
15.443396446033606,LIDAR,-0.038079318545947594,,1.4073183388489154,True,ok
15.445376900924026,LIDAR,-0.04113383375387558,,1.6639041065073765,True,ok
15.4600368474101,FLOW,-0.05583567203875761,0.00870990986920682,1.2284026849569134,True,ok
15.461939089554738,LIDAR,0.0191143023966176,,0.3551469730736039,True,ok
15.461970732723758,BARO,0.019391307200469665,,0.003066752858461291,True,ok
15.470339555624522,LIDAR,0.03847370723054455,,1.4434499110046537,True,ok
15.481736936186383,FLOW,-0.015188902812684368,-0.0032758697479928003,0.09212878059369364,True,ok
15.48243568188474,LIDAR,-0.011285319837517349,,0.12379461943583232,True,ok
15.486985108074723,LIDAR,-0.051541655598313696,,2.605429975351479,True,ok
15.49952187045017,LIDAR,0.031545951161116914,,0.971174492293322,True,ok
15.509077521087676,FLOW,0.004673444592722786,-0.05914157764597949,1.3058555221835462,True,ok
15.512332611318229,BARO,-0.2166469067820911,,0.3827461356484374,True,ok
15.513716600782042,FLOW,0.06441838109038311,-0.03546960216402842,2.147708147603918,True,ok
15.51433730308886,LIDAR,-0.04271624375644478,,1.7675195295765587,True,ok
15.520036706941472,LIDAR,-0.001107979786261204,,0.0011986412066614725,True,ok
15.53043918552348,CAMERA,-0.07454583797740888,-0.06307808226134376,0.5933988248485653,True,ok
15.531105488128553,LIDAR,-0.07430683023873552,,5.38103588800655,True,ok
15.535371526404033,LIDAR,-0.021014554274156882,,0.4341951630382906,True,ok
15.539380554100276,FLOW,-0.10653251964491273,0.05073542427337298,5.324031038523044,True,ok
15.54586714780392,LIDAR,0.0547663996029959,,2.9422134218794707,True,ok
15.550622591678424,FLOW,-0.047897484184742156,-0.07285610100561454,2.9942364845383342,True,ok
15.562009795904908,LIDAR,-0.0221100009437456,,0.47450838603889917,True,ok
15.563083328865556,BARO,-0.24926150479701903,,0.5067169183368452,True,ok
15.567642841794704,LIDAR,0.017705592497863964,,0.3066446295535299,True,ok
15.57177923110897,FLOW,-0.051219429257506555,-0.0047340176778988274,1.0257800025287092,True,ok
15.5766241995741,LIDAR,0.030100879792265278,,0.8871272270303638,True,ok
15.587019124293743,BARO,-0.19106042407495893,,0.2976942109202233,True,ok
15.588715450359835,LIDAR,-0.0008910541471358613,,0.0007743923929850263,True,ok
15.595239856018873,LIDAR,-0.029373369577878616,,0.845942775959751,True,ok
15.604682818348106,FLOW,0.03987929380613786,0.02136227803891058,0.7536273411469281,True,ok
15.610454585804337,LIDAR,-0.009351303448429604,,0.08496800902393935,True,ok
15.613851767762046,CAMERA,0.013249546356702169,-0.08849991261538115,0.4856513454510037,True,ok
15.61523004431039,LIDAR,0.038047991232461165,,1.4188843683085033,True,ok
15.617544969520422,FLOW,0.047229546051849924,0.08424683930986225,3.5771313195393946,True,ok
15.630837367343602,BARO,-0.48003007894469785,,1.8790565528270065,True,ok
15.631334898032339,LIDAR,-0.0031770264565409434,,0.009792418190152441,True,ok
15.641750055897516,FLOW,0.03892247439455221,-0.04362130117511094,1.2899771607440362,True,ok
15.642084162369398,LIDAR,0.023109555794528003,,0.5180429411061266,True,ok
15.64954050216111,LIDAR,0.0333719146440421,,1.085667433545344,True,ok
15.650600359489113,CAMERA,0.17348975100211383,0.10970785566340868,2.662532156143673,True,ok
15.653090706569625,FLOW,0.017210744649992504,3.881480663474324e-05,0.11610469346750593,True,ok
15.655129983526844,LIDAR,0.007666712282357935,,0.057689284598552014,True,ok
15.662760147607141,BARO,0.3154957478135394,,0.8117796460917887,True,ok
15.66590837352613,LIDAR,-0.02931304024211201,,0.8413951812440026,True,ok
15.675814803330068,LIDAR,0.016169260659790297,,0.2558419850375386,True,ok
15.684061651978164,FLOW,-0.005159744773454156,0.012586059379056547,0.068966264961488,True,ok
15.685275072706776,LIDAR,0.025230720670933682,,0.6230349024113688,True,ok
15.696578369828618,LIDAR,-0.009851763548723191,,0.09473469609502008,True,ok
15.707349739391148,FLOW,0.09008268598538605,0.06741661532517473,4.721937439205224,True,ok
15.71488236989064,LIDAR,-0.0029578647406109937,,0.00842882325049901,True,ok
15.717893573155846,FLOW,0.008369966120501893,0.006749633182780851,0.045056733318557085,True,ok
15.723036871351406,LIDAR,0.00621901998674268,,0.037460126834109354,True,ok
15.726897124328291,LIDAR,-0.06373492664161517,,3.9770116357660954,True,ok
15.729802528122912,BARO,0.44492667560944454,,1.6145307366278063,True,ok
15.73892138816105,FLOW,-0.06807609114959057,0.015565862205307222,1.8787259873901003,True,ok
15.740098233124234,LIDAR,0.0008966893564745781,,0.0007828454414148977,True,ok
15.740249428470408,BARO,0.06620875015540495,,0.035751910243718,True,ok
15.74679063035496,LIDAR,0.002783297328889045,,0.007583745427696265,True,ok
15.76028014655833,LIDAR,0.017540973926262193,,0.29938496040326734,True,ok
15.769494481603548,FLOW,0.0006661604083226802,-0.0075928620810004135,0.02145609397870569,True,ok
15.770640279064432,LIDAR,0.012018659042471569,,0.1405338675777831,True,ok
15.772933881030646,FLOW,0.006353768770893442,0.004223260285961615,0.023162338006314256,True,ok
15.782244279193172,LIDAR,-0.008140630156673101,,0.0643443147796563,True,ok
15.78236289368052,BARO,0.017723818584896023,,0.0025619788498917884,True,ok
15.79193193331563,LIDAR,0.0490089429136531,,2.335466128617403,True,ok
15.799375290413293,FLOW,0.012687048353648978,-0.08451599131278194,2.7928542350334955,True,ok
15.800670607999278,CAMERA,-0.052725369327895066,-0.030416782884914895,0.23329435209324878,True,ok
15.80302401995699,LIDAR,0.0018250496008218597,,0.003235123131522135,True,ok
15.806026797838397,LIDAR,0.02211839708691965,,0.48064587736816416,True,ok
15.813912097277361,FLOW,-0.006023875009856239,0.06052220928594466,1.4417219546815898,True,ok
15.821799765081025,LIDAR,0.011357640443089068,,0.12544650572293173,True,ok
15.825005717957998,LIDAR,0.0070689893475486265,,0.0491273405680285,True,ok
15.835966173931952,LIDAR,0.02643613582432014,,0.6850278597186451,True,ok
15.84704104490568,FLOW,-0.1154144235379635,0.01703472098294078,5.043267116480268,True,ok
15.848630158193686,BARO,0.17989415207793247,,0.26390873121153113,True,ok
15.850269446400281,LIDAR,-0.04303886974662152,,1.8021973622385452,True,ok
15.85689436484656,LIDAR,-0.009693425148136203,,0.0919326475931918,True,ok
15.868556701080191,LIDAR,-0.03245237686798097,,1.027133285352688,True,ok
15.869905491241294,FLOW,0.021248029769707744,-0.034481955626031804,0.6083107155814248,True,ok
15.881083144784391,LIDAR,0.0019261374888817073,,0.003604191205563413,True,ok
15.88323577967197,BARO,-0.3111461793866819,,0.7895514964140323,True,ok
15.886854510142179,FLOW,0.04071082103849477,0.10636371338749524,4.923330891624365,True,ok
15.893185280404053,LIDAR,-0.021074849363337034,,0.4304495824197864,True,ok
15.90204549137621,LIDAR,-0.02626086871905864,,0.6703615476329897,True,ok
15.907255226070895,FLOW,-0.0386321646256782,0.009404697471489119,0.6016689163747186,True,ok
15.9137668099437,LIDAR,0.010639131703418236,,0.10980563104432571,True,ok
15.916735433810643,LIDAR,0.06636281912492636,,4.322904880727474,True,ok
15.921998046289868,FLOW,-0.018851226523064035,-0.05318942125533699,1.2361085119399773,True,ok
15.929397161466717,BARO,0.41870060233876494,,1.42965453918974,True,ok
15.93410586218795,CAMERA,-0.2854003075149194,0.01734929185746331,5.201058844357502,True,ok
15.934183068104558,LIDAR,0.004832905833176415,,0.02264142597348234,True,ok
15.938352926448236,LIDAR,-0.0015108891739910035,,0.002235354302104036,True,ok
15.948389808330033,FLOW,0.012177192214778643,-0.06955440647004056,1.8797912486166293,True,ok
15.954914871980138,LIDAR,0.06070726730141285,,3.569785154604163,True,ok
15.956039268477205,LIDAR,0.05734217832410193,,3.232772353316113,True,ok
15.958245672008411,FLOW,-0.04092609996121044,0.002069714030978942,0.6624596739579266,True,ok
15.965259864337442,BARO,-0.25287277300382316,,0.5214969004697442,True,ok
15.971716446538696,LIDAR,-0.045673306280331616,,2.030373360850086,True,ok
15.982414027269343,LIDAR,-0.006163807753074124,,0.036952645005073406,True,ok
15.983514914880285,FLOW,-0.040796830983157006,-0.017705841388563404,0.7559891301680056,True,ok
15.99000622354635,LIDAR,0.02990373964773374,,0.8734190249488478,True,ok
15.996408327188174,LIDAR,-0.031683560396475574,,0.9855528379668401,True,ok
16.00373732795207,BARO,0.02789378774265927,,0.006345541220215745,True,ok
16.00933136913721,CAMERA,0.04196132052708457,0.19745377601882963,2.4777261869856626,True,ok
16.00951446850097,FLOW,0.07234215686592327,0.0454221082358334,2.732234451205972,True,ok
16.012049559848347,LIDAR,0.023434116443560082,,0.5338967054397996,True,ok
16.021966074114726,LIDAR,0.033171245296772955,,1.0705255331055281,True,ok
16.02310907294983,FLOW,0.019702951105929234,-0.07609595308199536,2.387763454712,True,ok
16.0328343633861,LIDAR,0.01644480360735301,,0.26287369083650164,True,ok
16.03325637376602,BARO,-0.01721002619859746,,0.002415603036125416,True,ok
16.03846521483709,LIDAR,0.004126992593586731,,0.016679259695183114,True,ok
16.047420809282247,FLOW,0.012464055891222348,0.005345907830506633,0.06985411649919715,True,ok
16.051564549490365,LIDAR,0.015657439843001164,,0.2387502948518235,True,ok
16.061398956588622,LIDAR,-0.045454288369137785,,2.0131420106776647,True,ok
16.06651550617137,FLOW,0.06683745407375663,-0.0887901818717104,4.71585647467006,True,ok
16.067703545545204,LIDAR,0.007321027409411318,,0.05252723576306305,True,ok
16.068074829342468,BARO,0.3155211694928761,,0.8119751075701196,True,ok
16.078493126360968,LIDAR,-0.03754776007654881,,1.3788444087623568,True,ok
16.078891721853637,CAMERA,-0.18176741836212784,-0.01959090658369661,2.1341518023510093,True,ok
16.085051196734295,FLOW,0.0206308438526559,0.12888773576510948,6.533788795608666,True,ok
16.092362382797926,FLOW,0.05515675353670657,-0.056945487080283394,2.520217258108171,True,ok
16.093720877569027,LIDAR,-0.01264692551504476,,0.15508962026425824,True,ok
16.0982837649308,LIDAR,0.02682793269933237,,0.7045204773825072,True,ok
16.108168273166147,LIDAR,-0.000410637095749955,,0.00016496680485827788,True,ok
16.11814404973797,FLOW,-0.04749790324030223,0.00161305664727876,0.8720745190182392,True,ok
16.12070800493258,LIDAR,-0.014892897893965529,,0.21601319780021394,True,ok
16.129085960514573,BARO,0.14885372647228712,,0.18069411188571907,True,ok
16.132250162280005,LIDAR,-0.019899690846477025,,0.38489702450516206,True,ok
16.1366351414984,LIDAR,-0.0012053968514527114,,0.0014253238725668359,True,ok
16.14353478770201,FLOW,-0.009668335308408826,0.01884524437843489,0.16894984226232643,True,ok
16.147567238220386,LIDAR,0.024123421694179026,,0.5694106978505608,True,ok
16.163856313013188,LIDAR,0.02680343644140004,,0.6957335743894978,True,ok
16.16493505754219,BARO,-0.30965613618568133,,0.7820020126150332,True,ok
16.166935372542667,FLOW,-0.0032415798410978525,-0.028573438332838264,0.3097871709491086,True,ok
16.166967023308473,LIDAR,-0.028539950418603688,,0.7983627981400282,True,ok
16.17618153704789,FLOW,-0.009969607897896582,0.07172541349923571,2.057888777352038,True,ok
16.182381697013973,LIDAR,-0.052625646083561683,,2.6894511439390465,True,ok
16.18726080449105,LIDAR,0.02115070407763886,,0.4382037609306766,True,ok
16.195656816754934,LIDAR,0.029627573445442312,,0.8611966187694207,True,ok
16.200079166178572,CAMERA,0.059352530908643786,-0.17692440409521726,2.1273036416192364,True,ok
16.20662797159633,BARO,-0.2419976169208251,,0.4775885808054299,True,ok
16.206822214949558,LIDAR,0.006623122589738184,,0.04291567879150523,True,ok
16.209478522912015,FLOW,-0.022185874256130056,0.08018278412305313,2.5639726358134944,True,ok
16.217036619948306,LIDAR,-0.027792131823558552,,0.754949055493181,True,ok
16.221307972356897,FLOW,0.0036972674236150915,-0.03265792571510367,0.41731825247751503,True,ok
16.227452698160388,BARO,0.057605611524977895,,0.027061588555767853,True,ok
16.227509122149307,LIDAR,0.01848768022509173,,0.3337205547579,True,ok
16.23016134288541,FLOW,0.010555132489300734,0.010295722820538984,0.0870942102631354,True,ok
16.23838049417145,LIDAR,0.04837776231827551,,2.2815074448177772,True,ok
16.250298815530734,LIDAR,-0.042295087997693326,,1.738821189755719,True,ok
16.25747150939825,LIDAR,0.0017930730883342072,,0.003140704293746257,True,ok
16.263659684429122,FLOW,0.018926014535510127,0.10094764356424628,3.9505867806178223,True,ok
16.272064223045856,LIDAR,0.019951352870647643,,0.38597710126964624,True,ok
16.279921670522935,LIDAR,0.02876437541195509,,0.8058376688094498,True,ok
16.282400466750076,BARO,-0.06317833057462607,,0.0325531651859328,True,ok
16.288603094303763,FLOW,-0.07849166669695418,-0.09206390723095675,5.447138039177463,True,ok
16.291646430739526,LIDAR,0.015083548030230709,,0.22107858167011682,True,ok
16.298947071228426,LIDAR,0.009741879869108683,,0.09266737096431768,True,ok
16.30283212499705,BARO,0.07952333246828225,,0.051575768353184996,True,ok
16.308206501478242,FLOW,0.08848693214041048,-0.06387247291360484,4.499805747935717,True,ok
16.30987205931545,LIDAR,-0.015619309096298384,,0.23784291212656788,True,ok
16.318618240779184,LIDAR,-0.03629652167275976,,1.286921031915259,True,ok
16.32087804500439,FLOW,-0.009310274774605443,0.023457299121289688,0.24793706027990342,True,ok
16.32864557979125,LIDAR,0.029058690566370338,,0.8245428950483087,True,ok
16.33468074497512,CAMERA,0.0458935036375987,0.024264393651963256,0.16956244369797735,True,ok
16.343732151731498,LIDAR,-0.002704203105629688,,0.0070831560937326685,True,ok
16.3470932369808,BARO,0.11923502256402418,,0.1159429318820199,True,ok
16.349405637971458,FLOW,0.0005923829944185499,-0.018462310349464106,0.12795090079727098,True,ok
16.354296402833945,LIDAR,-0.04731978832448602,,2.170159359160426,True,ok
16.35783095728439,FLOW,0.021430396257008377,-0.03867849718130044,0.7703898835729697,True,ok
16.359321938692904,LIDAR,-0.029136555131239916,,0.8300992250926615,True,ok
16.36860955843467,CAMERA,-0.0947863239790614,-0.011441269152424216,0.5824611192733975,True,ok
16.371224909703226,LIDAR,-0.010118554304090921,,0.09977112516506127,True,ok
16.376849710416515,LIDAR,-0.023635847523143738,,0.5481076835788491,True,ok
16.38729468467301,FLOW,0.008214305666176536,-0.025220562134111724,0.26445148122265505,True,ok
16.388345837172512,LIDAR,0.023612457919623075,,0.545153006385425,True,ok
16.392131594212557,FLOW,0.026302975731404388,0.08633037501613915,3.256045451391334,True,ok
16.396052164067722,LIDAR,0.04303773037395997,,1.8164612068381432,True,ok
16.40362460863578,BARO,0.0351490616069432,,0.010075731514412309,True,ok
16.407132464177042,LIDAR,-0.05127623017451777,,2.571744385364627,True,ok
16.415073379076382,LIDAR,-0.022386934650608925,,0.4914603972032109,True,ok
16.422241316194675,FLOW,0.03848504601078129,-0.007373267611382225,0.582907474859994,True,ok
16.43100560606684,LIDAR,0.03223753115494299,,1.0088149808127003,True,ok
16.431245779331682,FLOW,-0.01569342462981793,-0.06267140740278548,1.6510656170333229,True,ok
16.443028089795973,LIDAR,-0.06679840189250585,,4.321676912873892,True,ok
16.444863231349338,BARO,0.07360642428933728,,0.04418513585016904,True,ok
16.45181614473333,LIDAR,0.011922048817683883,,0.13812555011931898,True,ok
16.462669695822953,LIDAR,-0.005326913304300351,,0.027558182920731734,True,ok
16.46807218948063,FLOW,-0.025643573803395547,-0.035934051631136624,0.7162453854056482,True,ok
16.47145245138355,LIDAR,-0.02176377621771408,,0.4612480372315451,True,ok
16.474741978837518,FLOW,0.03936777296044869,0.05429545052461821,1.7635835808674185,True,ok
16.47552200247173,BARO,-0.1874795325063503,,0.2866524041639935,True,ok
16.481185635801737,LIDAR,-0.03565683287186561,,1.2390852038560989,True,ok
16.48845749163393,LIDAR,0.03280662436920645,,1.0534183129481731,True,ok
16.502470762416184,LIDAR,0.0038450764646205116,,0.01437195165521405,True,ok
16.503427490985445,FLOW,-0.04449366908175234,0.03056540638011937,1.0984940279009567,True,ok
16.51113864516649,LIDAR,-0.011426120453282618,,0.12725177447921684,True,ok
16.512120193889054,FLOW,0.04446992423540608,0.05521126355860144,1.9832916694518552,True,ok
16.519283147273825,LIDAR,-0.006219240874532961,,0.03781081311235573,True,ok
16.52173577712075,BARO,-0.4397178019389516,,1.576941647181331,True,ok
16.52965564843021,LIDAR,0.03846203170580598,,1.4447789936841342,True,ok
16.53982149303766,FLOW,-0.020953639818263703,-0.09677520258640321,3.7167179366880108,True,ok
16.54313488928664,LIDAR,0.017799688391614055,,0.3076923076920482,True,ok
16.54791430144251,CAMERA,-0.06320786019811564,-0.041583210779557234,0.3581329468490196,True,ok
16.548420558516487,LIDAR,0.022619633352185087,,0.5008979169409471,True,ok
16.55026459971723,FLOW,-0.02790620778760622,-0.0010498040374110895,0.30799564748981095,True,ok
16.554040598229104,BARO,0.4200902109957685,,1.4392618985019583,True,ok
16.56030206516094,LIDAR,-0.0006762918755316427,,0.0004461937451889724,True,ok
16.568196744462277,LIDAR,-0.014468722493220731,,0.2048691394181507,True,ok
16.580444504055816,LIDAR,0.055195799891725184,,2.9692198937407572,True,ok
16.58435715662542,CAMERA,-0.0070878937608753745,-0.06337005298288306,0.24814869683544688,True,ok
16.587460095086165,LIDAR,-0.018443152855529554,,0.3330630305422742,True,ok
16.589784791340925,FLOW,0.023648344322460435,-0.0019138126169438163,0.20548491559249826,True,ok
16.597763548633502,LIDAR,-0.023132763247643684,,0.5233230741594292,True,ok
16.60001804502385,FLOW,0.013264134048565301,-0.06301977570477163,1.5975244515982014,True,ok
16.605812181551244,BARO,0.929953666659491,,7.052790973228554,True,ok
16.614440752608207,LIDAR,0.03594006400818461,,1.2497388217811898,True,ok
16.621247751633724,LIDAR,-0.03083948401856418,,0.9261859451901879,True,ok
16.625318530466192,LIDAR,0.025622181196270244,,0.6452813897524794,True,ok
16.628864055767476,FLOW,0.03110572800706879,0.019340124538638218,0.5009304209688137,True,ok
16.639428267116926,LIDAR,-0.06395898101424446,,3.9898571771136653,True,ok
16.642848081622883,FLOW,-0.0660081703869233,-0.0630862354391082,3.2121017864562216,True,ok
16.64413936572764,BARO,0.4020581693520069,,1.3183376898356916,True,ok
16.64515686324364,LIDAR,-0.03438342174338915,,1.1606647176604048,True,ok
16.660977962967934,LIDAR,-0.0020494365319252417,,0.004081848648973476,True,ok
16.663089817327492,FLOW,0.0382494354748355,0.07517432812192061,2.72836634764253,True,ok
16.666107315979783,BARO,-0.16334348746737737,,0.21759050976806577,True,ok
16.670723456662287,LIDAR,0.04746049540718689,,2.1916235221497917,True,ok
16.673576099155444,FLOW,-0.03912866312510088,0.01937193448973766,0.7575855606442092,True,ok
16.682654031216714,LIDAR,-0.0417477860968507,,1.691483899293717,True,ok
16.68569282682055,LIDAR,0.016962370591306453,,0.2824882039212417,True,ok
16.696772189496166,FLOW,0.012987011011053262,-0.019833876886934054,0.21731262876891133,True,ok
16.700226351618955,CAMERA,0.16729246934177588,0.11665518498309763,2.6116142172680505,True,ok
16.702665460209914,LIDAR,-0.00782071563028186,,0.059337403881287526,True,ok
16.71126942069526,LIDAR,-0.0007541404804598528,,0.0005535020399058756,True,ok
16.716549568758545,BARO,0.12300647670044595,,0.12339443461118856,True,ok
16.71701403222187,FLOW,-0.07613256378919231,-0.017578857779932858,2.353286870570512,True,ok
16.719147448003678,LIDAR,-0.004665953166754555,,0.021268044752070663,True,ok
16.734104971394995,LIDAR,-0.0023568977670334057,,0.005383586829015992,True,ok
16.738285733360897,FLOW,-0.05201361016335526,0.0005110611145678623,1.0364644608500675,True,ok
16.742575900083434,LIDAR,0.0030825160839182963,,0.009241927996257261,True,ok
16.746510476851142,LIDAR,-0.02087007464218793,,0.42779489002484256,True,ok
16.757973578644414,FLOW,-0.00857063720669271,0.05650271047745489,1.249532610897985,True,ok
16.76121098426308,LIDAR,0.006071520444497658,,0.035899435938721476,True,ok
16.764812819255656,BARO,-0.5035316771617138,,2.0677792176042953,True,ok
16.773170409923917,LIDAR,0.011571564503478182,,0.13005689178393395,True,ok
16.780104667417937,LIDAR,0.015745594665652174,,0.2421322220225946,True,ok
16.781864372974873,FLOW,-0.08836970961719515,0.011414424890651101,3.007993426531081,True,ok
16.784522578216308,BARO,0.23252830104383726,,0.4409668533081098,True,ok
16.791417890378295,LIDAR,0.03581651025019106,,1.2501236349881686,True,ok
16.791737002417054,FLOW,0.03895210189842291,-0.03306592795671488,1.0303792701007777,True,ok
16.803363635189363,LIDAR,0.030643650521895438,,0.9124932837531584,True,ok
16.80949595290952,LIDAR,-0.011365358135385417,,0.12635413898303896,True,ok
16.812801138076086,FLOW,0.09948665771724108,0.0033551495193492736,3.856773254408059,True,ok
16.819694747318316,LIDAR,0.019676766096348608,,0.37839418806786573,True,ok
16.820241567606143,CAMERA,0.03411466790661066,-0.07859153026627408,0.44882702901187166,True,ok
16.826841488820676,LIDAR,-0.027968209071963734,,0.7674783427313242,True,ok
16.83459508823179,FLOW,0.027597260478604557,0.013713633250725082,0.3651531189441995,True,ok
16.83601974739373,BARO,-0.29474100437082873,,0.7084723712915602,True,ok
16.83662008221026,LIDAR,-0.025731936495795082,,0.6491928922515614,True,ok
16.847779577323873,LIDAR,0.0164800592387655,,0.26554157422828417,True,ok
16.851403839001257,FLOW,-0.05257563832321299,-0.04945974601237059,2.023137224915291,True,ok
16.85596272892104,LIDAR,0.024384049004183783,,0.5826484952061437,True,ok
16.86455103443295,BARO,-0.612330348742584,,3.0578269994688183,True,ok
16.866378205942077,LIDAR,-0.02558463661896182,,0.6405051851044471,True,ok
16.87115508908993,FLOW,-0.03698538378048766,0.07801157692074769,2.8800623476241944,True,ok
16.881977763164006,LIDAR,0.010122606475626572,,0.09933998936741993,True,ok
16.885256765473002,CAMERA,-0.1698936581324979,0.005439021164809099,1.8456436376381302,True,ok
16.891370234236216,LIDAR,-0.029000928902691125,,0.8170961821279372,True,ok
16.90096896060459,LIDAR,0.052934114255239084,,2.7259034456659035,True,ok
16.90868335219451,LIDAR,0.02224146462935206,,0.483160413707665,True,ok
16.90955856367529,FLOW,0.03553132077506804,0.09419004698392558,3.6618901292141857,True,ok
16.910518058425126,BARO,0.05262418933299173,,0.02258599393292234,True,ok
16.919468489635488,LIDAR,-0.029865101813601136,,0.8699322999813679,True,ok
16.921593416050275,FLOW,0.02420171351204936,0.02067685056727308,0.38709696842201075,True,ok
16.92871819673323,LIDAR,0.003021201191932832,,0.008912535324937017,True,ok
16.93086499336215,FLOW,0.024450836104827012,0.02505448790194868,0.4872664114874863,True,ok
16.935131879070582,LIDAR,-0.042228735737062095,,1.7503198543060678,True,ok
16.949852174992667,LIDAR,0.05960659360171672,,3.458010389807831,True,ok
16.956565821315902,LIDAR,-0.013921087027383816,,0.189639886108373,True,ok
16.961881329445895,FLOW,0.03749612041445527,-0.022177957966698053,0.7162043779843094,True,ok
16.965832820164334,BARO,0.5548641674632742,,2.5107697213975846,True,ok
16.96689254239901,LIDAR,0.056756911077765704,,3.148964790203105,True,ok
16.98178893458037,LIDAR,0.015101214818246778,,0.22114836432141308,True,ok
16.985101092333988,LIDAR,0.00977717214278817,,0.09375779176859751,True,ok
16.98954214009598,FLOW,-0.025944630584414652,-0.014241646375742018,0.3249758483056677,True,ok
16.998591507751865,BARO,-0.0020912426979116105,,3.566365303240957e-05,True,ok
17.00175870021197,LIDAR,-0.0051312899782653965,,0.025537856603110417,True,ok
17.005342861176125,FLOW,0.09339504762432016,0.03626190443279061,3.8396490613392302,True,ok
17.008367134509843,LIDAR,-0.07650410867926283,,5.712545208800351,True,ok
17.010598938638797,FLOW,0.01721367840955157,-0.015957434035556765,0.22209246758994353,True,ok
17.015118592900247,LIDAR,-0.011572611505343833,,0.13134005495069143,True,ok
17.025602393393672,CAMERA,-0.03869986857221086,0.006899246444256157,0.09830068997777563,True,ok
17.033130553353345,LIDAR,0.009905308357424758,,0.09494266990799746,True,ok
17.03605686685046,LIDAR,-0.020931677744767896,,0.429253866386633,True,ok
17.039517981887528,FLOW,-0.06643027416314995,-0.07096389399142827,3.6164867869282356,True,ok
17.043132994685024,BARO,-0.10411924705472098,,0.08841196623766721,True,ok
17.052288166131504,LIDAR,0.029003096275324936,,0.8156599527377416,True,ok
17.062220575468537,LIDAR,0.023637907094185895,,0.5424689387212369,True,ok
17.06400898817604,FLOW,-0.05141089197461146,0.0028522594365118503,1.0028598087314353,True,ok
17.072069147106014,BARO,0.09268381169318118,,0.07005111827674944,True,ok
17.073586118088922,LIDAR,-0.008457882917618509,,0.06937562482548798,True,ok
17.078340377027807,FLOW,0.006966677556341505,-0.1373603633567227,7.3302241957342,True,ok
17.078920366163967,LIDAR,-0.004284339814006,,0.01794886705280112,True,ok
17.085398030062173,LIDAR,-0.009069635472569004,,0.08082464686789265,True,ok
17.09433346826478,FLOW,0.0761670006853028,0.005571026230234449,2.2872670557339383,True,ok
17.101447494360645,LIDAR,-0.016585154991524576,,0.2674108023197583,True,ok
17.103032460736795,CAMERA,0.047341315204338486,-0.10840029044657346,0.8582299141490803,True,ok
17.112112608513275,LIDAR,-0.030918385609445487,,0.9289568032140377,True,ok
17.116197076298942,BARO,-0.0969286930747657,,0.07662078258233562,True,ok
17.121163591944367,LIDAR,0.029190837140796955,,0.8299300229185271,True,ok
17.12283947245232,FLOW,-0.02438654841125243,-0.027759150702233906,0.5144604202319627,True,ok
17.12527776124092,LIDAR,-0.04144905512942998,,1.6887690884738347,True,ok
17.131122230830137,FLOW,-0.10802929543532303,0.004325478342112332,4.632659369212743,True,ok
17.14363616484852,LIDAR,0.033584527289579835,,1.0929918542934345,True,ok
17.153774285693945,LIDAR,0.0030253330754033136,,0.00887854073518659,True,ok
17.159072678892652,BARO,-0.5302824074495212,,2.293214284665189,True,ok
17.160522793779766,LIDAR,-0.0020875409630378705,,0.004253466367187802,True,ok
17.165053755196332,FLOW,0.05198391451219475,0.04255560433585173,1.6810127469698033,True,ok
17.165613208327866,LIDAR,-0.000791396115680687,,0.0006157776346840193,True,ok
17.18040273138422,LIDAR,-0.008418761616490578,,0.06907216387096762,True,ok
17.18741625950012,FLOW,0.02122155905671308,0.0459165691077227,0.9570737475517184,True,ok
17.194060427685624,LIDAR,0.013371274962917568,,0.17328551158083583,True,ok
17.198082051283485,BARO,0.10659598356294309,,0.09266514683916448,True,ok
17.203779257277805,LIDAR,0.0035720210447869327,,0.012388505899733615,True,ok
17.205035817267664,FLOW,-0.0723380640371809,0.028663384845741637,2.3161890009984507,True,ok
17.210737741407506,LIDAR,0.011219109742644395,,0.12288860829187971,True,ok
17.21505025947423,FLOW,0.12450506669637407,-0.018427978169887546,6.293807471701437,True,ok
17.21664695756624,LIDAR,-0.01879417287575924,,0.3469315323839978,True,ok
17.226303246295142,LIDAR,-0.016760765803438105,,0.27569308539145476,True,ok
17.232760779937827,FLOW,0.05741057937250327,-0.11922509932517983,6.906850094054661,True,ok
17.23591120698763,CAMERA,0.010868893050833606,0.04168453715086734,0.11260127059383894,True,ok
17.237918691122566,LIDAR,-0.027767198974373297,,0.7539032850868188,True,ok
17.24806973415273,BARO,-0.13960882394310392,,0.15894693200398546,True,ok
17.2491246817328,LIDAR,-0.028026120350828965,,0.7663118683884452,True,ok
17.255697368622833,LIDAR,0.00785591427014154,,0.060520158210543476,True,ok
17.256439856953307,FLOW,-0.03638725641125373,-0.040952944188223775,1.1549398958541053,True,ok
17.260373552495146,BARO,-0.09098063520219846,,0.06750913296447496,True,ok
17.26659813826084,LIDAR,-0.0724468282105395,,5.134924967525672,True,ok
17.275040478566893,LIDAR,0.002101389829767264,,0.00432776450630264,True,ok
17.288997102513836,LIDAR,-0.004875359747559926,,0.02313239572823015,True,ok
17.289524231813274,FLOW,0.002926713246336865,0.03704800466806553,0.5058532603698778,True,ok
17.299091356741393,FLOW,0.0215957507363731,-0.018618958810920835,0.3161519536842472,True,ok
17.30489166904818,LIDAR,-0.022458922803029413,,0.4866171037330084,True,ok
17.311893647879707,FLOW,-0.041007981837621,0.0308852969432247,1.0461415299824872,True,ok
17.31469312340792,LIDAR,0.00862757819337201,,0.07198925103378258,True,ok
17.320592520523793,BARO,0.48468814678591166,,1.915768839673222,True,ok
17.323281810855573,LIDAR,-0.006931320690033438,,0.046649721229777494,True,ok
17.329763632086348,CAMERA,0.25774927588032526,-0.0689488448845017,4.52262434284718,True,ok
17.333608841153495,LIDAR,-0.004188748921798879,,0.017042832946498342,True,ok
17.34401844323437,LIDAR,0.02584564043640114,,0.6489605617690538,True,ok
17.346339370221706,FLOW,-0.017505581577629492,0.01860935640555532,0.24306939351460508,True,ok
17.34720329044281,LIDAR,-0.04153030790890044,,1.694380403398336,True,ok
17.35063441098633,BARO,0.4115192086854669,,1.3812000760278722,True,ok
17.356163714836555,FLOW,-0.0454812222595693,-0.07334205743455058,2.911530887145113,True,ok
17.360104938730547,LIDAR,-0.032886007913111026,,1.0564171422270576,True,ok
17.366996344576776,LIDAR,0.031522957358971926,,0.9749470668386011,True,ok
17.379864634956675,LIDAR,-0.024067252449608834,,0.5651782325443078,True,ok
17.387578628889496,FLOW,-0.04758834039463511,-0.03048830307981347,1.191643599587666,True,ok
17.387773289993834,LIDAR,-0.03229564746742941,,1.020842240763237,True,ok
17.391816176866612,FLOW,-0.02234559976796069,0.08641147369705157,3.1789385208653,True,ok
17.391852817501658,BARO,-0.35765755213279116,,1.0432708896571554,True,ok
17.39683441288713,LIDAR,0.07443548341841666,,5.427417199921444,True,ok
17.406007572509186,LIDAR,-0.033078542849804826,,1.0722566040420516,True,ok
17.41829369584581,LIDAR,0.03934872301469294,,1.5105939562462731,True,ok
17.42386586300465,FLOW,-0.05328468423686794,0.0025405015616394022,1.0756800118275238,True,ok
17.426396347833762,LIDAR,-0.004881033483676855,,0.023309155901311687,True,ok
17.432118175770313,FLOW,0.0076303423352970245,0.016635947629570963,0.1327137046569516,True,ok
17.433422736508863,CAMERA,-0.23071593585784278,0.08883085643819011,3.8721581903897238,True,ok
17.437152310626217,LIDAR,-0.033025699482960746,,1.0652029979485023,True,ok
17.445064678720748,BARO,0.2862979960887708,,0.6684544702304585,True,ok
17.44858354215509,LIDAR,-0.021542841835682225,,0.4521758223185499,True,ok
17.456466542663946,FLOW,0.027796420192078397,-0.07603070577380812,2.522983131336368,True,ok
17.462410997200568,LIDAR,0.03281428937403641,,1.043127739454177,True,ok
17.46553897327803,LIDAR,-0.0024587650606409106,,0.005926331883989881,True,ok
17.469963059572493,BARO,0.3698226981088961,,1.1154550141988286,True,ok
17.473754324256227,FLOW,-0.00870276328521813,0.06264840807592885,1.5545332741192932,True,ok
17.482059462210337,LIDAR,0.002319403638189943,,0.005216487870964929,True,ok
17.48626321489643,LIDAR,-0.034420160514715636,,1.160361857930793,True,ok
17.49026342624314,FLOW,0.09780244929650883,0.00745717917885419,3.7755209692270584,True,ok
17.498913413401866,LIDAR,0.023431764583824677,,0.5351342043723892,True,ok
17.501048153162206,CAMERA,-0.18923156839570865,-0.0007379207344730965,2.2866309423064193,True,ok
17.510374685357796,LIDAR,0.009493508674159656,,0.08765529791673957,True,ok
17.512291358968543,FLOW,0.06145426228546169,0.01749791816642196,1.5796805535301779,True,ok
17.51712180763,LIDAR,0.017858430258925306,,0.31188982727191084,True,ok
17.517727424952398,BARO,0.03909456521467147,,0.01246554435516176,True,ok
17.528048666036312,LIDAR,0.013953560123715292,,0.19005472063695028,True,ok
17.538129178598567,FLOW,0.05519617125478771,-0.01439229308473039,1.2328102350201593,True,ok
17.54438601464706,LIDAR,-0.0020924528508636797,,0.004231499097199285,True,ok
17.550883670132617,FLOW,-0.07141425478740682,0.08071346861582515,4.542803659051195,True,ok
17.554384759512693,LIDAR,0.044891977216963586,,1.9512336796879797,True,ok
17.555166161071188,BARO,-0.10140401486176787,,0.08386096018928861,True,ok
17.559201223021454,LIDAR,-0.014476146883922958,,0.20483656541782866,True,ok
17.570749144139175,LIDAR,0.04919770857328176,,2.3592579654449826,True,ok
17.58303138088032,LIDAR,0.015632241469925923,,0.23738385407761498,True,ok
17.584379011741078,FLOW,-0.09293868447228504,-0.03469708476541708,3.658332051283425,True,ok
17.584901868566007,CAMERA,0.06768829081289063,0.2796244288090635,5.066680249988238,True,ok
17.588842363444325,LIDAR,0.02341799062163119,,0.5365698502222916,True,ok
17.60114874719381,FLOW,-0.08661348994888929,-0.03800335429594312,3.4189911783352063,True,ok
17.60250595876097,LIDAR,0.05324894480489473,,2.757049045218081,True,ok
17.60386179162941,BARO,0.23822568008516987,,0.46284491771095676,True,ok
17.609330022226803,LIDAR,0.00223788930883817,,0.004896761266227385,True,ok
17.623253117191908,FLOW,0.047493415194083566,0.01813385366746101,0.9853492693267963,True,ok
17.62421416809693,LIDAR,0.03700557809931615,,1.3283008532952874,True,ok
17.63042390933711,LIDAR,0.0054352078640964585,,0.028852576567268553,True,ok
17.640243347439867,LIDAR,0.011485731681422973,,0.1288446351682062,True,ok
17.648360752257762,BARO,0.19809998824160013,,0.3200392018146847,True,ok
17.649573315044652,LIDAR,-0.014331893876696977,,0.20078346340378161,True,ok
17.649782286356153,FLOW,0.037649403858389,0.009034396950338378,0.5623466239847656,True,ok
17.651653988062748,FLOW,-0.04347517222836439,0.017424174054414626,0.8880942259413735,True,ok
17.66392023962714,LIDAR,0.01781020848124948,,0.30787028260788435,True,ok
17.667717027333318,BARO,-0.1650664110947262,,0.2222068211866449,True,ok
17.670148257434043,LIDAR,-0.060124634843861546,,3.5326930303359023,True,ok
17.67395177517952,FLOW,0.07218143932588172,0.008719001879816349,2.0810079153927656,True,ok
17.682395041936207,LIDAR,-0.06144804825290562,,3.675805311954359,True,ok
17.689772770649974,LIDAR,-0.006530161224578723,,0.041694132148690215,True,ok
17.697235318268774,LIDAR,-0.0014265368220685026,,0.0019964114967241896,True,ok
17.70527237824796,FLOW,-0.058819132649007955,0.0955020852617781,4.70582040949939,True,ok
17.709598615661257,LIDAR,-0.025731199617313738,,0.6464751051058448,True,ok
17.71477905065884,BARO,0.4828290999056932,,1.9012375124022003,True,ok
17.716398569206763,CAMERA,-0.025639225382480646,-0.21641849988251127,2.8860333544784296,True,ok
17.717731927260566,FLOW,-0.00870265524426772,0.009494605124652389,0.0645561218375276,True,ok
17.72141956035774,LIDAR,-0.020173117794227924,,0.3961968344261071,True,ok
17.72960056144075,LIDAR,0.030199499151792875,,0.8906676953873769,True,ok
17.736653913879284,LIDAR,-0.05659303043910979,,3.1409963819946403,True,ok
17.746221941684613,FLOW,0.013585555426846918,-0.08300315383312812,2.6540166730471886,True,ok
17.748454653726835,LIDAR,0.07721224820337325,,5.824496004591412,True,ok
17.750482652488746,BARO,-0.06216801660029114,,0.03152115703350254,True,ok
17.756189415500298,FLOW,0.03242535810783331,-0.0104003924553204,0.45757267562477383,True,ok
17.759624869511494,LIDAR,0.009551748649956782,,0.08895391149218718,True,ok
17.771407734875588,LIDAR,0.017441928422713193,,0.29581256135388084,True,ok
17.778511727387908,FLOW,-0.023621892431697322,-0.0757573984942391,2.437086027668345,True,ok
17.779393951669597,LIDAR,0.007048404247056883,,0.04848397709826786,True,ok
17.79393428698338,LIDAR,-0.015049135115298817,,0.2194540763522384,True,ok
17.80049829901824,BARO,0.16134756499531822,,0.21229751307917596,True,ok
17.80061474449844,FLOW,0.0271176547751919,0.06775278052279118,2.0414664546404793,True,ok
17.804037524007235,LIDAR,0.012412272881506592,,0.1494730820792694,True,ok
17.80745863824188,LIDAR,0.006699807434997318,,0.044034468832414714,True,ok
17.822693185313497,LIDAR,0.028312679755075454,,0.779242801849356,True,ok
17.82799637267987,FLOW,0.03413670338680297,-0.038621383593157935,0.9967323112826132,True,ok
17.832992717109043,LIDAR,-0.008110214222151413,,0.0639514720061771,True,ok
17.841359217458393,BARO,-0.20911607625227324,,0.35661091810650797,True,ok
17.841737778330117,CAMERA,-0.007662696018945425,-0.062300591004891936,0.23853873974105982,True,ok
17.84185545868916,LIDAR,0.030945201784705834,,0.9333518076315969,True,ok
17.844545095834054,FLOW,0.021503340933974657,0.0017767237354773674,0.17930683961225152,True,ok
17.851466980131285,FLOW,-0.0409251072748924,-0.02436323672447724,0.9154646619256177,True,ok
17.85400247975617,LIDAR,-0.05586143845956748,,3.031804254344884,True,ok
17.86063538724756,BARO,0.30335896918593175,,0.7504832796038021,True,ok
17.862250174347352,LIDAR,0.01355448244013946,,0.17913733329198087,True,ok
17.8737073673024,LIDAR,0.012403614190513501,,0.14968065107245165,True,ok
17.878118632007464,LIDAR,-0.04142433670226486,,1.6845355818765229,True,ok
17.88807585680191,LIDAR,-0.006781321046847921,,0.045090489636871164,True,ok
17.889180316248623,FLOW,0.024386307385376282,0.045501352755837166,0.9892972712387377,True,ok
17.90011082625223,CAMERA,-0.1436809849570473,0.03574289052456969,1.3968823724580386,True,ok
17.903155866878866,FLOW,-0.03670030818533765,0.05483478722625058,1.6799726368852437,True,ok
17.903356407911993,LIDAR,-0.0131715018170242,,0.16856697222318884,True,ok
17.913752775746932,LIDAR,0.009974718415904693,,0.09668373442080573,True,ok
17.91393350777221,FLOW,0.01364170351168048,-0.02991729872168454,0.43075923232962393,True,ok
17.915441750814008,LIDAR,0.01955177260580898,,0.3764556829093452,True,ok
17.91999836480596,BARO,0.0011282140504755844,,1.0381507656633832e-05,True,ok
17.932274000865146,LIDAR,0.024639401041664843,,0.5906588757028854,True,ok
17.939649046664368,LIDAR,-0.10030527532332822,,9.832592537219357,False,gate
17.93987966669039,FLOW,0.020524442475460036,-0.029066940146216955,0.4877754879176615,True,ok
17.953756152571867,LIDAR,0.002812953280010966,,0.007565136240155321,True,ok
17.95516250295157,FLOW,0.05458639656983788,-0.019004695301106767,1.3116969339678686,True,ok
17.957680254704332,BARO,0.113410567697807,,0.10488273374464364,True,ok
17.958880256028053,LIDAR,0.015033121638414748,,0.2186561763677887,True,ok
17.96943560484388,LIDAR,0.005468513314317747,,0.02895517728670894,True,ok
17.976415225055913,LIDAR,-0.046794813013711245,,2.133201666246287,True,ok
17.9806472688987,FLOW,-0.018338311298603305,-0.0943908929509474,3.525310202089628,True,ok
17.982562575192503,BARO,0.42246865059971883,,1.4555485441216274,True,ok
17.991528223803257,LIDAR,-0.03256085933752262,,1.0250825121301648,True,ok
17.9991003366594,CAMERA,-0.14386061058507416,0.011435694995578616,1.3296047364695907,True,ok
18.002181306346344,LIDAR,-0.04238183633661885,,1.7379949782831396,True,ok
18.006189746109552,FLOW,-0.01869659482631114,-0.0025424127355726245,0.13397258085923977,True,ok
18.011699266312835,LIDAR,-0.01686392864140629,,0.2758200743523588,True,ok
18.016055746450963,LIDAR,-0.039777361644227405,,1.5495688073408858,True,ok
18.02671403213116,LIDAR,0.0475579457986397,,2.2111196579909516,True,ok
18.027589086165328,FLOW,0.018405388523584865,0.03159636874943257,0.5051910415441184,True,ok
18.03284206138181,FLOW,0.04794454743470511,0.024196768517286166,1.1604733026507077,True,ok
18.039343920815778,LIDAR,-0.003460095228664528,,0.011652052715693143,True,ok
18.045290742936903,LIDAR,0.020711978688714883,,0.4202726762876692,True,ok
18.048912608299894,BARO,0.6372360564623412,,3.311831222804112,True,ok
18.05658507233573,FLOW,-0.015664293436272292,-0.01516671749321806,0.18552735075144933,True,ok
18.058565698063834,LIDAR,-0.0007413068286594715,,0.0005352889663402795,True,ok
18.061247018063337,BARO,-0.4235552681129424,,1.4631080166352413,True,ok
18.070546569756903,LIDAR,-0.05376701832685926,,2.8083785167932493,True,ok
18.071933867903848,FLOW,-0.04228907036455509,0.015881777935966387,0.8062310526035691,True,ok
18.079854148257624,LIDAR,-0.015300666803566898,,0.22784695037452918,True,ok
18.08818849694651,LIDAR,-0.017792511396183208,,0.30901655815121204,True,ok
18.088471149217064,CAMERA,-0.039160816705733126,0.11567126281432966,0.9153473290639368,True,ok
18.09815643625766,FLOW,0.017469953031898244,-0.03437236602258119,0.5677470611666167,True,ok
18.104660855378047,LIDAR,0.024670473527547365,,0.5881089607283019,True,ok
18.11180310761585,LIDAR,-0.08287786480923298,,6.678916997256103,True,ok
18.118779378635093,BARO,0.13236310708693155,,0.14287679928812,True,ok
18.124137261694273,LIDAR,-0.02536939306325614,,0.6240210001478367,True,ok
18.12592439767481,FLOW,-0.006762917371124999,0.10125374739221782,3.833314785846531,True,ok
18.131647036807706,LIDAR,-0.04362932002098052,,1.8548398768291763,True,ok
18.135934089527996,FLOW,-0.017511647679123277,-0.007150200119102043,0.14035184632823272,True,ok
18.139755357525555,LIDAR,0.06711479148412414,,4.40267460961088,True,ok
18.146539278020995,LIDAR,0.028081387017650172,,0.7741994103603822,True,ok
18.155327063861467,FLOW,-0.01840962519922207,-0.01272871735977514,0.19584478048853865,True,ok
18.156456849333672,LIDAR,0.0277226415153069,,0.7536896827525951,True,ok
18.16153082894412,BARO,0.36117629172902355,,1.0639006559167121,True,ok
18.171336281893403,LIDAR,0.013539773715930625,,0.17827811977029845,True,ok
18.178069108557583,LIDAR,0.02136001834091239,,0.44615962169603696,True,ok
18.188562181453452,FLOW,0.003282214742224898,0.00916948778732432,0.03519422493802002,True,ok
18.19348418291397,BARO,-0.5478821413884791,,2.4477754175692534,True,ok
18.1938931700218,LIDAR,0.024785924297541673,,0.5951751468571863,True,ok
18.19498409946893,CAMERA,0.13652265789655438,0.06478302681608383,1.4440716632750776,True,ok
18.199199080928725,LIDAR,0.07399421926915606,,5.349716898926254,True,ok
18.2092359230815,FLOW,0.021462021694894418,-0.022841002405301902,0.37139635654685493,True,ok
18.21240667108735,LIDAR,-0.016912768476892825,,0.2780175615969858,True,ok
18.222269434231507,LIDAR,0.054418482271608504,,2.8808257351003093,True,ok
18.223914142753156,FLOW,-0.0538501687351185,-0.013094879023864706,1.1970697473771548,True,ok
18.2254452869585,LIDAR,-0.0059311780330841835,,0.03459583714027621,True,ok
18.237191566562355,FLOW,-0.0019983496523652278,-0.0629226435871542,1.5734082987743165,True,ok
18.237755659218863,LIDAR,-0.009684923883932495,,0.0917766231725455,True,ok
18.244510163234867,BARO,0.08150339503806103,,0.054174933412076035,True,ok
18.249322454058355,LIDAR,0.022498929055302153,,0.49385333768001094,True,ok
18.256206220877434,LIDAR,-0.033792864607050443,,1.1193087765791423,True,ok
18.258150087829634,FLOW,-0.020939116548885917,0.013270756050066515,0.24082785473796645,True,ok
18.26604668585381,LIDAR,0.04952355211726722,,2.4021942917345966,True,ok
18.27008024692125,FLOW,0.023112156596294398,-0.017719996550021683,0.3403667426282222,True,ok
18.277853780756562,LIDAR,-0.013513866811895259,,0.17823162327499223,True,ok
18.28648789630168,BARO,0.09384286182957124,,0.07181773746701278,True,ok
18.28871181167015,LIDAR,-0.036427731668582375,,1.2933192762068646,True,ok
18.300506755312586,LIDAR,0.016604377029251882,,0.26800162817037176,True,ok
18.306103833361867,FLOW,0.005858801050447893,0.0092099540503984,0.0444223886107004,True,ok
18.30835749598009,LIDAR,-0.021154052305921933,,0.4367029781935402,True,ok
18.310993805563808,CAMERA,0.1715412114747732,0.018191284198223745,1.8959159307788178,True,ok
18.315167157093352,FLOW,0.11256353637454874,0.07523736572916642,7.225446416451096,True,ok
18.31614236850384,BARO,0.6423850021500228,,3.365305785361823,True,ok
18.32025723378765,LIDAR,-0.014756697150742237,,0.21188785832196638,True,ok
18.327328270243765,LIDAR,0.008101881947815581,,0.06418514886654936,True,ok
18.33497290073819,FLOW,-0.04091993722071785,0.05196423899526604,1.7111961063538295,True,ok
18.341562578078612,LIDAR,0.016702485490529106,,0.2708834069581103,True,ok
18.35095712889405,FLOW,-0.010600849260153478,0.03660747672075168,0.5731012708264083,True,ok
18.351392282728842,BARO,-0.08627147581095596,,0.0606935150214372,True,ok
18.35488809126029,LIDAR,-0.01233897342000656,,0.14722235176188928,True,ok
18.36412407984304,LIDAR,-0.025418266985663962,,0.6265614757708025,True,ok
18.369473449784444,LIDAR,-0.006740750322759226,,0.04442919285497235,True,ok
18.374465720995392,CAMERA,0.16376754739969535,0.40674799494046354,11.813658247050977,False,gate
18.37948606096784,LIDAR,-0.015127209135326058,,0.22363783054631037,True,ok
18.38005039831172,FLOW,-0.06400140641122887,-0.13044326713359938,7.984724344853703,True,ok
18.38975684496731,LIDAR,-0.00969616280459773,,0.09180659514860282,True,ok
18.390211719249436,FLOW,0.05106034947874294,0.0273126823259897,1.3276399075332725,True,ok
18.402747078950885,LIDAR,0.005128165606893997,,0.025556443319341073,True,ok
18.407248548045434,LIDAR,-0.033539888256396644,,1.1031755617316001,True,ok
18.407739164668698,BARO,0.13135019349109678,,0.1407175748767102,True,ok
18.41127406402458,FLOW,-0.00856860831475359,0.032085670890506235,0.42996149018140156,True,ok
18.41541362540838,LIDAR,0.03774026418343546,,1.3993280512392685,True,ok
18.425041953679916,BARO,-0.023441915945898284,,0.0044815625128108065,True,ok
18.427286216021784,LIDAR,0.06670254798964148,,4.353169200132454,True,ok
18.434724746675407,FLOW,0.04512687535962279,-0.008626034189606571,0.8134750520237994,True,ok
18.44196703610658,LIDAR,0.031519999250300135,,0.964502174257076,True,ok
18.450696611830804,FLOW,-0.02679647638493088,-0.005233495817186698,0.29225224578826786,True,ok
18.452419142361776,LIDAR,-0.0154145226214637,,0.2307159535950837,True,ok
18.464814628726387,LIDAR,-0.052930605463878067,,2.7126739561726434,True,ok
18.471365433690355,LIDAR,-0.001443510003931614,,0.002031202364448086,True,ok
18.4748760574387,BARO,-0.5571222738918573,,2.531365642131368,True,ok
18.482026416539124,FLOW,-0.00432229207696988,-0.00891995125183323,0.036684872846507614,True,ok
18.48364330515055,LIDAR,-0.019388452984414162,,0.3652334136664788,True,ok
18.48935223462496,LIDAR,0.02176287511372843,,0.46354015575142343,True,ok
18.503823407427046,LIDAR,-0.045539295269409585,,2.014476407308729,True,ok
18.507744905417596,LIDAR,0.029992609499339462,,0.8826407603323255,True,ok
18.509659193660365,FLOW,-0.062004193750318626,0.005025416607050082,1.4330716730365816,True,ok
18.51966032332027,LIDAR,-0.02889078174617765,,0.8156623705192775,True,ok
18.52007734274787,BARO,-0.4753789725141637,,1.8431357305476432,True,ok
18.520554564928972,CAMERA,-0.09887544328531206,-0.035879522228300986,0.6948973948577107,True,ok
18.52893936631877,FLOW,0.0063403181947405685,-0.06004715945230073,1.3761536165991006,True,ok
18.529607378101023,LIDAR,0.008533214148741752,,0.07114189588049402,True,ok
18.543623087980244,LIDAR,0.046135694114954884,,2.066073066815558,True,ok
18.54969157238991,FLOW,-0.08290194562883912,0.037019942782901175,3.1477260430058593,True,ok
18.551224430824007,LIDAR,-0.03742168906915788,,1.365591836542783,True,ok
18.553339055723256,FLOW,0.03212668839824895,0.05461770507665091,1.6317127327824203,True,ok
18.558684880796953,BARO,-0.1542703459682282,,0.19408782421570425,True,ok
18.55949732536344,LIDAR,0.019932374968012923,,0.3885043555420706,True,ok
18.5729009636946,LIDAR,0.04588894275591082,,2.047422027595165,True,ok
18.575075606239213,LIDAR,-0.0004246841684785174,,0.0001775597071612248,True,ok
18.57731249805979,FLOW,-0.004375284693992398,0.08036158334146634,2.544418967508195,True,ok
18.58521229040532,BARO,0.07651727364764138,,0.04774914471232681,True,ok
18.589986014866927,LIDAR,-0.02756366563632806,,0.7411900243994615,True,ok
18.593993379682352,FLOW,-0.01635786933238692,-0.06963000748530099,2.019399829375428,True,ok
18.599679674369938,LIDAR,-0.023475336926228163,,0.5378394568510905,True,ok
18.607351567949614,LIDAR,-0.008813989458753557,,0.07607644160100634,True,ok
18.62282584141284,LIDAR,-0.06381557337812227,,3.9515679670969557,True,ok
18.624357395087358,FLOW,0.057310772183893244,0.01183614712647059,1.2936153777687491,True,ok
18.627209912050912,LIDAR,-0.014876015752316007,,0.21679593110679707,True,ok
18.639536429667057,CAMERA,-0.016971254636027666,0.18782006985840355,2.124533205438365,True,ok
18.643386992500925,FLOW,0.01951934339609629,0.001287384805871719,0.1467335930089023,True,ok
18.64414342281773,LIDAR,0.0005650476015750527,,0.00030920738839302443,True,ok
18.646387427511765,BARO,-0.4099692438588094,,1.3707076247803198,True,ok
18.651607062472337,LIDAR,-0.021891545999433326,,0.46664112370568234,True,ok
18.657162915082484,LIDAR,0.029859913569688867,,0.8743398797031299,True,ok
18.661641528062447,FLOW,0.02049926895546661,-0.01872224754371514,0.2985591932429371,True,ok
18.667341788562283,LIDAR,-0.011609783935844664,,0.1320015281082852,True,ok
18.672871889715168,FLOW,0.05655106179326164,0.10441528330317079,5.6288884378737665,True,ok
18.67626660184129,BARO,-0.4451783053142011,,1.6162396554422802,True,ok
18.684671885639236,LIDAR,0.046902451588687555,,2.1287916033788834,True,ok
18.69207842628968,FLOW,-0.01289938276140834,0.014923440343001262,0.15400293013837718,True,ok
18.692648450747754,LIDAR,-0.004451411043246534,,0.019264924632139253,True,ok
18.70174307901535,LIDAR,-0.038503120731262275,,1.4442161295391898,True,ok
18.70220165299373,CAMERA,0.1694838900022706,0.22233003865190304,4.79730665347269,True,ok
18.71004315963184,BARO,0.9446542372550493,,7.277322644359527,True,ok
18.712357072315736,LIDAR,0.032843607717373935,,1.0502214585067262,True,ok
18.719793788688136,LIDAR,0.0461418623016252,,2.081684783882159,True,ok
18.72393012919677,FLOW,-0.004761240379416609,0.00014457899789500905,0.008559484926787271,True,ok
18.72724356425938,LIDAR,0.004370665975653498,,0.01874080535721636,True,ok
18.74218247581039,LIDAR,0.002245416058065164,,0.004903692667942679,True,ok
18.746373974697676,FLOW,-0.026775770840661517,-0.028693768934511144,0.5824534192019859,True,ok
18.750764932891848,FLOW,0.08914876986133224,0.029494248843993487,3.5676289861387236,True,ok
18.752441787827603,BARO,-0.022834828110188887,,0.004252121819472995,True,ok
18.752882959070455,LIDAR,0.06527474674307276,,4.142297451946918,True,ok
18.764145765864008,LIDAR,-0.015726389236792482,,0.24012293618537264,True,ok
18.768039754930072,LIDAR,0.01740904758475681,,0.2972730648558024,True,ok
18.778248586997435,FLOW,-0.02678103113257202,0.04143696783215521,0.9425775337474104,True,ok
18.781474181988024,LIDAR,-0.020773332767764163,,0.42060494849607827,True,ok
18.78747587167435,BARO,-0.060480054038956066,,0.02983075921306198,True,ok
18.788664580906488,LIDAR,-0.021540259898924052,,0.45427938701984993,True,ok
18.789828211162252,CAMERA,-0.08101690655115057,-0.15808647614532162,1.9273501000526871,True,ok
18.79565386605592,LIDAR,-0.016672080650216525,,0.27318212746368653,True,ok
18.808880775766486,LIDAR,-0.013945015260997451,,0.18990975700268625,True,ok
18.809008381486567,FLOW,0.035751672864390294,-0.012968862708112261,0.5401505035685368,True,ok
18.814629992801656,FLOW,-0.03262567208767364,0.00010449105520279889,0.42568710610933286,True,ok
18.822871734425622,LIDAR,-0.00530399185795094,,0.02729826527085076,True,ok
18.83085601755087,FLOW,-0.06894058172380801,0.03675723700852915,2.4427141082605366,True,ok
18.83178867846665,BARO,0.7101136474807701,,4.112128891596122,True,ok
18.833854149608133,LIDAR,0.008722764393846116,,0.07380171237108253,True,ok
18.84499363023562,LIDAR,-0.04030836704921503,,1.574896047835955,True,ok
18.85243295555976,LIDAR,-0.08586479708768202,,7.183416101262119,True,ok
18.860383852193984,FLOW,-0.019712769944937758,0.05070085084021696,1.1254192426170235,True,ok
18.86337934559837,LIDAR,0.007094086146020473,,0.04897198775463102,True,ok
18.864404531929488,BARO,0.1119127132026887,,0.1021459432977027,True,ok
18.86721015278462,LIDAR,0.057600629325866404,,3.260749240790023,True,ok
18.875507319594636,CAMERA,0.04852742477576655,0.1458639939680791,1.4402879032388374,True,ok
18.87613319189182,LIDAR,-0.0021681937325559453,,0.004620992996101867,True,ok
18.879033878820746,FLOW,-0.02293425574548924,-0.02644527391187361,0.47277100296566854,True,ok
18.886729403952106,LIDAR,0.01404320590655006,,0.1933902803925647,True,ok
18.89784770802719,LIDAR,0.02396866322819724,,0.5618178282245923,True,ok
18.898153504302883,FLOW,0.017977087873906505,-0.0625827437534195,1.6441128764058266,True,ok
18.905129746352006,BARO,0.9550981751664818,,7.4394117565744855,True,ok
18.913892983098396,LIDAR,0.04181420679082226,,1.6933157614062384,True,ok
18.91894261907868,LIDAR,0.06215951523253338,,3.775775409532627,True,ok
18.92458655352877,FLOW,0.10724622973631415,-0.019542192405643338,4.52673746105104,True,ok
18.930996296036856,FLOW,-0.009143892779709617,-0.044913506159176,0.8451460962316029,True,ok
18.932545781358858,LIDAR,0.0007166765157644583,,0.0004989639610742036,True,ok
18.936970897224192,LIDAR,-0.034079485188051706,,1.1387704908284386,True,ok
18.945229957971204,LIDAR,-0.057032840285952346,,3.1944706992268737,True,ok
18.958205044348823,FLOW,-0.08198686057324922,-0.08924822584806043,5.669983261850292,True,ok
18.959028457245864,LIDAR,0.012956062417482261,,0.16368501677965766,True,ok
18.960159655442787,BARO,0.2937372567271188,,0.7036969070271756,True,ok
18.965861886109828,LIDAR,-0.004148877470766976,,0.016868256279546145,True,ok
18.971803182448333,CAMERA,0.1138597274080908,-0.01916004679286515,0.8489581464126208,True,ok
18.98278560248664,LIDAR,0.0034897097000845534,,0.011797010001637496,True,ok
18.985737305934705,FLOW,0.01898768414503027,-0.03164019830595387,0.5128178834278532,True,ok
18.986098559555096,LIDAR,0.009174750730131631,,0.08249087372626743,True,ok
18.997597283002225,LIDAR,0.01900100840038199,,0.3526776355323778,True,ok
18.99963578042466,BARO,-0.3579594779473423,,1.0450460037871514,True,ok
19.00216700881012,FLOW,0.03381119713400693,-0.007341645978918898,0.46383672354925426,True,ok
19.008229555086317,LIDAR,-0.023648607564433544,,0.5456600205750244,True,ok
19.01973902195889,LIDAR,-0.01868387900725743,,0.3397819844720089,True,ok
19.023992256793743,FLOW,-0.06040329596460037,0.03546335102751909,1.8896850410865722,True,ok
19.028571490047373,BARO,-0.5703728883071495,,2.6530055135999135,True,ok
19.03257382234612,FLOW,-0.008826237132441905,-0.018374325455895804,0.16701149196454612,True,ok
19.033920441762596,LIDAR,0.0022841092014842523,,0.00504796823491259,True,ok
19.03515826761051,LIDAR,0.05782279920927014,,3.283834409164877,True,ok
19.054853113885834,LIDAR,0.025827481243233308,,0.6446269076600194,True,ok
19.061957647316998,FLOW,0.04276724817129551,-0.09534071797106554,4.187737197634086,True,ok
19.063963855833855,LIDAR,-0.017631556406572102,,0.30138635677985287,True,ok
19.069149972679025,LIDAR,0.02060669893451017,,0.41521722737682604,True,ok
19.069674663049025,BARO,-0.15464286133337168,,0.19504655986543462,True,ok
19.071594459232475,FLOW,0.06326184651418676,0.017091307103099432,1.7212156389874371,True,ok
19.08071121116268,CAMERA,-0.03380953920480145,-0.17396591033415237,1.9084884873327892,True,ok
19.081362799984667,LIDAR,0.01921516417504865,,0.3596719899876592,True,ok
19.087572079881973,LIDAR,-0.04490434232990026,,1.9760682204259352,True,ok
19.093687028728283,FLOW,0.03874834539799976,-0.06458336978249163,2.224799179508552,True,ok
19.099434632983378,LIDAR,-0.021118453509489044,,0.4354309232301219,True,ok
19.105889557527068,LIDAR,0.023456909021979833,,0.5399860206767225,True,ok
19.116355991833167,LIDAR,-0.011762433181481846,,0.13552257400053888,True,ok
19.122819015420813,BARO,-0.3064999087644451,,0.7661476177690659,True,ok
19.12816483804993,FLOW,-0.024651302632274552,0.03472921150008203,0.6731347644154759,True,ok
19.13208386422281,LIDAR,-0.02279490087124625,,0.504156383735779,True,ok
19.135419089926923,LIDAR,0.043518975459496456,,1.8582519828191635,True,ok
19.147984808348884,FLOW,-0.07731798818607127,0.11314330956503366,7.120635780876418,True,ok
19.149127385128946,LIDAR,-0.020828643633816313,,0.4227806992699331,True,ok
19.152479285338696,FLOW,-0.03884580636135149,0.06506513925946047,2.3248906446079896,True,ok
19.16141526920353,LIDAR,-0.012844805176751795,,0.16024428688140274,True,ok
19.166230772788115,BARO,0.056552223240609045,,0.026081688952540174,True,ok
19.17236324661475,LIDAR,-0.006866528430153451,,0.04576898910051051,True,ok
19.18158907979546,LIDAR,-0.02515057956309219,,0.6153332540251589,True,ok
19.185016755158006,LIDAR,-0.0053270674904069,,0.027896305618922007,True,ok
19.186167378902333,FLOW,0.03259456144525097,0.06026651735325757,1.7755795501997367,True,ok
19.18702173872189,BARO,0.13016337298707858,,0.1381857910435136,True,ok
19.19102535326707,FLOW,0.08216136148034159,-0.003832835759127698,2.738889057094287,True,ok
19.199693882393216,LIDAR,-0.02242499384124841,,0.49016158082514466,True,ok
19.202672281855353,CAMERA,-0.05442398322946218,-0.2041780443870795,2.708411982473308,True,ok
19.205120748805857,LIDAR,-0.018562969760015147,,0.3382482393101229,True,ok
19.21713594322151,LIDAR,-0.027779410899287704,,0.7542615647567374,True,ok
19.226634767245212,FLOW,-0.027871932796107668,0.04822248278478495,1.165213929166423,True,ok
19.23107161293303,LIDAR,-0.04003517792514355,,1.5565123685615685,True,ok
19.236972069864557,LIDAR,0.01197421606070348,,0.14023329172443885,True,ok
19.23948460696892,BARO,-0.1724641694445328,,0.24258636493411528,True,ok
19.246782895023564,FLOW,0.025761649941009157,-0.1102583692421144,4.877875560469068,True,ok
19.248554203732795,LIDAR,0.020341425059381635,,0.4035313532753356,True,ok
19.252206956612017,CAMERA,0.04623122797521084,-0.09025772143871874,0.6340559724655255,True,ok
19.254240974853193,FLOW,-0.07231982468765374,0.03534084036100841,2.6085079128156963,True,ok
19.256627125066853,LIDAR,0.021171595846703806,,0.43842724580909853,True,ok
19.260312027912683,BARO,-0.5498340109487427,,2.465617894061678,True,ok
19.267752023444228,LIDAR,0.012667443333565842,,0.15661129235772162,True,ok
19.27232806772959,FLOW,-0.012352407589716341,0.02797160876185153,0.37311499085410005,True,ok
19.284410299805344,LIDAR,-0.0721938593258118,,5.034075023612458,True,ok
19.289174452520985,LIDAR,-0.005922369750243739,,0.0342181704036535,True,ok
19.293949148785607,FLOW,0.03177359647704181,-0.02985707599649806,0.7455930695402732,True,ok
19.29866685732244,LIDAR,0.011158258398821452,,0.12155372618002741,True,ok
19.30311483195038,BARO,0.04099987451143905,,0.01370939131445925,True,ok
19.310202398917195,LIDAR,0.07132473327016209,,4.954458740371714,True,ok
19.320161033591596,LIDAR,0.007960340707805713,,0.061734187492821155,True,ok
19.324184675823545,FLOW,-0.03795016900160264,0.008835909378331216,0.5740880505296034,True,ok
19.32731828367867,LIDAR,0.013529554023158141,,0.17914401739210176,True,ok
19.34305735674689,LIDAR,-0.021380233423326178,,0.44314772805151903,True,ok
19.34374957839397,FLOW,-0.05992397148964512,-0.031608565023990745,1.7596183410662656,True,ok
19.350396281481174,BARO,0.14806329369535254,,0.178777125229628,True,ok
19.35054131632429,LIDAR,-0.0030062979907490295,,0.008807227871412209,True,ok
19.35680618828213,LIDAR,0.048082676127052526,,2.2661600808632625,True,ok
19.369659331558992,FLOW,0.0566003317001762,-0.060126318789171615,2.5772778885428735,True,ok
19.37061433857407,CAMERA,0.06672965795301344,-0.060208883199602325,0.5048163525868228,True,ok
19.37220831094537,LIDAR,0.006470314664476451,,0.040659401127132115,True,ok
19.378606097287438,LIDAR,0.03071782630468123,,0.9222390531189689,True,ok
19.38431697005175,FLOW,-0.04817286823646372,0.008643512724142974,0.936872494642389,True,ok
19.385502423100046,LIDAR,0.021073869771512932,,0.4359282307523334,True,ok
19.393350859474754,FLOW,0.028437652121310997,-0.0604802763544873,1.810759296455546,True,ok
19.401024872424447,LIDAR,-0.040593847932089755,,1.601971696325397,True,ok
19.40690282415303,BARO,0.07352599201975396,,0.044087450332919366,True,ok
19.409287635096273,LIDAR,0.06630577340051058,,4.28861484083856,True,ok
19.411773141132382,FLOW,-0.006109551304398719,0.009355203252681465,0.0500784907939182,True,ok
19.42036768139958,BARO,-0.2916275557555674,,0.6935398497954188,True,ok
19.4227358520781,LIDAR,-0.0376478703777301,,1.375411614579878,True,ok
19.425117393859693,LIDAR,-0.01187009322551269,,0.13846170414954098,True,ok
19.436284767706702,LIDAR,-0.024270142521635396,,0.577001643838633,True,ok
19.444893723684963,FLOW,0.06312892362461975,0.029515316105599432,1.8366574237850557,True,ok
19.449207840551363,LIDAR,-0.04047327177503579,,1.5961228258892177,True,ok
19.45331852186907,FLOW,0.03125078348564503,0.01649906663530351,0.49833053245332526,True,ok
19.45662657465577,LIDAR,0.006993282124281741,,0.047849415007887884,True,ok
19.463511793329577,BARO,-0.16895522456567447,,0.23280342833597262,True,ok
19.472565627495772,FLOW,-0.08738062563050342,-0.07359868736047116,5.166685226077062,True,ok
19.47257580312595,LIDAR,-0.03997958967706827,,1.548835268404055,True,ok
19.4789169535918,LIDAR,0.005264291526546838,,0.02703981852540845,True,ok
19.488640644835012,LIDAR,0.014976033269580302,,0.21890810338986105,True,ok
19.496125587832136,LIDAR,-0.021945886565779116,,0.47181225230681273,True,ok
19.498229656514283,FLOW,-0.0019275758698642509,0.032618271382195946,0.410102936432881,True,ok
19.512153081271236,LIDAR,0.05821898329755815,,3.287084118956958,True,ok
19.517207057009216,FLOW,-0.010320206649167663,0.04612253549472067,0.8666871121853564,True,ok
19.51806885723338,LIDAR,-0.018068977321833213,,0.3189713429583076,True,ok
19.526250596406502,LIDAR,0.04680840944430997,,2.145785708349252,True,ok
19.528096799159208,BARO,-0.12866162010435378,,0.13501250567804643,True,ok
19.529156782376372,CAMERA,-0.027148994005136373,-0.17238179193421693,1.8358792288964074,True,ok
19.537776938843383,FLOW,-0.028623647556186294,0.05511912013619329,1.496835956798833,True,ok
19.542166385766432,LIDAR,-0.020572270110915447,,0.4104516909259312,True,ok
19.554680983493864,LIDAR,-0.011032434996577134,,0.11771500386751343,True,ok
19.56131982689044,BARO,-0.07535287341692776,,0.046303503652923614,True,ok
19.564410336652937,LIDAR,0.056365968344562756,,3.079584357788834,True,ok
19.566550296864484,FLOW,-0.032765269374188666,0.06940031946605683,2.219037005700354,True,ok
19.569155905684383,CAMERA,0.1063642053906424,0.006704738595307902,0.7248122735663466,True,ok
19.573810553813352,LIDAR,-0.008141019963597174,,0.06438011509580036,True,ok
19.58108011266657,LIDAR,-0.01198589680868567,,0.14024804729902154,True,ok
19.5811937837062,FLOW,0.01818581178829981,-0.045069748116880845,0.9199260669153045,True,ok
19.58771031865304,LIDAR,0.0018246768224012833,,0.003266408529876739,True,ok
19.600304695377773,LIDAR,-0.000523836694807045,,0.0002678509016878798,True,ok
19.600341125071175,BARO,-0.620394333673749,,3.1391486040148004,True,ok
19.6078569528717,FLOW,0.08010257405915455,-0.01460454697407522,2.528435446037073,True,ok
19.609168383432053,LIDAR,-0.0069563560288110615,,0.04731393718035832,True,ok
19.617457624347896,FLOW,0.012051761724879428,-0.009482263360581639,0.09392155028316523,True,ok
19.624387052764174,LIDAR,-0.016070295818376046,,0.25037187290356067,True,ok
19.63063181862619,LIDAR,-0.026777502611005755,,0.6999948260094768,True,ok
19.640534835537924,LIDAR,-0.010393657199284423,,0.10545693207518013,True,ok
19.645158980323746,LIDAR,-0.022774179641319225,,0.5103639951283148,True,ok
19.64653716457084,BARO,0.2569286847354513,,0.5384148746706041,True,ok
19.64872012914426,FLOW,0.026555241038368482,0.08845924891338387,3.228584195279175,True,ok
19.65528284362344,LIDAR,-8.432150792403448e-05,,6.984002405785791e-06,True,ok
19.66122070818481,FLOW,-0.036528182281797994,-0.032734244508513685,0.9483869000426357,True,ok
19.668592299463572,LIDAR,0.04183319419981535,,1.7080353327898388,True,ok
19.67792438454268,FLOW,0.0297995483671607,-0.12153022732082114,6.210542456415681,True,ok
19.682092083322814,LIDAR,0.02695529034599442,,0.7052475466469198,True,ok
19.68729378527749,LIDAR,0.025254965445860922,,0.6242258381455282,True,ok
19.689486866418296,BARO,-0.28161010563872546,,0.6467980455239197,True,ok
19.702392593865067,FLOW,0.01806398948540311,0.0752189550069062,2.3187057338806105,True,ok
19.703683018666645,LIDAR,0.001076981439445568,,0.001123454639553354,True,ok
19.707415586143078,LIDAR,-0.037207183327169435,,1.355667845746294,True,ok
19.711226169346276,BARO,-0.7160054175516419,,4.181170457109969,True,ok
19.716189711351564,LIDAR,-0.006742905414431899,,0.04457652095557915,True,ok
19.716833779838264,FLOW,-0.12195428876036929,0.035192338728540544,6.3972443795712435,True,ok
19.726851715768433,LIDAR,0.061480652434286576,,3.6984120993955525,True,ok
19.7318779416088,CAMERA,-0.06421744253053774,0.03809136112722944,0.3498203589158993,True,ok
19.734447192577658,FLOW,0.02539912727128768,-0.011074828400513118,0.3054449358409225,True,ok
19.736905804218747,LIDAR,-0.0041183120993699696,,0.01658315660898923,True,ok
19.7541662519625,LIDAR,-0.015824101646130906,,0.24198911542292426,True,ok
19.76011196611357,BARO,-0.06216839667501706,,0.03151775095447382,True,ok
19.76153764523518,LIDAR,0.005891204000327832,,0.03374273803300694,True,ok
19.767203861982143,CAMERA,-0.016563794962948464,0.022949970112954743,0.049684711180792235,True,ok
19.769236659421207,FLOW,0.00807765600854049,0.021997979781116436,0.20504163167870298,True,ok
19.77445465387708,LIDAR,-0.014183612725672479,,0.19483153486593616,True,ok
19.776034271294584,FLOW,0.01394250135789532,-0.039865940138990134,0.711776351268556,True,ok
19.784793584752844,BARO,0.06495283939649354,,0.03440279340606041,True,ok
19.78495456439679,LIDAR,0.002135470771488901,,0.004419834566708593,True,ok
19.788824012719395,LIDAR,0.034477402621060804,,1.1643926984005952,True,ok
19.793058056470038,FLOW,0.052831334701732846,-0.01927380877028763,1.2665475270538056,True,ok
19.803558606154873,LIDAR,0.01053230039479125,,0.10778924105771157,True,ok
19.80604683235189,LIDAR,-0.0663021351631472,,4.323731840773464,True,ok
19.814860567639858,FLOW,-0.031001726230577065,-0.03591072400467406,0.8840407039518878,True,ok
19.816677381831248,LIDAR,0.011954831151080647,,0.14021312491834825,True,ok
19.823414656117937,BARO,-0.47295191336901476,,1.8242688107739324,True,ok
19.826622781963806,LIDAR,-0.0018433558332433542,,0.0033305328120424456,True,ok
19.84091131240701,LIDAR,-0.019700203702006203,,0.37755274153521473,True,ok
19.846954587046405,FLOW,0.009386365828192078,-0.01820803579056081,0.15725209331648204,True,ok
19.84745499851012,LIDAR,-0.034779398283178775,,1.1835440920214768,True,ok
19.855442181154892,LIDAR,0.008959565884542275,,0.07873483855687413,True,ok
19.865972968189908,LIDAR,0.015712729009085713,,0.24169894777022116,True,ok
19.86817737295554,FLOW,0.025853830858034277,-0.042816433729272824,0.950193982407437,True,ok
19.87732949433865,BARO,-0.21552919063297216,,0.3788222724262987,True,ok
19.88296485610292,FLOW,-0.008356090360378765,-0.09061357084373341,3.2385679421328284,True,ok
19.883149171765687,LIDAR,0.01943375388190871,,0.3654526556149072,True,ok
19.892423064346485,LIDAR,-0.0018994659741511377,,0.003500644081144612,True,ok
19.901741201238195,LIDAR,0.011683105705069696,,0.1327093992527051,True,ok
19.907237146395985,LIDAR,0.018505633033057745,,0.33546079427981307,True,ok
19.907320971132652,FLOW,0.013664561882390514,0.01936827019242561,0.21631692060333707,True,ok
19.912477819217443,FLOW,0.0008147366713586734,0.07563522191054473,2.3358449818995886,True,ok
19.92184722240149,LIDAR,0.016402926804949924,,0.261489369242457,True,ok
19.923131400202987,BARO,-0.4326597479562868,,1.5266882365157861,True,ok
19.924863395344932,CAMERA,-0.17612414807815568,0.03618935071486101,2.053016189563161,True,ok
19.931462969656913,LIDAR,0.03260096672138513,,1.034367804025071,True,ok
19.938540336804255,LIDAR,-0.008662175121758597,,0.07338139042539003,True,ok
19.942994281573757,BARO,0.45074888361277976,,1.65701864110932,True,ok
19.943567069020517,FLOW,0.0507549613633691,-0.05701405474261077,2.2481088557893347,True,ok
19.954618855091987,LIDAR,-0.007341303054862358,,0.05219658478843316,True,ok
19.962414048458513,LIDAR,-0.028063703115183358,,0.7664192284589593,True,ok
19.96531050125167,LIDAR,0.0019612997592162174,,0.0037855879854826542,True,ok
19.967099154820573,FLOW,0.006116429261168399,-0.017285228352376766,0.1285319012128232,True,ok
19.96955211551646,CAMERA,-0.1371381195909791,0.09973954732457707,1.809281998578514,True,ok
19.979631642982486,LIDAR,-0.06029646230743824,,3.548548142070734,True,ok
19.987184701700464,LIDAR,0.009096790467813864,,0.08105770649012778,True,ok
19.98852955586513,FLOW,0.014650070810748428,0.11387440553784514,5.050541635606614,True,ok
19.9906829414057,FLOW,0.03150880419866153,0.07153475982820133,2.517838355676238,True,ok
19.995082225661196,BARO,0.1361220845581208,,0.1511127744371416,True,ok
19.995083840424723,LIDAR,0.0013580590939485937,,0.001811021452297931,True,ok
20.008201323450542,LIDAR,-0.010429778546717117,,0.1061736587330333,True,ok
20.01299320111818,FLOW,0.00876401070007815,-0.14765315129550266,8.734449487514713,True,ok
20.018732453737275,LIDAR,0.013109887084531202,,0.16758824911747328,True,ok
20.027673147397945,LIDAR,-0.009895215840709959,,0.09563393198605681,True,ok
20.032914080781747,FLOW,-0.07860154539464403,0.032872145688053855,2.879281748567055,True,ok
20.037667003914784,LIDAR,-0.002848956151308535,,0.00792523593474205,True,ok
20.039176320140832,BARO,-0.13958947965811186,,0.1589185824276441,True,ok
20.049054373658002,LIDAR,-0.04707429087016468,,2.158884442360349,True,ok
20.055910247393548,LIDAR,0.011909066292305592,,0.13886324873962666,True,ok
20.056682835839048,FLOW,0.0036230912516495017,0.028261844836823133,0.31441275024980364,True,ok
20.073270265166258,LIDAR,-0.06059986592561417,,3.5525141462241367,True,ok
20.083264849842642,LIDAR,0.05425437331356031,,2.852156575890043,True,ok
20.08595960294513,BARO,0.2758087385025765,,0.6203793355701259,True,ok
20.087885541815393,CAMERA,0.022620829298023892,0.026378947128602948,0.07486607178133686,True,ok
20.089784565142896,FLOW,-0.06555869297556383,0.11186368544250902,6.238896233164362,True,ok
20.090618351965446,LIDAR,-0.02651182991441159,,0.6848011391709931,True,ok
20.09522050956933,FLOW,0.021664495631470437,0.008424182561738297,0.21631402755168505,True,ok
20.099624396081634,LIDAR,0.05587625799858831,,3.047116071093092,True,ok
20.107330322208078,LIDAR,0.006012218760619081,,0.035396697306061556,True,ok
20.107557019872644,BARO,0.060184926729235144,,0.029543346912737453,True,ok
20.120147862346464,LIDAR,-0.023992056696510833,,0.5608780245442885,True,ok
20.125162253213514,FLOW,-0.0928961607604244,0.015448586330082413,3.3983647505180734,True,ok
20.129285555743312,LIDAR,0.07134160624384567,,4.9667235579227444,True,ok
20.13183911904257,FLOW,0.035309324758958205,-0.022515062401020546,0.7114230122521665,True,ok
20.135343503009306,LIDAR,-0.051083366925867235,,2.5614959957148273,True,ok
20.145370952596007,BARO,-0.27121411049790556,,0.5998782623477668,True,ok
20.145843592377368,LIDAR,0.015256305199638387,,0.22804616741791692,True,ok
20.153032178649244,FLOW,0.0828969579634915,-0.06593532829874599,4.4611299830821896,True,ok
20.162390092253037,LIDAR,-0.03931940016375446,,1.4982957660566845,True,ok
20.162596649385726,CAMERA,-0.052575230849001287,0.11422680049584655,0.9730596604172183,True,ok
20.168254409578623,LIDAR,0.017501597059159657,,0.29911595788077494,True,ok
20.177504913991193,FLOW,-0.08214401395066506,0.003915188497883949,2.631373303912784,True,ok
20.178689340001593,LIDAR,0.036468943950897614,,1.297582424762952,True,ok
20.18180967368712,BARO,0.28910529345550007,,0.6816641905243603,True,ok
20.186669273024915,LIDAR,0.027971408909579054,,0.7657175887869988,True,ok
20.195691498498284,LIDAR,-0.05266642592615289,,2.716826646105352,True,ok
20.204960703692773,FLOW,0.05276038843967301,-0.04191873938902685,1.723391885660495,True,ok
20.20903128380955,LIDAR,-0.00491125628512501,,0.023485918697186404,True,ok
20.21119168365323,FLOW,-0.06681388618608719,-0.04834161324258689,2.747953352943136,True,ok
20.223959859163113,LIDAR,0.04268070592307849,,1.7608312118387048,True,ok
20.22676153254444,LIDAR,0.03677164677929401,,1.3238867056461023,True,ok
20.23631919965901,LIDAR,-0.00947507033914885,,0.08789373512455745,True,ok
20.24377912561565,FLOW,0.046300247277863305,-0.021001419935460022,0.9872870535159378,True,ok
20.24885578355505,BARO,0.004055550827652965,,0.00013412713483673097,True,ok
20.250689324774996,FLOW,0.020849983924491555,-0.027400313940637966,0.4791201141032559,True,ok
20.253073206391882,LIDAR,-0.009143586453893349,,0.08095839049773688,True,ok
20.256542317875166,LIDAR,-0.020896009010304972,,0.42767562256330394,True,ok
20.268536662045552,LIDAR,0.010523647584996798,,0.10805563080199238,True,ok
20.27124984373576,FLOW,-0.01909982139592148,0.014762522041257525,0.231977710375872,True,ok
20.277133141925283,LIDAR,-0.00053911453998845,,0.00028416475046388076,True,ok
20.285629921685402,BARO,0.04709021943626368,,0.01808409258617371,True,ok
20.292027784893115,LIDAR,-0.07161813988353671,,4.975511361317323,True,ok
20.29509474533878,CAMERA,0.15244348856617052,-0.29219336380705035,6.660571346878931,True,ok
20.296304269933117,FLOW,0.022377468455013316,0.039052941390460054,0.7838598522352819,True,ok
20.29656783376494,LIDAR,0.01886832082768386,,0.34861530889101716,True,ok
20.30930492389762,LIDAR,0.03331610004395369,,1.0815364806776773,True,ok
20.311754506274497,BARO,0.8053278710431462,,5.289368621771283,True,ok
20.31621502050823,LIDAR,-0.05189192626135419,,2.63694236039731,True,ok
20.317428008438792,FLOW,0.007555135258574763,-0.028754999901422607,0.34195158877179443,True,ok
20.32758091914109,LIDAR,0.045453039608547297,,2.0173664184441265,True,ok
20.336210984663293,LIDAR,-0.050237258722275246,,2.4689548461778927,True,ok
20.33933309148751,FLOW,-0.05887769502453266,-0.02377738970765997,1.5600374857002046,True,ok
20.347962727016075,LIDAR,0.014793137924504318,,0.21338511247659442,True,ok
20.35719611880215,BARO,0.463387213513772,,1.7511022354956731,True,ok
20.360568717258705,FLOW,0.006027923370274246,0.010360182978665422,0.055516142584040536,True,ok
20.363727492642212,LIDAR,2.7147841732411138e-05,,7.123978770846612e-07,True,ok
20.367688922429785,LIDAR,0.020309712455786944,,0.4031485858309318,True,ok
20.372246972725584,CAMERA,0.2598184972550932,0.08591974446783823,4.758147167352515,True,ok
20.37989352947645,FLOW,0.050137338759471684,0.030026334860553894,1.3325640188729053,True,ok
20.38174350163142,BARO,0.18055145200040768,,0.26583086596412947,True,ok
20.384796787461962,LIDAR,0.01993420715126515,,0.38404842280797374,True,ok
20.385265861126754,LIDAR,0.042428191399829895,,1.768533644231819,True,ok
20.397725972259824,LIDAR,0.020264725640906533,,0.4013929181761634,True,ok
20.397838291919903,FLOW,-0.06512880701643198,0.02122929223866775,1.8517580540970644,True,ok
20.413518946181487,LIDAR,0.019910810537616452,,0.38390062059938734,True,ok
20.416255693046732,LIDAR,-0.01802395473938123,,0.3185513868897522,True,ok
20.42162952969777,BARO,0.0028967099947241337,,6.843381719898051e-05,True,ok
20.428369415514013,FLOW,-0.05588083323947224,-0.014377649724691216,1.2626289858290318,True,ok
20.43236553047874,LIDAR,0.007449812629409802,,0.05386612653369529,True,ok
20.43951454439259,LIDAR,-0.03512863865929372,,1.2041046863032194,True,ok
20.445572688992453,FLOW,0.06650045232572643,-0.056218073447350775,2.9432491563421666,True,ok
20.449168938750415,LIDAR,-0.010564418191146174,,0.10894911235304824,True,ok
20.4611771454221,LIDAR,0.013506047384970188,,0.17749214586821632,True,ok
20.467138419767114,FLOW,0.04265255655474909,0.07939872306769873,3.143102042309854,True,ok
20.474271525777183,LIDAR,-0.03961654200043885,,1.5205698612355516,True,ok
20.47735887102795,FLOW,0.0506472868973562,-0.08025711251592134,3.6269906226506157,True,ok
20.48258211311307,LIDAR,0.02964898244303127,,0.8550259009032978,True,ok
20.488538068973355,BARO,-0.29352433963467917,,0.702623274761621,True,ok
20.488852708489972,LIDAR,0.029800030728001303,,0.8692586824128924,True,ok
20.495546017536835,FLOW,0.011597137396780699,0.052773568140248354,1.1689460844070139,True,ok
20.50292423040852,LIDAR,-0.00029351524444765076,,8.37483000258209e-05,True,ok
20.503215625390148,CAMERA,-0.1550574450759541,0.0923132308393938,2.0484192826378917,True,ok
20.510057859284487,LIDAR,0.006027819684812918,,0.03549934920026485,True,ok
20.519068321278834,BARO,-0.2612417690279747,,0.5565647111238511,True,ok
20.52308205697033,LIDAR,-0.00396644673960278,,0.01529681700703494,True,ok
20.52349854201455,FLOW,0.0022578644777837553,-0.016400312067148176,0.10556001060441753,True,ok
20.52796085317591,LIDAR,0.026388723499476185,,0.6827908560737119,True,ok
20.542264592927392,BARO,-0.1587652310179255,,0.2055523539993107,True,ok
20.54341333683782,LIDAR,0.01857992959936583,,0.3353819575741195,True,ok
20.545939495690067,FLOW,0.05093567678523003,0.07802649097089673,3.3425158617063984,True,ok
20.54720735762034,LIDAR,-0.030431768262238368,,0.9089574870664117,True,ok
20.553528947839823,FLOW,-0.040285269432862814,-0.00043766936252800925,0.659576569078233,True,ok
20.558477582869674,LIDAR,0.008686822235467684,,0.07383355664828678,True,ok
20.561291794102317,CAMERA,-0.16078690711677268,-0.15420378877926535,3.1007286877803653,True,ok
20.57187480290333,LIDAR,-0.03359143721742974,,1.0976525983511405,True,ok
20.581231167442322,LIDAR,-0.026727248677811843,,0.6959293902135514,True,ok
20.58261606018182,FLOW,0.012898994547313247,-0.012825692217552642,0.12796244453484412,True,ok
20.587535171979756,LIDAR,-0.026675721498778948,,0.6973100611630245,True,ok
20.59867525179427,LIDAR,-0.033450813546322955,,1.0936069043910321,True,ok
20.60410602189046,BARO,-0.508101358118642,,2.10548249063477,True,ok
20.608702749728554,FLOW,-0.02900417370769315,0.004630455773660683,0.32860682801714747,True,ok
20.61210313728108,LIDAR,0.003642428609022197,,0.012894994484408121,True,ok
20.61545907932823,LIDAR,0.005122494365736419,,0.02578013663538536,True,ok
20.62767999319813,BARO,0.07358180703139316,,0.044154000931629384,True,ok
20.62830636060705,FLOW,-0.04298005059422705,0.011814410303967758,0.7678620206930676,True,ok
20.628509791968305,LIDAR,-0.01730889666973434,,0.2926163415944774,True,ok
20.64142612119749,FLOW,0.0038018782214823688,-0.017785976038288492,0.13142238438988607,True,ok
20.644251026308496,LIDAR,0.002987191516722998,,0.008636280495183755,True,ok
20.65138622558368,LIDAR,-0.0020855072372638617,,0.004234530563728296,True,ok
20.66256352089143,LIDAR,-0.001642991146321382,,0.0026243137630759424,True,ok
20.66681837981229,FLOW,-0.003470401231337128,-0.04904301294396622,0.9350390983953913,True,ok
20.667697606547623,LIDAR,0.000683265677669187,,0.000457530873005471,True,ok
20.67248492704624,BARO,-0.02341383970811073,,0.004471029911090234,True,ok
20.676955668455093,LIDAR,0.018989820714046868,,0.353521563943308,True,ok
20.67717324164846,CAMERA,-0.12154058925515443,-0.08669361733039671,1.398867552121022,True,ok
20.685936564839608,FLOW,0.009148060300361749,-0.004188367708523391,0.039619850893511645,True,ok
20.691735063692146,LIDAR,-0.0008920894294637272,,0.0007737390155211624,True,ok
20.700102808184198,LIDAR,0.009072724927509324,,0.08027960664979765,True,ok
20.707735866731856,FLOW,0.018798265902646882,-0.0017386302061195846,0.13886971344296303,True,ok
20.711948601203922,LIDAR,-0.027602198339780948,,0.7409514276898326,True,ok
20.71338133750515,FLOW,-0.009357391538195703,0.010627887869277333,0.08237483788590487,True,ok
20.719430820278312,BARO,-0.17143378215887228,,0.23967255660014292,True,ok
20.72340353631145,LIDAR,0.03721710665054134,,1.3449679296116546,True,ok
20.72592243919692,LIDAR,-0.00438592255504755,,0.018909022281963908,True,ok
20.740224129129125,LIDAR,0.019351224894822217,,0.3651611085255834,True,ok
20.743853486541187,FLOW,-0.013801415754854052,0.027699968067345614,0.3715147674609497,True,ok
20.74708191750465,LIDAR,-0.015797284272695222,,0.24452400691711287,True,ok
20.753396438842806,BARO,-0.1916016453290008,,0.299400124913007,True,ok
20.75721560181135,LIDAR,0.04465053147854148,,1.9515616200252175,True,ok
20.76164547372189,CAMERA,0.01202498767982263,0.11981839484195839,0.8833918439717539,True,ok
20.766179879826772,FLOW,0.01601757513566593,-0.0690891453986775,1.9426612768091729,True,ok
20.771726995749905,LIDAR,0.0033535383927194573,,0.010925209408208172,True,ok
20.77669162966348,FLOW,-0.04890926599161971,-0.03109525116669709,1.3537153420502268,True,ok
20.78446047078421,LIDAR,0.026094110743627663,,0.6591914082963168,True,ok
20.794810558333495,LIDAR,0.01418445750601327,,0.19496590598270155,True,ok
20.79832298614996,BARO,0.10888350102551936,,0.09668545942023225,True,ok
20.79904048401429,LIDAR,-0.026862256327498724,,0.7064181426294515,True,ok
20.803398682944323,FLOW,0.06537732925390016,0.027781062487763686,1.9649375975478462,True,ok
20.81177195642333,LIDAR,-0.025719868691109316,,0.6444578416378247,True,ok
20.819613842897137,LIDAR,-0.02821477351852053,,0.7782792865198926,True,ok
20.828655488377397,LIDAR,0.01566355613616821,,0.2401021651383828,True,ok
20.829538095271673,FLOW,-0.06144063156150681,-0.003565590886776937,1.4492073431392474,True,ok
20.832656983786784,BARO,-0.5147963171476981,,2.161390488542338,True,ok
20.835597484420973,FLOW,-0.021964194550342597,0.008429073425125735,0.22509920509339407,True,ok
20.837849596496298,LIDAR,0.008441883452868115,,0.06978915369533834,True,ok
20.84587311734567,LIDAR,-0.03329387638871628,,1.0879218543610427,True,ok
20.858117729094726,FLOW,-0.1172372624353506,0.04963598296153634,6.435789359284126,True,ok
20.864370732998246,LIDAR,0.031669723536782435,,0.9704666976702536,True,ok
20.8681544399228,LIDAR,-0.015074642968828655,,0.22233705861002878,True,ok
20.876903896559774,FLOW,-0.042794831144332246,-0.022278630880696218,0.9232797078296329,True,ok
20.87760155119058,BARO,0.032194450959707854,,0.008452675936051653,True,ok
20.878664115137642,LIDAR,0.006756968257827456,,0.04461398214773933,True,ok
20.891327928790243,LIDAR,-0.03927214988402161,,1.500394567588539,True,ok
20.90048043806806,LIDAR,-0.048308629729211905,,2.2743899034163557,True,ok
20.901425655916462,FLOW,0.018389362261314046,0.026635801626149175,0.4055428151900017,True,ok
20.90242507758193,CAMERA,0.14671129276542416,0.19644157954649316,3.702265014952699,True,ok
20.914762817715165,LIDAR,0.04742753702670166,,2.178095084777249,True,ok
20.92203066262453,BARO,-0.33424795115441563,,0.9110699136223457,True,ok
20.923496781899942,LIDAR,-0.0028090998929819477,,0.007667931191806239,True,ok
20.929525833787558,LIDAR,-0.016885221280536378,,0.27893795947430633,True,ok
20.92956330871251,FLOW,0.08147629672684631,-0.06781758772068437,4.2583064705846185,True,ok
20.936110496607842,LIDAR,-0.03405335321102987,,1.1397233128845219,True,ok
20.942558116730435,FLOW,0.004944934319806249,0.0058625649563975035,0.02318753845213342,True,ok
20.9545200980588,LIDAR,-0.01652845026527805,,0.2646868891831323,True,ok
20.961687823911518,FLOW,0.011774651094754285,0.08948926159279944,3.2091276505406907,True,ok
20.96304463876957,LIDAR,0.00397800661142611,,0.015387153244870269,True,ok
20.96834583194524,BARO,-0.27443750346968043,,0.614219950375802,True,ok
20.97055951219218,FLOW,-0.018712623295927377,-0.002424317667382561,0.14613384798597842,True,ok
20.972576267583616,LIDAR,0.03601122212698016,,1.2627745603506477,True,ok
20.97839604892223,LIDAR,0.0034487304561454657,,0.011659181372158189,True,ok
20.991791796159394,FLOW,0.016686991431687836,0.0179487313384187,0.2407635059680387,True,ok
20.99353880309862,LIDAR,-0.0061886602455589745,,0.03721455078631928,True,ok
20.996952269536397,LIDAR,-0.023356177438238923,,0.5357910602916701,True,ok
21.00627375726428,BARO,-0.24319261785582613,,0.48233075404133435,True,ok
21.007448213082284,LIDAR,0.0018220605329921646,,0.0032543508332053086,True,ok
21.016542901254365,LIDAR,0.02447421937845906,,0.587396330899583,True,ok
21.02080381967087,BARO,-0.4169078727345703,,1.4175784089182366,True,ok
21.02719287745101,FLOW,-0.07230287935161694,-0.029227908247931922,2.2912403270457435,True,ok
21.02769433163798,LIDAR,0.027498187938498564,,0.7395248862204068,True,ok
21.033967978286604,CAMERA,-0.03078851288227824,0.1370806518977964,1.1910843169685679,True,ok
21.036528646548884,FLOW,-0.07556992021941045,0.05715480616182672,3.5806075990654023,True,ok
21.03795055205905,LIDAR,-0.04741088220436529,,2.196320081390927,True,ok
21.052246844075675,LIDAR,0.04418993646831382,,1.8948073869902355,True,ok
21.056670003510508,LIDAR,0.0029050293908547964,,0.008267170026764373,True,ok
21.060784595572326,FLOW,-0.024197878663383632,0.01958693474978252,0.37820946230675345,True,ok
21.063734307941772,BARO,0.2995123751278843,,0.7316077889242001,True,ok
21.069759812496027,CAMERA,0.04077143743893785,0.020085397892912638,0.13074394592895958,True,ok
21.073665634234008,LIDAR,-0.022385108567395395,,0.4852832085252576,True,ok
21.08358723734708,LIDAR,-0.01361104478568631,,0.1796891828518707,True,ok
21.083868953647062,FLOW,0.09898872723658081,-0.07332084609382195,5.871805004934786,True,ok
21.092905794136964,LIDAR,0.016448156351892784,,0.2629699764750131,True,ok
21.10272993165089,LIDAR,-0.006280632265255992,,0.03837840221136908,True,ok
21.10707691865944,LIDAR,0.020683972307091292,,0.42004007810097216,True,ok
21.108410243469567,FLOW,0.025560938862105642,0.07937211913795474,2.660476623349459,True,ok
21.11290878397116,BARO,-0.2920690041080265,,0.6957173474911859,True,ok
21.117216788256748,LIDAR,0.006465061077299161,,0.04098055975616224,True,ok
21.12442711026912,FLOW,0.032587716440298564,-0.019456021927476037,0.5668977313526908,True,ok
21.12654973983078,LIDAR,-0.010632502923635823,,0.11084225832994969,True,ok
21.136730763408593,FLOW,0.006989871110983481,0.003916730999030046,0.02596038648568799,True,ok
21.137017036179206,LIDAR,0.02912175749325252,,0.8300854296030085,True,ok
21.144486554234238,BARO,-0.688740825559321,,3.8686172502591933,True,ok
21.14809769413633,LIDAR,-0.020680125098774482,,0.4176656292513088,True,ok
21.15578400115677,LIDAR,0.09421443012422914,,8.696981140387555,True,ok
21.156184999685834,FLOW,0.0018465291119413862,-0.03481535340998427,0.48613180414928875,True,ok
21.17187366736033,LIDAR,0.048151492540910557,,2.2486270296218214,True,ok
21.180345635521636,LIDAR,-0.02033250470282777,,0.40232979080434433,True,ok
21.18496577284911,BARO,0.0755827119601209,,0.04658950494027243,True,ok
21.186926659933178,LIDAR,-0.034215552731668986,,1.145894828592987,True,ok
21.189320856690458,FLOW,-0.026103967117007576,-0.008458572807609047,0.2861145099207288,True,ok
21.20098489961345,LIDAR,-0.037065072756352624,,1.3354665581636234,True,ok
21.20232849545713,FLOW,-0.03328583102706295,-0.057798377689691,1.754896051808297,True,ok
21.213698256071027,LIDAR,0.04593344417488021,,2.043742750085449,True,ok
21.21677650097749,FLOW,0.04457366356388537,-0.03002225462797735,1.162801343361041,True,ok
21.221456161335517,LIDAR,-0.031649056501720896,,0.9749476972695548,True,ok
21.2321583925328,LIDAR,-0.03116813704868493,,0.9449061626632665,True,ok
21.2331910727752,FLOW,0.02008709943726239,-0.0001637479741748299,0.1629830217401747,True,ok
21.237018975078968,BARO,-0.05671110347783914,,0.026228685453215824,True,ok
21.240362305256035,LIDAR,-0.027398093261535195,,0.732629111318375,True,ok
21.246811215797166,CAMERA,0.26435744427806895,0.11361470165329923,5.216782807978513,True,ok
21.247205192564824,LIDAR,-0.01723447348882612,,0.2912497594093959,True,ok
21.25691633050602,FLOW,0.025481071193266258,-0.03599411830545228,0.7644191995859713,True,ok
21.263167931158577,LIDAR,0.004630010213433788,,0.020808211274477052,True,ok
21.271587849114216,LIDAR,0.00838341053035574,,0.0684505047734285,True,ok
21.278966488552935,LIDAR,-0.03340837797953,,1.0916975358356529,True,ok
21.279219591446054,FLOW,0.016498069725615627,-0.01587729792538259,0.20439116000650182,True,ok
21.286706319099665,BARO,0.3256947677237796,,0.8650919196554873,True,ok
21.29282750221304,FLOW,0.028692690879440486,0.05488015500258768,1.533208505169371,True,ok
21.29306942332564,LIDAR,0.03764673765865956,,1.3769962158457765,True,ok
21.296757917231872,LIDAR,-0.014841504007091277,,0.21623977084603402,True,ok
21.30781204683353,CAMERA,0.00027064403773380263,-0.012360443225400197,0.009264735340751434,True,ok
21.309694540635164,LIDAR,-0.0030327373369702926,,0.00897793563780088,True,ok
21.324263287787225,LIDAR,0.0118695643942619,,0.13653942449753498,True,ok
21.324360047545927,FLOW,-0.047391907872701644,0.029437880658726302,1.1885416055147262,True,ok
21.324586182029417,BARO,0.41459059634092954,,1.4018242824649272,True,ok
21.33057655924117,LIDAR,0.0775606728081506,,5.871160457824954,True,ok
21.331691357465644,FLOW,0.05344003773089834,-0.10257691777684173,5.4148422129614495,True,ok
21.34154892858588,LIDAR,0.025618886240522443,,0.6395286728960068,True,ok
21.349703417824465,LIDAR,-0.026666575990928365,,0.6949871131229268,True,ok
21.35514941850007,LIDAR,-0.03350813121482821,,1.1044889640764448,True,ok
21.358764094781293,FLOW,0.022427904410164734,0.004204583520066196,0.20341782609400813,True,ok
21.35999221623488,BARO,0.8230901813894684,,5.525449034115771,True,ok
21.37347528727477,FLOW,0.003432551182249055,0.02047592546814718,0.1716388016072984,True,ok
21.37383059284604,LIDAR,0.009254985644877589,,0.08302341990654037,True,ok
21.377169443817944,LIDAR,0.02164661929820344,,0.45939078950338985,True,ok
21.39261605297025,LIDAR,-0.0345332174547619,,1.1583283376602291,True,ok
21.396030082512176,LIDAR,-0.03585021659197407,,1.2619663828273362,True,ok
21.397435763373444,BARO,0.45812044810976404,,1.7117683594517104,True,ok
21.407573766332344,FLOW,-0.007596030347545968,-0.09104225081069597,3.136683371045427,True,ok
21.410897376361785,LIDAR,-0.004636338691637043,,0.020925869768416476,True,ok
21.412720933585668,FLOW,-0.061484505418645696,0.0851902957168971,4.471692242883783,True,ok
21.423507666250952,LIDAR,-0.01288344188079682,,0.16099422399431074,True,ok
21.43257546337391,CAMERA,0.0215988599304211,0.21670110794279102,2.8643353841206216,True,ok
21.432681605200738,LIDAR,0.004989319205579434,,0.02420229308571639,True,ok
21.433225348089504,FLOW,0.02565976892267985,-0.026461800611762412,0.5426787398428027,True,ok
21.442560709917572,LIDAR,-0.049107531464882115,,2.3465043561041967,True,ok
21.44880679041917,BARO,0.4073480950867223,,1.3532099173800094,True,ok
21.45419823485029,LIDAR,0.014478126520481194,,0.2035686443392963,True,ok
21.45757094055399,LIDAR,0.032255876127377014,,1.0215367604925638,True,ok
21.466946796134284,FLOW,0.12397136198621928,0.059733913737754496,7.162648700283945,True,ok
21.473843270358156,BARO,0.11428769843079811,,0.10651326456039728,True,ok
21.4745577596116,LIDAR,0.02866895408097747,,0.7975150053155132,True,ok
21.47565074522161,CAMERA,0.18891891804064542,-0.21963750636167265,5.222512919931695,True,ok
21.478259090931136,LIDAR,0.025589222795725508,,0.6421611698597829,True,ok
21.482231005106513,FLOW,-0.0015684106862892122,-0.0009154712762960704,0.0012930825351241799,True,ok
21.48608829339434,LIDAR,-0.02417008947180488,,0.5741922693427434,True,ok
21.49942676585005,LIDAR,-0.013337386719680211,,0.17370380949318123,True,ok
21.508410692985667,FLOW,-0.08053755941939866,0.11143004450106049,7.2494310687342525,True,ok
21.508935181301812,LIDAR,0.003330361116011815,,0.010836094794090508,True,ok
21.511380756789052,BARO,-0.002450948485618998,,4.8993030798983626e-05,True,ok
21.520206965773312,LIDAR,0.07014024804485741,,4.79601478920845,True,ok
21.52208510432067,FLOW,-0.004510022389300428,0.0009994510913984428,0.00849324038470996,True,ok
21.52795056233784,LIDAR,-0.08370031321760063,,6.853782633043154,True,ok
21.536518637650648,LIDAR,-0.030331278176168208,,0.9014537290889824,True,ok
21.53824103531896,FLOW,-0.025085533372867008,-0.036971876864589116,0.7988006406109294,True,ok
21.55247353693232,LIDAR,0.008525770977907854,,0.07051514621240551,True,ok
21.555372476419198,LIDAR,0.0005204282915061142,,0.0002658875692382375,True,ok
21.558808843517202,CAMERA,-0.25384565941805803,0.20660941689142542,6.728131144662157,True,ok
21.56009697126863,FLOW,0.003326792780116161,0.010116388885754883,0.04469187023616421,True,ok
21.567017022248468,BARO,0.10264592894436264,,0.08592379330778177,True,ok
21.56917386400702,LIDAR,0.029887320678627205,,0.8708679692759499,True,ok
21.57782599471063,FLOW,0.07753606511277766,-0.04958602174782039,3.3719106020054452,True,ok
21.580433763461127,LIDAR,0.02372552543873674,,0.5477735922770866,True,ok
21.583906413187023,BARO,-0.11188757074859845,,0.10209697441097935,True,ok
21.587670698333806,LIDAR,-0.02475271085086117,,0.599079712515822,True,ok
21.595271935197417,FLOW,-0.07362014157605867,-0.004553018378279802,2.1786246203418265,True,ok
21.596538105209547,LIDAR,0.02441192504933376,,0.5834155520692248,True,ok
21.606667427227883,LIDAR,0.003271414558119634,,0.01046754845468956,True,ok
21.61101816818105,FLOW,-0.05909889626543574,0.04559473654951811,2.2485214272239955,True,ok
21.62402570696377,LIDAR,-0.006090283443401123,,0.035850372824998665,True,ok
21.629712663558543,LIDAR,0.03260393876595913,,1.0361655366654012,True,ok
21.63700782384119,BARO,-0.7293728785775546,,4.3384272066212235,True,ok
21.64128352582725,LIDAR,0.014990835839312044,,0.21857338384858835,True,ok
21.646756191554044,FLOW,0.034015456884103346,0.05229465742994589,1.4669506129015892,True,ok
21.651097362141364,LIDAR,-0.013329156478940618,,0.1729463194647735,True,ok
21.661419449963706,LIDAR,0.04248506296858512,,1.7568313555994852,True,ok
21.663173436124122,BARO,-0.12475610061175502,,0.12693535974845946,True,ok
21.663648954611013,FLOW,0.016853624304348225,0.07606392146586428,2.357728595868957,True,ok
21.670477292135423,LIDAR,-0.045890031676310894,,2.053726954669575,True,ok
21.67861189754683,FLOW,0.0640444590383118,0.045324656915470954,2.4519077884267912,True,ok
21.68256157536677,LIDAR,0.008160387318181694,,0.06473674518379359,True,ok
21.68468221970218,CAMERA,-0.013058207742854933,0.14533657019890234,1.294031251722075,True,ok
21.69231386020593,LIDAR,0.03818379761649959,,1.4188403833140235,True,ok
21.70197242117494,FLOW,0.02609485986240756,-0.022455803803277323,0.464425856315942,True,ok
21.7028551090121,LIDAR,0.07873523728864562,,6.0304096761811445,True,ok
21.70778979273488,LIDAR,-0.0644962054237328,,4.079907877326101,True,ok
21.719606621508866,LIDAR,-0.04094055716343803,,1.6376892029451273,True,ok
21.725552353588025,BARO,0.4045146633992944,,1.3344916895618208,True,ok
21.726517217987457,FLOW,-0.050616262295454906,-0.08814571549918752,3.9854255259057334,True,ok
21.730004946913347,LIDAR,-0.0052763659960137765,,0.02717879223363506,True,ok
21.73750137913505,FLOW,0.07745971537411478,-0.02539557283373583,2.6782752043541973,True,ok
21.738881880401667,LIDAR,0.0068454405877016455,,0.04581695166602759,True,ok
21.751022850568937,LIDAR,-0.02366730778683479,,0.5456252575592421,True,ok
21.752825916155853,BARO,0.570762999194701,,2.65688398227442,True,ok
21.76360915932971,FLOW,-0.07900126553145448,0.018018165375707832,2.5664850592719657,True,ok
21.763835413782555,LIDAR,-0.03628219433444624,,1.277205938147589,True,ok
21.765298065711878,LIDAR,-0.0023461687437693612,,0.005416016112518823,True,ok
21.773845484227454,FLOW,0.023652365032868605,0.035806756849320207,0.7460135298586851,True,ok
21.775989624973025,LIDAR,0.0038110788032348353,,0.014252427654745006,True,ok
21.781560277719624,CAMERA,-0.2582900027251327,-0.055204052100268186,4.445349893435849,True,ok
21.7949170745712,LIDAR,-0.01648337757640217,,0.26268493171523827,True,ok
21.795850790055106,FLOW,0.023436946267027192,-0.03147189479731054,0.611642936082651,True,ok
21.79691185438703,LIDAR,0.06676806807837865,,4.370808628467014,True,ok
21.8036794522089,BARO,-0.8036605934202292,,5.267423177682205,True,ok
21.81378044030045,LIDAR,0.0008540893186350651,,0.0007070978113309572,True,ok
21.820960161193405,LIDAR,-0.012462224712103787,,0.15138277311814158,True,ok
21.82168962860866,BARO,0.5321259392628739,,2.3093908148277165,True,ok
21.822881032792502,FLOW,-0.06950390961647512,0.011482708825665346,1.9218661088435078,True,ok
21.833461594773098,LIDAR,-0.036990405000736803,,1.328905596804883,True,ok
21.837539408549397,LIDAR,-0.026418213366432575,,0.6845490761581211,True,ok
21.845411620335238,FLOW,0.017903637416710305,0.043346139128687566,0.8465474547115315,True,ok
21.846829813004025,LIDAR,-0.015946278078537546,,0.24941244053346825,True,ok
21.86011619415834,LIDAR,0.039367449096479934,,1.5108998290424218,True,ok
21.865073588387023,LIDAR,-0.06211394041686358,,3.7905071380615336,True,ok
21.86854375645998,FLOW,0.03827867436425003,-0.06095566861600368,1.9907342312703253,True,ok
21.871844445483976,FLOW,0.006417149390891108,-0.02855585404060465,0.3533561500498256,True,ok
21.881612837707696,LIDAR,0.007860683339762975,,0.060021463907686846,True,ok
21.88694518205103,BARO,-0.2218522309127473,,0.4013853479905241,True,ok
21.88724794665701,LIDAR,0.04588728494436012,,2.06092744696154,True,ok
21.90373538799083,LIDAR,-0.001451730516857097,,0.002040949568122605,True,ok
21.904260795765648,FLOW,-0.07136760313831103,0.004123029754793603,1.9855084701936179,True,ok
21.914950507464134,LIDAR,-0.02419222276744648,,0.5665146341824776,True,ok
21.917184501370734,FLOW,0.007017947974844452,-0.041888118695046085,0.7205716241655771,True,ok
21.92073072676189,LIDAR,0.030881210131407322,,0.9305088108544096,True,ok
21.927063794864324,LIDAR,-0.002373427447099452,,0.005526722269208713,True,ok
21.92741107228042,BARO,-0.3815026386373055,,1.1870910087074054,True,ok
21.928278704054232,CAMERA,-0.0458225365697551,-0.22131653390072675,3.085522520590567,True,ok
21.936217564869345,FLOW,0.05033966819220281,0.02265609299841243,1.2178299275257611,True,ok
21.942525412917266,LIDAR,-0.02408999644454113,,0.5640615254369902,True,ok
21.947399108986605,LIDAR,-0.006176425393431106,,0.03739510833438663,True,ok
21.955382478179864,FLOW,-0.0034953607242427243,0.010920438164385073,0.05223073508810579,True,ok
21.955707132186607,LIDAR,0.014915741858080978,,0.2184358058595258,True,ok
21.957926603335356,BARO,0.554583909651825,,2.5085091664822152,True,ok
21.964362036597727,CAMERA,0.1152310527326108,0.1281929442856352,1.8525539055955589,True,ok
21.971995239161224,FLOW,-0.01335623355229898,0.0402918212397548,0.7218385148577097,True,ok
21.974311482710373,LIDAR,0.026259761313161878,,0.6674035162081947,True,ok
21.979766107970637,LIDAR,-0.0011690941660824627,,0.0013341467032297275,True,ok
21.981525291750515,BARO,-0.6102840468749586,,3.0376038408461254,True,ok
21.99293625761693,LIDAR,-0.028049775895939266,,0.7642405995475154,True,ok
22.003374574150026,FLOW,-0.00097762918805544,-0.054383630266502406,1.1274951825345687,True,ok
22.004493939505167,LIDAR,-0.011772532262064317,,0.1344066935792365,True,ok
22.00655134387627,LIDAR,-0.015066599212643084,,0.2230766235674808,True,ok
22.014168902613047,FLOW,0.022442780743982205,-0.04709758722175623,1.0884807913059453,True,ok
22.018479684014814,LIDAR,0.03954493475362497,,1.530107736609564,True,ok
22.024174686901834,BARO,0.510123618997957,,2.122284675943524,True,ok
22.034810728490132,LIDAR,0.012852437862938881,,0.1599831443816317,True,ok
22.042654503260554,LIDAR,-0.025790086336152207,,0.6472287038762475,True,ok
22.045915202141273,FLOW,-0.015027736153638838,-0.05125785595409978,1.0856839849466395,True,ok
22.048915967560234,LIDAR,0.009519471882068142,,0.08872568963422565,True,ok
22.050509997272037,FLOW,0.023645831475952672,0.10322920370817444,4.583759818416685,True,ok
22.059425480514793,LIDAR,-0.016344126277608506,,0.26115108371246293,True,ok
22.064955959330515,CAMERA,-0.10551746740523527,-0.08890547727807985,1.194179068126613,True,ok
22.0720017051238,LIDAR,-0.04090721386602869,,1.628781748080067,True,ok
22.083645638303476,LIDAR,0.10377677359653381,,10.460218159016073,False,gate
22.085340523040056,LIDAR,0.029818264612061718,,0.8613293729680505,True,ok
22.085675116944724,FLOW,-0.0029583660727448002,-0.02288361236074831,0.2025010885576507,True,ok
22.086179193781287,BARO,-0.4264826187467019,,1.4833833243800896,True,ok
22.09026551755786,FLOW,0.010745082923715898,-0.010006643457881763,0.0882645199888709,True,ok
22.100955027202104,LIDAR,-0.011810068187627643,,0.13413933616311458,True,ok
22.1096818496892,LIDAR,0.015030219306185089,,0.21832104043943368,True,ok
22.115876560318874,BARO,-0.21685105348008227,,0.3834755669812884,True,ok
22.119184223115223,LIDAR,-0.0077511599927584385,,0.05822357761146654,True,ok
22.125963962704493,LIDAR,0.0038803776131781653,,0.014683230623099097,True,ok
22.12604538868732,FLOW,0.05476227758152952,-0.010596395213604476,1.1874541962346197,True,ok
22.137744578756127,LIDAR,0.016475798136552644,,0.2640035191268934,True,ok
22.146012481379245,FLOW,-0.03599927742493536,-0.01361773618718018,0.5742328231759986,True,ok
22.14825524604701,LIDAR,0.055512741961499135,,2.996502296492648,True,ok
22.154849465247192,BARO,0.2652181400679816,,0.5736360331911519,True,ok
22.158741863418694,LIDAR,-0.012614432368638795,,0.1547257565295612,True,ok
22.164909515964567,FLOW,-0.011567028097059895,0.015300938149884397,0.1441540021744409,True,ok
22.171399319935464,LIDAR,0.001659664539858774,,0.0026690829376589797,True,ok
22.181992120260478,LIDAR,-0.038406211327996154,,1.4298836289596202,True,ok
22.18629709504694,LIDAR,-0.0742011464257657,,5.390531801198311,True,ok
22.18830552902631,FLOW,-0.04519895774174665,0.026622594409664767,1.0678625510077342,True,ok
22.19248648258544,FLOW,0.0681407119550077,0.015120364701609889,2.017874086186653,True,ok
22.200064707182616,BARO,0.2728765780246123,,0.6072155472930959,True,ok
22.200504605852558,LIDAR,-0.043254296306545204,,1.8189876767214739,True,ok
22.206398601094843,CAMERA,0.20396791177913798,-0.07728786190881942,3.008103055608346,True,ok
22.208758480956273,LIDAR,0.011537115270040754,,0.12983886415292284,True,ok
22.222496555270606,FLOW,0.0318361078149092,-0.057067194984021304,1.6667972616776805,True,ok
22.224939262191082,LIDAR,0.026204636040250584,,0.6634863568445499,True,ok
22.22919380460262,LIDAR,0.054287346058922825,,2.8782528831615757,True,ok
22.24075045460601,LIDAR,-0.026427053404429746,,0.6802906864214421,True,ok
22.244322450870893,FLOW,-0.07306537757124065,0.011892457576169864,2.1433813443027674,True,ok
22.245732613485355,BARO,0.5479993283697531,,2.4490851747240017,True,ok
22.246638969316397,LIDAR,-0.01979473739193427,,0.3842148860388499,True,ok
22.260002950929145,LIDAR,0.03966659684207796,,1.5334402443960016,True,ok
22.268929750046997,FLOW,-0.08746554145022944,0.03308714282304017,3.380037006323662,True,ok
22.269341226450017,LIDAR,0.009160473467557217,,0.08187691404574281,True,ok
22.27683722897933,BARO,0.17854548734965237,,0.25997566027312596,True,ok
22.28172702326309,LIDAR,-0.03261696410556514,,1.034305437087611,True,ok
22.288578824502544,FLOW,-0.015347713786297179,-0.036345209134502746,0.605529654826383,True,ok
22.292759130205095,LIDAR,-0.006545814775253955,,0.041617711383222976,True,ok
22.295747410027175,LIDAR,-0.03841945645205369,,1.4502464244955309,True,ok
22.29961838879773,FLOW,-0.02504067797379128,-0.03872185408959952,0.8592190696620112,True,ok
22.307886524226564,LIDAR,0.001529135123941483,,0.002286791288521548,True,ok
22.310772763814736,BARO,-0.3617794942004573,,1.0674668537080256,True,ok
22.321771047590243,LIDAR,0.041182833794940255,,1.648186951056093,True,ok
22.32552243227844,FLOW,-0.013294544188048985,0.019797581062907355,0.22265440652687296,True,ok
22.331076829626106,LIDAR,-0.008079126667645209,,0.06354438870711104,True,ok
22.331117600444095,FLOW,0.014156564938596183,-0.018530158526071552,0.225105180004273,True,ok
22.34133754308103,CAMERA,0.1133132362872189,-0.053767896449518515,0.9885274868061865,True,ok
22.343801537627698,LIDAR,0.023800914154776365,,0.5493837208740124,True,ok
22.347574312040443,LIDAR,-0.017151144132520724,,0.2883317893194997,True,ok
22.35681607046827,BARO,0.04117542341807878,,0.01382658119906511,True,ok
22.35784468776997,LIDAR,-0.025222380700596236,,0.6227913512906503,True,ok
22.358394156595626,FLOW,0.04225947214789261,0.046670471493931394,1.5659235632849358,True,ok
22.37233686406938,LIDAR,-0.029458374894174355,,0.8431340557720565,True,ok
22.38029621589926,LIDAR,-0.023637068626021662,,0.5449463792427603,True,ok
22.384893614292288,FLOW,0.010382372093073133,-0.019287694507367947,0.18466742898228794,True,ok
22.392009143579884,LIDAR,-0.0036245617729782076,,0.012780180353774996,True,ok
22.39643270184387,BARO,0.41072349608620007,,1.3757584689380797,True,ok
22.397992010098825,FLOW,-0.05309906219677085,0.04037998753547873,1.7780351104612122,True,ok
22.398564083588415,LIDAR,0.011070102978591123,,0.11991761313937863,True,ok
22.41475643411947,LIDAR,0.05956144852876566,,3.4364836123851816,True,ok
22.42066673853956,BARO,0.5620740643614637,,2.5763801740251626,True,ok
22.42075138849014,LIDAR,0.013072424015091677,,0.16680553867329173,True,ok
22.427288819501776,LIDAR,-0.014017236562732904,,0.1927700480816997,True,ok
22.428345628473927,CAMERA,0.1593790975110636,-0.1574127400460673,3.1047492484104993,True,ok
22.42879299659963,FLOW,0.029843246155218273,0.01518388792346679,0.42955097237513945,True,ok
22.442245505406493,LIDAR,0.02129732217149538,,0.4411619014251782,True,ok
22.444571131504496,FLOW,0.0366164984250954,-0.051773826328350446,1.5835865907461693,True,ok
22.453528800734624,LIDAR,-0.018395152901919065,,0.3286511913050597,True,ok
22.456157844163396,FLOW,0.011342889557356628,-0.07449916348852426,2.304142462786407,True,ok
22.459517698551057,LIDAR,0.027594110196467625,,0.7447039577164659,True,ok
22.47060414360893,LIDAR,0.04216321355082009,,1.7348848736137261,True,ok
22.471442412984352,BARO,-0.43127820400967853,,1.5170027416194458,True,ok
22.48074225750382,LIDAR,0.07102552361230963,,4.921945543232692,True,ok
22.482145091390674,FLOW,-0.020727501992011454,0.07460105433264429,2.355434342063461,True,ok
22.492164931874886,LIDAR,0.02987127536894363,,0.8686419017231375,True,ok
22.499511061635758,LIDAR,-0.016201075741931525,,0.25664924273207423,True,ok
22.502951514489588,FLOW,0.07133982107270609,0.04021009352839208,2.6402649098671453,True,ok
22.505222245953142,LIDAR,0.016711364770022552,,0.27471357089109516,True,ok
22.505803534370273,BARO,-0.0825524669284956,,0.055584695469479466,True,ok
22.513987546267515,FLOW,-0.026320935474195117,-0.03614273386557703,0.8132601363024459,True,ok
22.515654517563725,CAMERA,-0.09968941733324499,-0.08556247074910067,1.0777505819915798,True,ok
22.516596239415694,LIDAR,-0.04497909481465667,,1.9829812356216667,True,ok
22.52936747263187,LIDAR,0.0230556841003855,,0.5183320896309092,True,ok
22.538036692620583,LIDAR,-0.00034236144481436526,,0.0001145299117680897,True,ok
22.54217439365502,BARO,-0.675457534760358,,3.720945890313055,True,ok
22.54451114130519,FLOW,-0.0034959618806935655,-0.019466647792939704,0.15090194181575656,True,ok
22.55026213848163,LIDAR,0.0312982683812324,,0.9536774655733086,True,ok
22.55318451905775,CAMERA,-0.006812375746243049,-0.12438195525081186,0.9483367945502496,True,ok
22.55785730821622,FLOW,-0.07596813281202786,0.07322650480067115,4.454920000687991,True,ok
22.559478790567177,LIDAR,-0.00939541139395983,,0.08607249162605292,True,ok
22.56746491895903,LIDAR,0.0004129339044496305,,0.00016678113602052553,True,ok
22.581496780496586,BARO,0.10776691813393002,,0.09470583671268958,True,ok
22.58346817743095,LIDAR,-0.025138249343279462,,0.612170463974295,True,ok
22.58687340666315,FLOW,0.03877456768044096,-0.013800578911286158,0.6533255513637125,True,ok
22.590983040985403,LIDAR,-0.05263927694616344,,2.6981621614807176,True,ok
22.59937715665499,LIDAR,0.012148999586587994,,0.14412256942205334,True,ok
22.608044617879518,FLOW,-0.03173381587728308,-0.007632113637526743,0.4135878029586951,True,ok
22.60824495082601,LIDAR,-0.04066815021153536,,1.617378944857897,True,ok
22.613371054287736,FLOW,0.06519567024530848,0.016163686565990137,1.860505397082972,True,ok
22.620735498147685,LIDAR,0.025690342213986472,,0.6426426698037435,True,ok
22.62346761817201,BARO,0.4282877862106331,,1.4959816555018324,True,ok
22.62862879611796,LIDAR,-0.015365615387156861,,0.23073530504816267,True,ok
22.638352666733716,LIDAR,0.023652184001541343,,0.5467291736834986,True,ok
22.641242464195738,FLOW,0.05412732473191295,0.04375428925380516,1.9063821081563304,True,ok
22.64527694974302,LIDAR,0.037740400528030627,,1.397967603136042,True,ok
22.657227584985858,LIDAR,0.023332795507259974,,0.5321229896690871,True,ok
22.667985046277348,FLOW,0.08440522874213441,0.07063647331187686,4.665398240597442,True,ok
22.671044111766623,BARO,-0.5691543937411518,,2.641588104358708,True,ok
22.671746257439302,FLOW,-0.0581594925901634,0.020430235686454915,1.5715101145890524,True,ok
22.674724734451342,LIDAR,0.0007576668880546755,,0.0005544970187444355,True,ok
22.678552401625893,LIDAR,0.007024063750616261,,0.04820402979476769,True,ok
22.69107267806497,FLOW,0.06450083490326541,-0.004374743010640107,1.7021851206994503,True,ok
22.694402774012982,LIDAR,-0.054114815507562586,,2.8345954553877175,True,ok
22.702986044289503,LIDAR,-0.07370484932329369,,5.277876963287688,True,ok
22.71226350899369,BARO,-0.37567174164243644,,1.1508791858656455,True,ok
22.712921393482134,LIDAR,-0.017635154252397367,,0.30245491746148584,True,ok
22.718373027620153,FLOW,-0.025976774039043304,-0.10326875891418708,4.410724882305914,True,ok
22.72154676015366,LIDAR,0.01899084060714218,,0.35168522230773985,True,ok
22.728317642670017,LIDAR,-0.04958015037566499,,2.408981265865386,True,ok
22.737552475035248,CAMERA,0.04432359317802437,0.11352516359070292,0.900822788024388,True,ok
22.743735838066375,LIDAR,0.057454288462130965,,3.2053680870577987,True,ok
22.746035897268143,BARO,0.10735452565794068,,0.09399184392753865,True,ok
22.74631822221106,LIDAR,0.01514262438176095,,0.2254041019848265,True,ok
22.74981286596184,FLOW,0.03486061314485234,-0.021596233079865773,0.6341177402175959,True,ok
22.757570199597563,FLOW,-0.08473345663490539,-0.015679496084503385,2.9924848369699175,True,ok
22.760770370939653,LIDAR,0.014717385241288294,,0.21117664281841333,True,ok
22.771354826950734,LIDAR,0.02168166808376526,,0.4579469701573146,True,ok
22.779797827580996,FLOW,0.055035773973855395,-0.07634632904620994,3.50430250521687,True,ok
22.78079553781479,LIDAR,-0.00463638059563376,,0.020963437593552063,True,ok
22.78794771352848,BARO,-0.4735473146808131,,1.8287826097206576,True,ok
22.789957600833727,CAMERA,0.012411445863556025,0.16930354237714185,1.749194291161236,True,ok
22.79223274482766,FLOW,-0.10285422266636934,0.009683898059829783,4.347937512835347,True,ok
22.793860194122416,LIDAR,-0.012861923273183695,,0.16059694756257276,True,ok
22.803502730272946,LIDAR,0.03267496650362833,,1.0380002291049761,True,ok
22.80599713496393,LIDAR,-0.03951948297377594,,1.5367738258570711,True,ok
22.82005724227712,LIDAR,-0.0559926413841394,,3.0609832354738997,True,ok
22.826347379554587,FLOW,0.05439067837215528,0.029227440887111742,1.4547251691057475,True,ok
22.827628016538693,LIDAR,0.02997685322967847,,0.8804163126685163,True,ok
22.836040633303828,LIDAR,-0.006238317045008657,,0.038187291410677185,True,ok
22.83813294196673,BARO,0.3256314867056589,,0.8648344465059903,True,ok
22.83915014380398,FLOW,-0.04550008409173323,0.04499720397997772,1.6281779725195373,True,ok
22.84687986863731,LIDAR,-0.00870991897159934,,0.0742678727533356,True,ok
22.855619374672774,LIDAR,-0.0005011171310220774,,0.0002461318469649775,True,ok
22.865120189829597,FLOW,0.03330916607756951,0.03834000866145438,0.9996834296423835,True,ok
22.86722768142712,LIDAR,0.02699226516622444,,0.7116965193350921,True,ok
22.875686073007003,FLOW,0.0037432684346450085,0.05135095163487764,1.070487995386664,True,ok
22.879729190050266,LIDAR,-0.028737356401054903,,0.8033685296642857,True,ok
22.88486549585145,BARO,0.46605589807794745,,1.771394040033784,True,ok
22.88905696193823,LIDAR,0.004572739737926934,,0.02037466947323474,True,ok
22.89781527303446,LIDAR,-0.07683888655590065,,5.765031952272298,True,ok
22.90317289133743,FLOW,-0.030831973751317632,-0.056557652053649606,1.6118856825446728,True,ok
22.903904269186587,CAMERA,-0.13544242038048893,0.05255262411504691,1.3352531497554365,True,ok
22.906748313208357,LIDAR,0.07712609057061748,,5.816363449177523,True,ok
22.92099397854502,FLOW,-0.01062303411369614,0.058960703396367845,1.4148545253918146,True,ok
22.92489897956879,LIDAR,0.020291744162777903,,0.3973955281185712,True,ok
22.927495182321564,LIDAR,-0.036481693377818036,,1.3019421018261081,True,ok
22.92981036169402,BARO,0.9252621729248967,,6.982321787807436,True,ok
22.937334786857924,FLOW,-0.0487098047335508,-0.04334487463634767,1.7020469564428446,True,ok
22.940785591192995,LIDAR,-0.03764124142367509,,1.378431542095935,True,ok
22.950942072332673,LIDAR,-0.048370119521731425,,2.2767923455897057,True,ok
22.952775501166176,BARO,-0.12380271758596395,,0.12500241177278898,True,ok
22.9558501354279,FLOW,0.013074586534667088,0.0006592611315882312,0.06862845751994111,True,ok
22.95685891378459,LIDAR,0.09312945528955785,,8.497372997663872,True,ok
22.965305580360056,LIDAR,-0.014209097105715607,,0.19810324141220448,True,ok
22.974876549934702,FLOW,-0.02644070833643175,0.009698741934941758,0.31736221135481507,True,ok
22.97776623266714,CAMERA,-0.04409376959699429,0.2489885292506996,3.8871250952185084,True,ok
22.982618958977664,LIDAR,0.0019285521940726191,,0.0036046952741039555,True,ok
22.993341427608865,FLOW,0.06239311079535059,0.017364987066691682,1.6797830265753324,True,ok
22.993595300967137,LIDAR,0.031123383033352603,,0.9385803571848159,True,ok
22.995220746101133,BARO,-0.7153014276735341,,4.172777677541353,True,ok
22.995622538206835,LIDAR,0.03992367340207581,,1.565504580086168,True,ok
23.006697270912994,LIDAR,-0.004627651069424754,,0.02097180767871855,True,ok
23.013245345788565,FLOW,0.03597791539719042,-0.0019207861066550575,0.518244329508384,True,ok
23.017642692766245,LIDAR,-0.04912194656419677,,2.3577893668055685,True,ok
23.02674583444807,LIDAR,0.000997199213424338,,0.0009726458675828208,True,ok
23.027104039402392,BARO,0.1902183297423492,,0.29511073344882605,True,ok
23.03631704223989,LIDAR,0.004004414228787834,,0.01568754157498172,True,ok
23.04665418552437,LIDAR,-0.029166681835431696,,0.8313272832890495,True,ok
23.047908322569544,FLOW,-0.08164605290764704,-0.009225280158321513,2.547562176095036,True,ok
23.057886944619245,LIDAR,-0.018026611812394844,,0.31684296339673584,True,ok
23.059968868531467,FLOW,-0.01967323765890705,0.009072335490613807,0.18595701882024634,True,ok
23.063717000888875,CAMERA,0.046701133341695567,0.09241685165395341,0.6601735242406397,True,ok
23.07134175577695,LIDAR,-0.02002223658590019,,0.388830864241592,True,ok
23.080168433905587,FLOW,0.0257083759838872,0.0195350186696645,0.41187948687278864,True,ok
23.080536936146707,LIDAR,-0.01007434920801753,,0.09867029544647642,True,ok
23.089337711273892,BARO,0.056293927243210806,,0.025842844703182478,True,ok
23.091615904129995,LIDAR,-0.0008269023355085281,,0.0006641602406012296,True,ok
23.102851102811183,LIDAR,-0.011232330724367579,,0.12241496815286236,True,ok
23.105290312451753,FLOW,-0.019947110447694705,-0.07204394455146446,2.1598193557261474,True,ok
23.10904796756924,LIDAR,0.014609966055116885,,0.20853131679551049,True,ok
23.118974988900714,BARO,0.13368607199586346,,0.145746309788264,True,ok
23.12200066847377,FLOW,0.004296824881803607,0.05247590791880772,1.093621805170774,True,ok
23.124054796849478,LIDAR,0.02462955242021181,,0.5879907100614585,True,ok
23.131418892849382,FLOW,0.0006078112103107269,-0.03279925662664426,0.44140266878389667,True,ok
23.132313252475683,LIDAR,-0.03182995719350323,,0.9858990431297021,True,ok
23.140369588172607,LIDAR,-0.036772318491678835,,1.3203572043180831,True,ok
23.14505411479676,LIDAR,0.005458492002678117,,0.029321944138081583,True,ok
23.15541227238992,BARO,0.4487282127531729,,1.6421436508369684,True,ok
23.16272907582624,LIDAR,0.010384718940738669,,0.10473355343893977,True,ok
23.168406301523717,FLOW,-0.10211818206977052,0.02888013829139062,4.289994220420338,True,ok
23.17106956536655,FLOW,-0.05532719387401541,-0.059232801590686016,2.7039326315110186,True,ok
23.17156544799913,LIDAR,0.034546792183307584,,1.1621344213104239,True,ok
23.179928643434252,LIDAR,0.032671738509051806,,1.0423488765929612,True,ok
23.18221396608078,BARO,-0.13323551988666038,,0.144778944554564,True,ok
23.185201220308176,LIDAR,-0.004894951200320907,,0.02356240951990861,True,ok
23.202767730951976,LIDAR,0.01764896958760742,,0.30233084243932035,True,ok
23.2033025607097,FLOW,0.02110289471042681,0.008553446917026,0.20134259161528956,True,ok
23.214335819948,LIDAR,0.020396954833103553,,0.40322118830011394,True,ok
23.220658311292603,LIDAR,0.005119687477372903,,0.02557972693226273,True,ok
23.225652977634883,FLOW,0.06286035080315444,0.0341004195328286,1.9864214377001774,True,ok
23.22607081249811,LIDAR,0.018618801744623603,,0.34063097391449193,True,ok
23.22939173239024,BARO,0.2348117429210106,,0.4496941726755006,True,ok
23.236155762726256,FLOW,-0.04326893270167931,0.026207318360667767,1.0373196834392053,True,ok
23.238090210289492,CAMERA,0.08261798728418412,0.06635497984832617,0.7002110461477862,True,ok
23.241127097210324,LIDAR,0.006668488233714687,,0.043304518604713564,True,ok
23.249968232114526,LIDAR,-0.030762719471985278,,0.9234848993733896,True,ok
23.25976716508336,LIDAR,-0.04690276360313028,,2.1471761528770523,True,ok
23.267430423735977,BARO,0.12384505755589847,,0.12508128299185764,True,ok
23.269062004816167,FLOW,-0.029711221210841687,0.028579506633373553,0.6494255249619743,True,ok
23.273945431828942,LIDAR,-0.07052145375550056,,4.823034955362181,True,ok
23.27513874333323,FLOW,0.01799059234311584,0.032340331118491,0.5574461043591667,True,ok
23.281375513811742,LIDAR,-0.0010959435447888133,,0.0011707386685412499,True,ok
23.290584693531432,LIDAR,0.0326243473239356,,1.0388356722089784,True,ok
23.30174656012066,FLOW,-0.054571852037903046,0.021615817129752427,1.3557651254847083,True,ok
23.304719127798155,LIDAR,0.015537956940171238,,0.23412046946940235,True,ok
23.313721218514708,LIDAR,0.00813942081994723,,0.06441770249956115,True,ok
23.319766587470532,CAMERA,0.02228903624804701,-0.005073345501506177,0.03315402435856339,True,ok
23.319994638759695,LIDAR,-0.006913817804228284,,0.04677233709696494,True,ok
23.323179904921925,FLOW,-0.013615216755274107,-0.021296110066772143,0.2500165556769812,True,ok
23.325064387735058,BARO,0.4135207528988891,,1.3946038949842974,True,ok
23.329490903873513,LIDAR,-0.01869841378144299,,0.3421977510010749,True,ok
23.33117216123691,FLOW,-0.03960071991492797,-0.052044452472191395,1.7556377526620328,True,ok
23.344826650694376,LIDAR,-0.01589850028604145,,0.24521456708624345,True,ok
23.3542301622599,LIDAR,0.0117604935358111,,0.1344455143373531,True,ok
23.356988101072407,LIDAR,-0.0205757176944541,,0.416360619948428,True,ok
23.359133661629123,FLOW,0.07307893790485687,-0.012882564811921963,2.165865781669875,True,ok
23.366255653771507,BARO,-0.4055894644361526,,1.3415957859829961,True,ok
23.372181205180514,LIDAR,0.013440497128328843,,0.17601096481661016,True,ok
23.375703773742078,FLOW,0.06830153641877135,0.07820243701833035,4.295868373842925,True,ok
23.378135778785374,LIDAR,0.014002338845566342,,0.19225126672434154,True,ok
23.38940365900568,LIDAR,0.05131705775827111,,2.5746410691444312,True,ok
23.3989010775471,LIDAR,0.012732258061022517,,0.1585388347235613,True,ok
23.40175002565645,BARO,0.6101918084298932,,3.0366824502487932,True,ok
23.40879506777606,FLOW,0.0034390944977473747,-0.04629523431755763,0.8149797823142328,True,ok
23.40999040287513,CAMERA,-0.09772282923918851,-0.04003551838600361,0.7072371625341096,True,ok
23.412047218288702,LIDAR,0.0028605499166318715,,0.007960778302155224,True,ok
23.41843663821203,FLOW,-0.06339232356857427,-0.1419517703996979,9.684520579259578,False,gate
23.421267822656095,LIDAR,0.021724021009480676,,0.45990672901902196,True,ok
23.42626940219603,LIDAR,-0.01195047260058768,,0.14025724135618164,True,ok
23.43686268391517,LIDAR,0.03527980406779907,,1.219689919222758,True,ok
23.43941776084755,FLOW,0.05225947955378696,-0.0023695288625232708,1.0230550185905132,True,ok
23.44529820638222,LIDAR,-0.012214902290390128,,0.14642424277273147,True,ok
23.447604640131914,BARO,-0.32499557320543593,,0.8614583279233253,True,ok
23.459901255117146,LIDAR,-0.028074987534986384,,0.7672856593529086,True,ok
23.466970414048472,FLOW,-0.0057681738412516115,-0.049179096413328176,0.9105885549191,True,ok
23.47092320777962,LIDAR,0.02748826826272044,,0.7346691791564193,True,ok
23.474771908277834,FLOW,0.0820727206134928,0.03351495037032828,3.1503895701150317,True,ok
23.477199368728375,LIDAR,-0.013437272030011993,,0.17666589503904212,True,ok
23.478402613956334,BARO,-0.015234286422373788,,0.0018928707122759956,True,ok
23.481880486197213,CAMERA,0.12430957592141922,0.12755599122383077,1.9814223165153373,True,ok
23.487437467902673,LIDAR,0.05434204165343104,,2.8868361574756776,True,ok
23.491851676613145,FLOW,-0.03092335459071216,-0.005740557080488935,0.39919586663428536,True,ok
23.49928608769669,LIDAR,-0.028284784251663364,,0.7795365934717581,True,ok
23.506934723286488,LIDAR,-0.03695615289657983,,1.3358003870472575,True,ok
23.518483522652094,LIDAR,-0.0489549434947274,,2.337225413046623,True,ok
23.519333926042542,BARO,-0.36455420634322033,,1.0839109231587607,True,ok
23.520387483275375,FLOW,0.027895052339035997,-0.04469166130117676,1.0713842143591907,True,ok
23.529017956646637,LIDAR,0.028646154076698682,,0.799718953812221,True,ok
23.535018626264407,FLOW,-0.009603096405227385,0.0008474235333788306,0.037099589355808725,True,ok
23.538080643895988,LIDAR,-0.06025381674234431,,3.543746536294452,True,ok
23.550845919895792,LIDAR,0.013344403481405198,,0.17305568224289558,True,ok
23.552701024458614,CAMERA,-0.18597463654930735,0.05491372866915245,2.392623591612225,True,ok
23.56005375163042,LIDAR,0.00768163298527913,,0.057455422409041015,True,ok
23.564019230517115,BARO,-0.1550950912588429,,0.19617528765770875,True,ok
23.56969228307111,FLOW,-0.06915140983259249,0.07221868070119444,3.759589502453115,True,ok
23.57402979318154,LIDAR,0.027555152131905736,,0.7351306677594786,True,ok
23.574197937670277,FLOW,0.05306082324885719,-0.03029256866531234,1.5209398627044761,True,ok
23.576734958453873,LIDAR,-0.025304961601179787,,0.6278400125161592,True,ok
23.586711649405363,LIDAR,0.0027254651971517774,,0.007276165027958679,True,ok
23.588016401573743,BARO,0.08965336722575623,,0.06555602140393622,True,ok
23.59807688607003,FLOW,-0.049359258369967796,-0.07520408617643223,3.2027916854414538,True,ok
23.602516120408904,LIDAR,0.05222897928149939,,2.6465243901072104,True,ok
23.60589273986732,LIDAR,0.011156752171118889,,0.12211530725115506,True,ok
23.62080449641069,FLOW,0.004593987911522879,-0.041686038564286425,0.6877186298956134,True,ok
23.621943336424764,LIDAR,-0.04558920039486747,,2.01802407513449,True,ok
23.629512177760546,BARO,-0.08088286452054039,,0.05334988015424608,True,ok
23.631704472906968,FLOW,0.03343896808919933,-0.06654378152296395,2.2506529506683997,True,ok
23.63477828948392,LIDAR,-0.010276175508460828,,0.10218982918221323,True,ok
23.636683958778196,LIDAR,0.05836496288687654,,3.3427178862015587,True,ok
23.651480296006536,LIDAR,-0.011358929803700235,,0.12554550385003066,True,ok
23.658295879874046,LIDAR,-0.0038588692173640027,,0.014566649548566775,True,ok
23.6660326756747,FLOW,-0.09033772354747871,-0.07425438525186565,5.219940679322198,True,ok
23.667585099796675,LIDAR,0.02098995332830489,,0.4312082371625941,True,ok
23.673747971659715,BARO,-0.2791362418214871,,0.6354531487855346,True,ok
23.682076281850545,CAMERA,0.10674917538732132,0.06443608903518461,0.9819879054524078,True,ok
23.683697200453878,LIDAR,-0.019795311479142264,,0.37973635072070927,True,ok
23.688277387977767,LIDAR,-0.040685505744745054,,1.6195534862003598,True,ok
23.688677298418806,FLOW,0.07305309696196938,0.13925071514462153,9.466652011162504,False,gate
23.69909337001324,LIDAR,-0.04011590007487831,,1.5716323757522763,True,ok
23.706444483016657,FLOW,-0.0048964805772004905,0.01962051967465317,0.14657996997894363,True,ok
23.70924409130398,LIDAR,0.02913710067996078,,0.8287120484315926,True,ok
23.71117726300132,BARO,-0.14594907895254572,,0.17372764477446745,True,ok
23.716472501201718,LIDAR,0.029813494055927148,,0.8712476131553966,True,ok
23.726707499572115,FLOW,-0.045630194951649994,-0.017263586364551067,0.8973549926363594,True,ok
23.727944504823412,LIDAR,-0.010995648976189543,,0.11813409012075621,True,ok
23.7368890855902,LIDAR,0.004148669590590792,,0.016838259772935717,True,ok
23.7448170512107,BARO,-0.8362759724235249,,5.7034742966980865,True,ok
23.748684911800783,FLOW,0.011994307748422584,0.08621492735726918,2.8848698504878465,True,ok
23.750613750116276,FLOW,0.06221329929673014,0.09184436165292803,5.093236855957574,True,ok
23.753473564157698,LIDAR,-0.015015158742435641,,0.21824571878601104,True,ok
23.762596396021124,LIDAR,0.0009378987498616098,,0.000853962804069834,True,ok
23.767183647705544,LIDAR,0.031126223220338645,,0.9492234063551419,True,ok
23.77639466896401,LIDAR,-0.03824831996465017,,1.4337951873156705,True,ok
23.78803864938382,BARO,-0.15335810957263796,,0.19179560752508665,True,ok
23.78892670370672,FLOW,0.016067370772975487,0.03049436435084989,0.45060814499164836,True,ok
23.79454424081536,LIDAR,0.018240568323831585,,0.3217841459305728,True,ok
23.795519611780858,FLOW,0.12880705003582782,-0.0275460974432179,7.059801010789725,True,ok
23.797396043557644,LIDAR,-0.020976976923503532,,0.4309836726449683,True,ok
23.81338738916811,LIDAR,0.060566308630466636,,3.55722137705463,True,ok
23.816493203960075,LIDAR,0.00390292862156727,,0.014944937259384271,True,ok
23.823050019029164,CAMERA,0.08059041987986859,-0.009813848975133821,0.41865791983780626,True,ok
23.828589028916518,FLOW,0.07197268995314632,-0.08023778208624255,4.4510445740904565,True,ok
23.83295948542504,BARO,-0.023693224380229694,,0.00457772556067652,True,ok
23.834198563327057,LIDAR,0.004741648226180839,,0.021778530873847145,True,ok
23.835878449197203,LIDAR,0.005800709415348049,,0.03305484857877467,True,ok
23.843435798184995,FLOW,-0.0012341579104990785,-0.006804393999546555,0.01888512684335683,True,ok
23.848169979269606,LIDAR,0.015457359561371842,,0.2335880092666713,True,ok
23.85971261552625,LIDAR,0.0026774562312108507,,0.006988870219524759,True,ok
23.867730999080283,FLOW,-0.02249166558811,-0.005985856055007282,0.21166415316060827,True,ok
23.86809440416412,LIDAR,-0.006456627128722303,,0.04074587326434933,True,ok
23.87609290575595,LIDAR,-0.01921155139543851,,0.36169303214965387,True,ok
23.880826404935714,FLOW,0.07049525024481063,0.03336588167590834,2.4483795799163857,True,ok
23.88435889419244,BARO,-0.5409582002372504,,2.386551273707191,True,ok
23.888442321309576,LIDAR,-0.029927055197585872,,0.8738717603720809,True,ok
23.898346765642113,LIDAR,-0.0424953951078586,,1.7621145631985393,True,ok
23.906223031087713,LIDAR,-0.0457208513106,,2.046179669559817,True,ok
23.90673050750071,FLOW,-0.07875893568587089,-0.005524589189296733,2.436730568073536,True,ok
23.910565656388563,FLOW,-0.020234843440168238,0.006553647176514063,0.18839496212096907,True,ok
23.91186141907557,BARO,0.2882423367761282,,0.6775943625468296,True,ok
23.914697317889896,CAMERA,-0.1086248354385404,0.11499930681891413,1.5417039314466112,True,ok
23.922750247747405,LIDAR,-0.030919377418289873,,0.9259310276157052,True,ok
23.933591381122028,LIDAR,0.03265036466588489,,1.0326082757506772,True,ok
23.940505410700055,LIDAR,-0.02380640588862315,,0.5523385910767554,True,ok
23.944947612773724,FLOW,-0.05259162637794779,0.011262665594571689,1.1199056823798752,True,ok
23.945440808716654,LIDAR,0.035530326924077205,,1.2400000614264524,True,ok
23.951943517174062,BARO,-0.024819927175774303,,0.005024127579179151,True,ok
23.959213817974756,LIDAR,-0.009425442544179763,,0.08665807781877459,True,ok
23.96906612645993,FLOW,-0.038099154506987976,0.04352360736135302,1.284684096657009,True,ok
23.97424677498821,LIDAR,-0.00947437936005091,,0.08688372178035825,True,ok
23.98219968331622,LIDAR,0.02439702675653166,,0.5788233735785371,True,ok
23.986473544591735,FLOW,0.01865316051601651,-0.03729453229925311,0.6814082835639295,True,ok
23.989581748608988,LIDAR,-0.011432919032212663,,0.12769670390665286,True,ok
23.996752555740393,LIDAR,-0.01941113140275652,,0.36957040844533373,True,ok
24.002372213706806,FLOW,-0.055472906716958814,-0.033077750781409856,1.6679377923586394,True,ok
24.004619304045686,BARO,0.10225202987949356,,0.08526915765317336,True,ok
24.01185025288674,CAMERA,0.062358110016809576,-0.2662603908947869,4.5139968645679405,True,ok
24.01375604637332,LIDAR,-0.017913145470049407,,0.31108442849841206,True,ok
24.014706075378264,FLOW,0.01243373688607008,-0.040469315719818086,0.7306258498307991,True,ok
24.024993413293938,LIDAR,0.06429071031111944,,4.004296765840953,True,ok
24.028936836470326,BARO,0.04681186819057981,,0.01787088031071005,True,ok
24.03137082800498,FLOW,0.02875939014715212,0.0310510131829475,0.7307488684549481,True,ok
24.034560157676584,LIDAR,0.047319687161587964,,2.1739209618495967,True,ok
24.03937762959789,LIDAR,-0.05659398855658271,,3.1371331978089936,True,ok
24.051415201043994,LIDAR,0.00821710676506271,,0.06587796114559204,True,ok
24.051508090739887,FLOW,0.0379745214901932,-0.020732892587600835,0.7540715153757882,True,ok
24.058873321939192,LIDAR,0.030433293839742248,,0.9070978486961254,True,ok
24.072447222774077,LIDAR,-0.011677631397375432,,0.1327272217433087,True,ok
24.077381122898377,BARO,0.5898461571051912,,2.8373918432311815,True,ok
24.07857326708933,LIDAR,0.004635431511995414,,0.021048569922504864,True,ok
24.089258413864638,FLOW,0.03990778275538309,0.05267223288306905,1.6344779613952936,True,ok
24.094496973226317,LIDAR,0.011817220083798485,,0.1354508088102316,True,ok
24.103094454954167,LIDAR,-0.05283147708948732,,2.716142607769115,True,ok
24.10826343847702,BARO,-0.6447621425940873,,3.390307104769543,True,ok
24.10869292763749,FLOW,-0.03710969205736658,0.05817273614634092,1.8271880239274236,True,ok
24.11483962474036,LIDAR,-0.017225024780861187,,0.28811930483583775,True,ok
24.120334062603874,LIDAR,0.012906820095555549,,0.1630264175240808,True,ok
24.121748531800055,CAMERA,0.15029513510562253,-0.05742861300504554,1.6320316207928942,True,ok
24.122335252849478,FLOW,0.016525903997776314,0.028112912200644012,0.4227769223147586,True,ok
24.131120211719036,LIDAR,0.04051348417857703,,1.603335063476082,True,ok
24.14097283345919,LIDAR,-0.024858327639436517,,0.6035885093031175,True,ok
24.145012396528713,FLOW,0.018995062599039825,0.01104554521234874,0.19000049208806855,True,ok
24.14987599314852,LIDAR,0.014547536162722086,,0.2070044617968471,True,ok
24.15749507347686,LIDAR,-0.024123477204305743,,0.5709652478482063,True,ok
24.158651317604544,BARO,0.07656145884435173,,0.047808506231735735,True,ok
24.160835618954316,FLOW,-6.834200881389307e-05,-0.03971137103203593,0.6286149547775123,True,ok
24.17024840548834,LIDAR,0.04909943953193485,,2.3529943671714317,True,ok
24.176483209604264,LIDAR,-0.0027021954089296862,,0.007166734477425482,True,ok
24.1888097660324,FLOW,-0.016029868261413283,-0.017175039092727044,0.21335775413109181,True,ok
24.19332504127857,LIDAR,-0.006039335742432428,,0.035384122692156024,True,ok
24.195527710187474,BARO,0.6630930717060828,,3.585884925683324,True,ok
24.19784845462472,CAMERA,-0.1562611498315647,0.047674652621265357,1.690995868126791,True,ok
24.19874517040095,LIDAR,-0.04072234234169825,,1.621983549799811,True,ok
24.204706257019776,FLOW,-0.016767929199066556,0.04987755208195884,1.093347118625721,True,ok
24.205920859722795,LIDAR,0.025749947492853753,,0.6509615801639054,True,ok
24.220901589850307,FLOW,-0.010004144962504569,-0.014367925436886711,0.12280802506981098,True,ok
24.224247310355498,LIDAR,-0.014149469799571435,,0.1938246395992968,True,ok
24.226266594854415,BARO,-0.06316708548885064,,0.032540499691679416,True,ok
24.227548958669328,LIDAR,0.018937040047960707,,0.3513136728011192,True,ok
24.241314724748253,LIDAR,-0.062027054886671706,,3.744331697799013,True,ok
24.243979669209505,FLOW,-0.0006826325956881263,-0.03707282704904297,0.5392383608827681,True,ok
24.250250058175492,LIDAR,-0.037555209085432306,,1.375451074882952,True,ok
24.2615572071391,LIDAR,0.03623652898809171,,1.278028727913392,True,ok
24.266627396399432,FLOW,0.06422369042772913,-0.024020357031907073,1.8386003356548375,True,ok
24.270223421369224,LIDAR,0.012473638108188911,,0.15180944662810908,True,ok
24.27023902928284,CAMERA,0.22040366824025526,0.19107827719489978,5.346744606200246,True,ok
24.275960525269166,FLOW,-0.000939871889033439,-0.018910629793934104,0.1458439496474707,True,ok
24.278506842361967,BARO,-0.10215899760994107,,0.08511062206194768,True,ok
24.28178171252086,LIDAR,-0.003112512686624047,,0.009430269590702173,True,ok
24.290430513604893,LIDAR,0.025811952284243045,,0.6501442481759283,True,ok
24.294424551208106,FLOW,-0.02141316811098193,0.0010763192058725335,0.18649597697198927,True,ok
24.299521193133543,LIDAR,-0.0019497283705134372,,0.0037143198772397416,True,ok
24.303046602952865,BARO,-0.10475133701723349,,0.08949104803611546,True,ok
24.313818728545442,LIDAR,-0.0034814651230954397,,0.011762385445051836,True,ok
24.315186159017003,LIDAR,0.05944657527073316,,3.478191833070338,True,ok
24.321802530890455,FLOW,-0.017065130893682445,0.04263207374065748,0.8203676968077415,True,ok
24.326274362732228,LIDAR,0.022159979637416782,,0.48171374951773094,True,ok
24.33251950486708,FLOW,0.017928004264477382,0.07692189436465885,2.5249618218637404,True,ok
24.34362694291526,LIDAR,0.018268519541846828,,0.32336827983008204,True,ok
24.346616714313505,LIDAR,-0.032813512295897684,,1.0558791102686818,True,ok
24.358794161412003,BARO,0.19243195120534962,,0.3019800602038722,True,ok
24.36056739207643,LIDAR,0.04870782634475379,,2.310469723383785,True,ok
24.369097226109577,FLOW,0.023554239324601767,-0.030730698011925288,0.5659789327444961,True,ok
24.372004476510003,LIDAR,0.0008403973574249157,,0.0006865044915643384,True,ok
24.374225246467784,CAMERA,0.16780662321213313,0.032588734795954366,1.8660773167432605,True,ok
24.383578751434104,FLOW,0.02155601997662404,0.03732773855491944,0.7298445173028669,True,ok
24.384584492301254,LIDAR,-0.031433111369737254,,0.957230262824029,True,ok
24.394782256996912,LIDAR,0.016323485707778307,,0.2584160186848936,True,ok
24.397577535234742,LIDAR,-0.03043883498265565,,0.9095113855587221,True,ok
24.40155592263964,BARO,-0.47482500689369433,,1.8388169624940207,True,ok
24.40712447261997,FLOW,-0.03010453945395053,-0.0023225411256189293,0.3554628424778692,True,ok
24.40896124987574,LIDAR,0.009235799583056092,,0.08346621920147702,True,ok
24.422772213471355,LIDAR,-0.054137296641440624,,2.849446681234512,True,ok
24.425981268932034,FLOW,0.06255814949497274,-0.015290165215315885,1.6320689481791273,True,ok
24.42946118526658,BARO,-0.24156735293864173,,0.475888811167546,True,ok
24.433396131276268,LIDAR,-0.02540464651953034,,0.627345537478592,True,ok
24.44073840390005,LIDAR,0.007226158336285149,,0.050998042078976055,True,ok
24.449353806181293,FLOW,0.020483995294413804,0.04371611264389738,0.9036204178578715,True,ok
24.45164530000158,LIDAR,0.09922106820466814,,9.599254569670899,False,gate
24.458532868180615,LIDAR,0.027825189388753113,,0.7469522269214585,True,ok
24.46046775857021,FLOW,-0.023085555073720565,0.034317666644945954,0.6904400717763849,True,ok
24.465157654811694,CAMERA,-0.027975595569024847,-0.004613094580581567,0.05137240150665262,True,ok
24.467742522803384,LIDAR,0.006856388685293258,,0.045509768767772504,True,ok
24.474329169055462,FLOW,-0.007327635133066002,-0.055933736167610944,1.298682096889527,True,ok
24.479562671286565,LIDAR,-0.0282502350160585,,0.7716012201457397,True,ok
24.485725757413363,BARO,0.37794516489254804,,1.1648596751964515,True,ok
24.494288610087423,LIDAR,0.04024051497116021,,1.557102233160714,True,ok
24.49872935119463,LIDAR,0.003739684254044917,,0.013603897669911418,True,ok
24.507297016051353,FLOW,-0.05060689370256277,-0.020628288015372004,1.1516580841730821,True,ok
24.511318605670553,LIDAR,-0.04367482783138055,,1.8491576207499854,True,ok
24.516044095104235,BARO,0.21376944607178272,,0.3726686468183326,True,ok
24.52328004490179,LIDAR,0.013706413991734667,,0.18181956679449748,True,ok
24.524661175266985,FLOW,-0.05034751087398215,-0.04200476171303209,1.6882997115087361,True,ok
24.533830004525534,LIDAR,0.0015910838764847668,,0.0024518865253129333,True,ok
24.542464297262093,LIDAR,-0.0020835634529414726,,0.0042195206364420935,True,ok
24.54281591991784,FLOW,0.039656354180553244,-0.05792825990329768,1.947498268136438,True,ok
24.543546194355564,BARO,-0.051682932522614244,,0.021784772235538638,True,ok
24.553333725703954,LIDAR,0.007562865212122016,,0.055565412174972253,True,ok
24.55921535101106,FLOW,0.029602059274236536,0.018843459751757913,0.49374150640583214,True,ok
24.559964152932682,LIDAR,-0.012638442272886241,,0.15610147503416427,True,ok
24.57107833808074,LIDAR,0.021854705803543872,,0.4658245308533607,True,ok
24.58009310837086,FLOW,-0.022757184956998078,0.0303098122622341,0.5690203806906999,True,ok
24.581085598777094,LIDAR,0.03884768480431999,,1.4718926401963561,True,ok
24.589091649247884,BARO,-0.02139534115584274,,0.003733098314593856,True,ok
24.58957967418754,CAMERA,-0.09267132535639888,-0.22714357374055427,3.6760974897672507,True,ok
24.590942204695946,FLOW,-0.043045677936429216,-0.031856282738990306,1.174785384453263,True,ok
24.5919811954072,LIDAR,-0.040190881389412514,,1.5735253238212146,True,ok
24.600270173988285,LIDAR,-0.03437750279955143,,1.154556960981069,True,ok
24.605532533229184,LIDAR,0.014413177192250881,,0.20434597417502037,True,ok
24.61911827266132,FLOW,-0.06024330139055323,-0.00441403492866857,1.4303523338603827,True,ok
24.619458599435223,LIDAR,-0.007409096185412967,,0.05359323481041956,True,ok
24.626868514091942,LIDAR,0.06027783176927004,,3.560617581401476,True,ok
24.635628186841448,LIDAR,0.03133967661959769,,0.9634429971220377,True,ok
24.646588192080877,BARO,0.0997982345484889,,0.08122266118020581,True,ok
24.649431277374795,FLOW,0.020892767291179837,-0.006412784537237343,0.1812578253667102,True,ok
24.65230512921355,LIDAR,-0.005003678839919257,,0.02428670993013926,True,ok
24.65422311431533,FLOW,-0.044118334694150274,0.005186264651317565,0.8057907070187373,True,ok
24.655754042440503,LIDAR,0.044813350603908564,,1.9697588803094936,True,ok
24.661980913216123,BARO,0.03866298686912817,,0.012191236694777889,True,ok
24.669158105081717,LIDAR,0.00779964084046858,,0.059303999187303134,True,ok
24.67133862380091,FLOW,-0.0033728710470806167,0.005958095813260927,0.01901342959038615,True,ok
24.680133805794476,LIDAR,-0.0100608631018404,,0.09853743077876631,True,ok
24.691699408325295,LIDAR,-0.01882066397237292,,0.3441287375972666,True,ok
24.6994969843418,FLOW,0.045130248565898645,0.046137615526350054,1.6219367535638494,True,ok
24.70047545207868,LIDAR,0.01299301243580464,,0.16444666759466775,True,ok
24.705633790135817,LIDAR,0.035462971145523436,,1.234409461644657,True,ok
24.713151723048366,CAMERA,-0.02448252112813165,0.06613105380471107,0.2997217473185056,True,ok
24.715228461395753,BARO,0.21808029786193295,,0.38785882913998654,True,ok
24.72442692411208,LIDAR,-0.017476519715346583,,0.29546364582098344,True,ok
24.72685192690797,FLOW,-0.040122566061485676,-0.03631705921056737,1.118123445497031,True,ok
24.727533654555966,LIDAR,0.02247118655554159,,0.4944726823863253,True,ok
24.73144498260319,FLOW,0.03843793412312069,0.009537669794789441,0.6437853185140809,True,ok
24.73872953419041,LIDAR,0.013432887060205179,,0.17624297071534747,True,ok
24.753505912531896,LIDAR,-0.00010629351808644216,,1.0951877403398902e-05,True,ok
24.75563711802579,FLOW,-0.09763435206775495,0.022052907025870983,3.9887411257441525,True,ok
24.763944425751994,LIDAR,0.002014904519888283,,0.003937560971093042,True,ok
24.765344855697965,BARO,-0.23720438208270078,,0.4588771277812014,True,ok
24.76982653589189,LIDAR,-0.003179397321170896,,0.009878254108506488,True,ok
24.775911406135084,CAMERA,0.2980090913510445,-0.2167803235709812,8.467734251056925,True,ok
24.78046966738034,LIDAR,-0.016291188867039175,,0.25900925809371506,True,ok
24.785871650170492,BARO,-0.05904625246837547,,0.02843358259585367,True,ok
24.78919700396861,FLOW,-0.028769430787196626,-0.007458945101729661,0.33401179349104915,True,ok
24.793403060020648,LIDAR,-0.011689709502786805,,0.13276125819188475,True,ok
24.801164683842764,LIDAR,0.019883157903974435,,0.3857095167783441,True,ok
24.805825227078987,FLOW,0.05221601118381791,-0.007054846332126982,1.0838718313023792,True,ok
24.811064134622693,LIDAR,0.026434696032483718,,0.68184251420837,True,ok
24.81177036220791,FLOW,0.08999003820081541,0.06054204776790757,4.853474680946372,True,ok
24.81629607108092,LIDAR,-0.044188583293799155,,1.918938094856144,True,ok
24.831319119215053,BARO,0.2561362961441085,,0.5350037374624229,True,ok
24.833851508129474,LIDAR,-0.025515473146915824,,0.6316591853727603,True,ok
24.8423830138486,LIDAR,0.018825023455422585,,0.34496956801868617,True,ok
24.846712818380844,FLOW,0.0847436408811082,-0.04376026303108847,3.490059692378539,True,ok
24.849058028233166,LIDAR,-0.06583016429075705,,4.24159256030826,True,ok
24.860924288836365,FLOW,0.022150860467832878,0.07905107023869562,2.660056579409712,True,ok
24.863910340420766,LIDAR,0.01934571605574753,,0.36336199142263775,True,ok
24.870343745419458,LIDAR,-0.05239254129048865,,2.6820895102025037,True,ok
24.872732962083763,BARO,0.04151460310408295,,0.014056212908180998,True,ok
24.877588312819636,LIDAR,-0.06701866813548607,,4.405937790811344,True,ok
24.878510014713896,FLOW,0.010098173405878264,-0.04074812261414794,0.6988186701357343,True,ok
24.893223078579908,LIDAR,0.03995306267176657,,1.550757674737801,True,ok
24.897723958958856,CAMERA,-0.07067414763820423,0.1391826246400566,1.478090574046986,True,ok
24.89832898405359,FLOW,-0.012099670598676004,-0.040459410925363565,0.7051955577468063,True,ok
24.903756623828023,LIDAR,0.021553621951212243,,0.4513039071231124,True,ok
24.90982920241523,LIDAR,-0.051638507494290664,,2.6081003950810744,True,ok
24.91276800837553,BARO,0.3207385399579872,,0.8390132190707927,True,ok
24.9225658010956,LIDAR,-0.0435940518054303,,1.8502604595640477,True,ok
24.92319926265606,FLOW,-0.01382257975923884,0.09996326762550459,3.934804684982668,True,ok
24.932518828900072,LIDAR,-0.002424510598244556,,0.005725503161822752,True,ok
24.93672887998985,LIDAR,0.089032512721547,,7.791024588108616,True,ok
24.944885892560524,FLOW,0.007118851576633167,-0.02744729048323792,0.3112957400356497,True,ok
24.95020427821395,LIDAR,-0.01612206039195474,,0.2537601845122274,True,ok
24.951267995113547,BARO,-0.10357988614775815,,0.08750284368556766,True,ok
24.951998126394507,CAMERA,-0.09216288890459268,0.08968759609374388,1.025811652076709,True,ok
24.960956155784366,LIDAR,0.09288050247892832,,8.411944728812891,True,ok
24.96242868931731,FLOW,-0.06552512213073047,-0.008191504379228304,1.7269342849815101,True,ok
24.966895741478577,LIDAR,0.017569986353453082,,0.3028933856673177,True,ok
24.972557867552723,FLOW,0.03290771739267284,-0.026386838763137452,0.7275833181291489,True,ok
24.97986155934979,LIDAR,0.021517362341167967,,0.45172773338257044,True,ok
24.99018095346578,LIDAR,0.004650713763048486,,0.02109105621775903,True,ok
24.991013471772078,FLOW,-0.039772934066598875,0.010789580550441269,0.6892723800516432,True,ok
24.9926702085742,BARO,-0.2152758621195754,,0.37796446551847124,True,ok
24.997241392252224,LIDAR,0.008134383359325259,,0.06482089066487348,True,ok
25.008460800390075,LIDAR,-0.02216919603246925,,0.4801711075406747,True,ok
25.023818191335028,LIDAR,-0.02820433522414323,,0.7705709227453067,True,ok
25.02408001844487,FLOW,-0.016106935996965444,0.052836262261672345,1.1592698800235197,True,ok
25.02869021577077,LIDAR,-0.01568608238918845,,0.2405545933289489,True,ok
25.040048812225287,LIDAR,-0.04779958311666821,,2.2281147527173135,True,ok
25.047630094614828,FLOW,-0.0639088266290373,-0.05176744039825919,2.5832323637209678,True,ok
25.049862423233733,BARO,0.5101892049441523,,2.12267305843826,True,ok
25.053154759864587,LIDAR,0.017475053659102624,,0.2964335263321786,True,ok
25.060578591330774,BARO,0.0887691150651464,,0.06426052280898979,True,ok
25.061670979227465,LIDAR,0.021186325474962686,,0.43717593329882326,True,ok
25.065135719376446,CAMERA,0.013327424080976868,-0.0150614576113266,0.02491336612319197,True,ok
25.069325938389756,FLOW,0.023661119956665644,0.018065532512739013,0.341337974503002,True,ok
25.07201497659017,LIDAR,-0.056562813912294896,,3.1153158041815874,True,ok
25.080431353367818,LIDAR,-0.015402714922289285,,0.2316481132050754,True,ok
25.08352502073212,FLOW,-0.04443468390758176,0.009496780425931883,0.8204180171272138,True,ok
25.0896415353678,LIDAR,-0.046618051907348246,,2.1241061720318277,True,ok
25.097454750586405,FLOW,0.12438705580969822,0.0058918414739594915,6.274150376966852,True,ok
25.103612630046825,LIDAR,-0.040257601829396084,,1.5738126808396469,True,ok
25.10823274496778,LIDAR,0.038734925013594435,,1.4702891505813152,True,ok
25.118878917510056,FLOW,0.00891477449268896,-0.01691598991338214,0.14486374742640146,True,ok
25.119114580800403,BARO,-0.40469660820060316,,1.3356358930690377,True,ok
25.1203830391558,LIDAR,-0.047299339401034146,,2.1835101391780722,True,ok
25.130831620637498,LIDAR,0.043129017378309875,,1.8139864333204283,True,ok
25.135860114764615,FLOW,-0.04545848427877064,-0.02776465502640499,1.1362608441403883,True,ok
25.13781474798293,LIDAR,0.048013730378220654,,2.2585630277715842,True,ok
25.150855553260403,LIDAR,-0.005204066052953316,,0.026388046396622275,True,ok
25.152875245969973,FLOW,-0.01812100459021848,-0.006451369723645323,0.14892754446412504,True,ok
25.159536038425813,LIDAR,0.006408755002729194,,0.04010794259560887,True,ok
25.16446892048586,BARO,-0.7293563295246486,,4.338411579949033,True,ok
25.173827704065165,FLOW,0.04103453965661896,0.03709019541742506,1.2141387407910669,True,ok
25.174576540254286,LIDAR,-0.0355287998870768,,1.223019400877675,True,ok
25.176486403533506,LIDAR,0.0015387915921243334,,0.0023257440070866926,True,ok
25.192054818529584,LIDAR,-0.00040569739419860085,,0.00016008607380065345,True,ok
25.196204929138414,FLOW,0.0031076969085634953,0.022561607637502118,0.20239234772687484,True,ok
25.197943131665976,LIDAR,0.015716415791406035,,0.24188937424841883,True,ok
25.200222084543576,BARO,0.446104767369921,,1.6231072911650861,True,ok
25.202176723428497,CAMERA,-0.12860901312545536,0.004936477818232365,1.053841231806703,True,ok
25.206959409036973,LIDAR,-0.0408497212422283,,1.6354825149191685,True,ok
25.224330749081407,LIDAR,0.05678366528096346,,3.1218366176259766,True,ok
25.225812875732423,LIDAR,0.04528763074618647,,2.014656635540425,True,ok
25.228001932032264,FLOW,0.0636960337662622,-0.10369516608129045,5.56170026469249,True,ok
25.233507721921274,BARO,0.33058188491505636,,0.8912744659391684,True,ok
25.24179666441885,FLOW,-0.04969935560027894,-0.0027199007308105205,0.9762838970370827,True,ok
25.24218229098301,LIDAR,-0.04725677196304767,,2.1698127488918,True,ok
25.247356015428203,LIDAR,0.0481037185270341,,2.266608862635691,True,ok
25.25672185250258,LIDAR,-0.04938672762496488,,2.3894784967754377,True,ok
25.26506216100773,FLOW,0.048700809720428895,-0.04050928237758451,1.5571268551302322,True,ok
25.265855245501434,LIDAR,0.020056022365759762,,0.3942532851672961,True,ok
25.269418142198248,BARO,0.12492427478176937,,0.12728077446921526,True,ok
25.284598855988943,LIDAR,0.02136864334724864,,0.44121465487904366,True,ok
25.285985073422108,LIDAR,0.004998428565088808,,0.024507566139350845,True,ok
25.288157949613865,FLOW,-0.05965949753018118,-0.054499171236414776,2.5237044830585136,True,ok
25.29947677774726,LIDAR,-0.01817768962804145,,0.32205936894174625,True,ok
25.303516078964538,FLOW,-0.064786979973813,0.026155444940920494,1.9349779879411095,True,ok
25.31198701718453,LIDAR,-0.052792404814149485,,2.706382428323402,True,ok
25.317681300313463,LIDAR,0.025378961675329936,,0.6301287774372917,True,ok
25.318064379864015,BARO,-0.7035401960178587,,4.036998296689578,True,ok
25.324071574085256,FLOW,0.059770774145822214,0.00991965759260191,1.4487290049604553,True,ok
25.33148532084485,LIDAR,0.004216533553150992,,0.01728464733677529,True,ok
25.342795429948623,LIDAR,0.020883187425630556,,0.4233983443975799,True,ok
25.34538661684175,LIDAR,-0.03109734766368666,,0.9503704867090473,True,ok
25.347962495534656,BARO,0.4747314059802812,,1.838137219045683,True,ok
25.349492749481904,CAMERA,0.030920282532754584,0.034931796501917356,0.13441823958574423,True,ok
25.34972515613625,FLOW,0.014595415078864082,-0.0645958219942831,1.6834920567143443,True,ok
25.351107380666885,FLOW,-0.0023746982082719637,-0.009119820200780615,0.0368746194040334,True,ok
25.358323655098264,LIDAR,0.049273516392407846,,2.3722866485400553,True,ok
25.366020812435995,LIDAR,0.009369205815491721,,0.08604268553157847,True,ok
25.37837326203383,LIDAR,-0.04018556635533521,,1.575749076474291,True,ok
25.38714216269246,FLOW,0.0007407950467634983,0.06844621789897694,1.7890829266347983,True,ok
25.388259699295507,LIDAR,-0.01076507370395774,,0.11308900702859798,True,ok
25.390932473094733,FLOW,0.01023736674542075,-0.0007629729819204345,0.043429178884734285,True,ok
25.39385172105206,CAMERA,0.15192646803354393,-0.05541647387949333,1.649414638162406,True,ok
25.401980427426555,LIDAR,0.043633359898718194,,1.8471502430827753,True,ok
25.409705259469654,BARO,-0.04005252252029301,,0.013082087602298788,True,ok
25.414928102040662,LIDAR,0.0039487240821269864,,0.015076945351626358,True,ok
25.415904084852592,FLOW,0.026682968636296378,0.06720881881541745,2.068019687259336,True,ok
25.41996502343343,LIDAR,0.03610896350866666,,1.272613541538855,True,ok
25.423242338463947,BARO,-0.6898021564334103,,3.8806800599009392,True,ok
25.42694436509167,LIDAR,-0.002454215602721188,,0.005905741465328807,True,ok
25.43851467961457,LIDAR,0.049843981660773196,,2.4277762775463176,True,ok
25.446038727735054,FLOW,-0.060686754133695064,0.073561068536,3.4618059306632514,True,ok
25.451152917828807,LIDAR,-0.009173194192634071,,0.08186883754707225,True,ok
25.45135340454449,FLOW,-0.007308696021948613,-0.013112733404182148,0.09169822223902761,True,ok
25.458899135166675,LIDAR,-0.015119620323878369,,0.22329010599133192,True,ok
25.46465290784183,CAMERA,-0.052856744767645125,0.13012358278196356,1.1992470103558162,True,ok
25.47303674388211,LIDAR,-0.011351801373155723,,0.1250393922032116,True,ok
25.479401611068905,LIDAR,0.009551294635850471,,0.0891056034874449,True,ok
25.48066718128814,BARO,0.08772146184593987,,0.06276004493394606,True,ok
25.481598162959646,FLOW,0.012181324338734534,-0.006855060788184653,0.0756103879363288,True,ok
25.48635299285459,LIDAR,-0.05188487292681154,,2.641173862777955,True,ok
25.501418688337775,LIDAR,0.07545015078681372,,5.536078284643149,True,ok
25.50419668550086,FLOW,0.003224043701997914,0.01467640502868972,0.08680093746807281,True,ok
25.507831720219876,LIDAR,-0.022712700568405797,,0.5047183228844258,True,ok
25.510425994876393,FLOW,0.027816388385978996,-0.040369263158899174,0.9806098011390538,True,ok
25.52319409276562,LIDAR,0.012059967159572249,,0.1410530202334342,True,ok
25.526457099430694,BARO,-0.3884887079907271,,1.2308283991438416,True,ok
25.533970285623216,LIDAR,0.019685347991678093,,0.37583893251529926,True,ok
25.54003729194473,FLOW,-0.04533118788396284,-0.02821588932461544,1.1090838029014765,True,ok
25.54071074916378,LIDAR,0.03620253693330033,,1.2789450439748278,True,ok
25.544043266301387,BARO,0.03156002662408053,,0.008123301344054564,True,ok
25.549084214997126,LIDAR,-0.06539754519099938,,4.183906894070892,True,ok
25.55330740348897,FLOW,0.023138217195330935,0.0400266985285995,0.8527326297219298,True,ok
25.555263055868128,LIDAR,-0.024723077889167833,,0.6010706387493102,True,ok
25.573359204178654,LIDAR,0.012046878775845649,,0.1407477011779249,True,ok
25.58205278297164,LIDAR,0.013332972724233727,,0.17294607475805332,True,ok
25.589462160405308,FLOW,-0.045519749028031686,0.039939664190972946,1.3713566305133256,True,ok
25.589533943710443,LIDAR,-0.015813631315213517,,0.24434867749906777,True,ok
25.596519212857388,LIDAR,0.03520566501838962,,1.2162069740737182,True,ok
25.596890248753525,BARO,0.20564720748952725,,0.3449330955147029,True,ok
25.60160083602993,FLOW,-0.041994274263913445,-0.01062942740358891,0.7402333080247024,True,ok
25.603505080665858,CAMERA,-0.1226465200610285,-0.043336838899231456,1.0758010536171665,True,ok
25.61111643895638,LIDAR,0.022458589161876485,,0.49096924853227764,True,ok
25.611547524780516,FLOW,0.03469578630217196,-0.0540630675294963,1.6792082068277783,True,ok
25.622200312642203,LIDAR,-0.023974706015996272,,0.5587878178205526,True,ok
25.632896776410195,LIDAR,-0.05167045105806434,,2.5944375217629836,True,ok
25.64010375306997,LIDAR,-0.008091791478055832,,0.06394720167027317,True,ok
25.643127364081966,BARO,0.14759115301432857,,0.17765706778696824,True,ok
25.649958656534,FLOW,0.10662972242949897,-0.007215847604203046,4.29835103736125,True,ok
25.654159616167142,CAMERA,-0.06977475677330247,-0.1382154104234825,1.4788347510495765,True,ok
25.654662586913172,LIDAR,-0.019868965345747558,,0.3828147858273913,True,ok
25.655399499088777,FLOW,0.0030840886963561243,-0.016668589259895616,0.11553510822444175,True,ok
25.657630327651255,LIDAR,-0.023288288398527257,,0.5321957344417997,True,ok
25.669439325331798,BARO,0.23237070591473552,,0.440342599260521,True,ok
25.671114922040687,LIDAR,0.007131981075697791,,0.049599250601394154,True,ok
25.67814755295647,LIDAR,-0.02065132783790702,,0.4177664459557377,True,ok
25.680940554685595,FLOW,0.02164609254307015,0.05933508215557129,1.5527369614159134,True,ok
25.68540359958074,LIDAR,0.05381242061554925,,2.846073445360846,True,ok
25.701013703911315,LIDAR,-0.016556270995890632,,0.2667323137480342,True,ok
25.7041833536888,FLOW,-0.060655941361897225,-0.06117606298539964,2.8709850677504756,True,ok
25.70650648740125,LIDAR,-0.008366719623524421,,0.0686181259505061,True,ok
25.716907911717115,BARO,0.07493934485012721,,0.04579860434870374,True,ok
25.717361067255073,LIDAR,0.017339232946044447,,0.2940791638528461,True,ok
25.726928011499826,FLOW,0.05199751152780041,0.023461393409246856,1.256851272952992,True,ok
25.728652146187024,LIDAR,-0.025713056368934062,,0.6450875996742829,True,ok
25.73615090378233,LIDAR,-0.012702736687761451,,0.158025726411933,True,ok
25.74779546869767,FLOW,0.028887259344642313,-0.03572444616380219,0.8149073110980503,True,ok
25.753921985521874,LIDAR,-0.022773198422815444,,0.5014898974755987,True,ok
25.755862598199577,BARO,-0.11970881842260317,,0.11686701229657853,True,ok
25.75720687196864,LIDAR,-0.021450599157931904,,0.4503615609355438,True,ok
25.76027448023607,FLOW,0.01693291632308913,0.0023035602873862915,0.11698586254607034,True,ok
25.774605363148684,LIDAR,0.018389386818776554,,0.3270367357411348,True,ok
25.77907174305364,LIDAR,0.009602254520249875,,0.09008202347870585,True,ok
25.7792401048427,FLOW,-0.018376805644477745,-0.03415954551604855,0.5974573972703223,True,ok
25.78633556928213,LIDAR,0.015776908982463755,,0.24411804527535624,True,ok
25.792466940819924,BARO,-0.4203979630839705,,1.4413797203448833,True,ok
25.7960994531666,LIDAR,-0.006209700758105896,,0.03779607300874126,True,ok
25.80022455325043,FLOW,-0.010964966932005993,0.04062855861229184,0.6946465863933305,True,ok
25.81047627013418,LIDAR,-0.010831285879487673,,0.11411964687915044,True,ok
25.82125719327662,LIDAR,-0.00914405769937332,,0.0812807524419482,True,ok
25.824566806844114,FLOW,-0.04668103748044827,0.06115817978589386,2.2835927437348476,True,ok
25.827116367107383,BARO,0.07461868749077105,,0.0454075851803911,True,ok
25.83026633309138,CAMERA,-0.014838947632931365,0.08216915454530516,0.41603906484181397,True,ok
25.834372193369013,LIDAR,0.018780863106080403,,0.3415056544905786,True,ok
25.840436188671582,FLOW,-0.030008683547418702,0.07960538160934999,2.8471204752655144,True,ok
25.84171359577217,LIDAR,-0.02702702219196551,,0.7111815341908883,True,ok
25.849052507814164,LIDAR,-0.023421127431247246,,0.536436783083423,True,ok
25.86250452906276,LIDAR,-0.006922820915003847,,0.046597883932078976,True,ok
25.867569211546556,FLOW,-0.07876009296335473,-0.07465735789459532,4.5114120936697075,True,ok
25.868487835162583,LIDAR,0.05647419500287132,,3.121989924501124,True,ok
25.872947721498672,FLOW,0.0026721512095828626,0.04235565473777825,0.7326434189686298,True,ok
25.87413405457821,BARO,-0.25506465407600665,,0.5305849188107882,True,ok
25.884710446437264,LIDAR,-0.021983763261801403,,0.4683286977658072,True,ok
25.8939777662292,LIDAR,0.04743649718022391,,2.185886758712518,True,ok
25.900415157742273,FLOW,-0.0038738945779908107,0.030287239205810557,0.3624452384332325,True,ok
25.90064457275559,BARO,-0.2639419665654956,,0.5681246686915301,True,ok
25.90499248179107,LIDAR,0.024514000817825732,,0.5833933940240085,True,ok
25.910039743445974,LIDAR,-0.008901416409075935,,0.07757821115117931,True,ok
25.916977325451075,FLOW,-0.00539242016348318,-0.017706438711747874,0.13521712417533716,True,ok
25.92414535561609,LIDAR,0.01611694555421428,,0.2525562193741973,True,ok
25.927685507133184,LIDAR,0.013308744548472973,,0.1740208567284058,True,ok
25.936402531491563,CAMERA,-0.006525116362073646,-0.12065686749211513,0.8734968895990404,True,ok
25.941191638919275,FLOW,-0.03743476530507417,0.011690295832206654,0.5984524951548716,True,ok
25.941912936809977,LIDAR,0.02511164009210809,,0.6147515948193862,True,ok
25.948213075686688,BARO,-0.2506666550473211,,0.512427129488037,True,ok
25.95328460462125,LIDAR,-1.3106792371055866,,1671.5822717858355,False,gate
25.956171936354668,LIDAR,0.009777643715885631,,0.09261335783193718,True,ok
25.967207311256175,FLOW,0.06596359584632072,0.011534029152006992,1.7170247323304275,True,ok
25.967614878019333,LIDAR,-0.03618364060130075,,1.267236238748074,True,ok
25.973943091500615,CAMERA,0.21165592313488446,-0.24973234835834024,6.584877520833092,True,ok
25.97747959448378,LIDAR,-0.03258776272235009,,1.029690693402414,True,ok
25.982727281161893,FLOW,0.042477822960925504,-0.08709711829273492,3.6674776020186597,True,ok
25.986681182877838,BARO,-0.15818744504580984,,0.20405694582639533,True,ok
25.988447168662596,LIDAR,0.020932489789740938,,0.4247849298327061,True,ok
26.001543376126335,FLOW,0.012547295263943159,0.07989557662119473,2.563721771568179,True,ok
26.004655608990003,LIDAR,-0.012060235502639571,,0.13982676510248784,True,ok
26.013207245657327,LIDAR,-0.025659188327891602,,0.6362731891635897,True,ok
26.019939376980695,FLOW,-0.015250644217336129,-0.04365459943231495,0.841235197235922,True,ok
26.02029553203439,LIDAR,-0.003248401790505895,,0.010262750372422053,True,ok
26.033917489275275,LIDAR,0.017589758617092777,,0.299424221097877,True,ok
26.036889576038522,BARO,-0.0623139345402457,,0.03166698310678302,True,ok
26.038258663649785,LIDAR,-0.035670528152820236,,1.2441958942501965,True,ok
26.040604062847606,FLOW,0.03813462447543747,0.009575267083919425,0.6076743526874623,True,ok
26.054304216021567,LIDAR,0.003937817281022049,,0.015016439115839076,True,ok
26.055269561252732,FLOW,0.023048545332138293,-0.015788485872485214,0.3115771819864853,True,ok
26.059019214567506,LIDAR,-0.011367326283690637,,0.1263323807698767,True,ok
26.073269186305637,LIDAR,0.021918805057489443,,0.4664761235624289,True,ok
26.073883995633988,CAMERA,-0.07511368242097305,-0.025618056470126715,0.40164174809265046,True,ok
26.082734791514753,FLOW,0.01353723043238686,-0.046881581686316814,0.9131516686725715,True,ok
26.082939184286776,LIDAR,0.041558619282703546,,1.6793485471998912,True,ok
26.089084188162385,BARO,-0.30591242225286974,,0.7631793804694125,True,ok
26.092453596221763,LIDAR,-0.013421865556970225,,0.1754272884062822,True,ok
26.096968633407194,FLOW,-0.027860574855835374,-0.0003707732710747924,0.3083686646916563,True,ok
26.099798697579658,LIDAR,1.0791874712545582,,1139.1153885595902,False,gate
26.113269455055516,LIDAR,-0.08020880625465177,,6.162800171558361,True,ok
26.11635700260092,BARO,0.3021115509601233,,0.7442893213576529,True,ok
26.117298687058504,FLOW,0.03011453426247268,0.02743346616064124,0.6521087709527679,True,ok
26.120453978597475,LIDAR,-0.026829510946561275,,0.6952845349345964,True,ok
26.13430668398736,FLOW,-0.02770202854677395,0.01569623033059206,0.40163662306601633,True,ok
26.134760124329,LIDAR,-0.02993266057633992,,0.8613775132954404,True,ok
26.137135199234866,LIDAR,-0.005335900359061174,,0.027778781560300482,True,ok
26.147460047218562,LIDAR,0.04426880979706471,,1.9110611192122005,True,ok
26.15072185789493,CAMERA,0.05243918914024803,-0.21543406385729158,2.981273220786806,True,ok
26.155646678818123,LIDAR,-0.016773977171088195,,0.2751582639628179,True,ok
26.16241682295012,BARO,-0.5217134583521139,,2.2197783703064307,True,ok
26.16411408803613,FLOW,-0.00829656522222777,0.07632998079320144,2.227674133352174,True,ok
26.167625592946212,LIDAR,0.032196323970334895,,1.0103255732687317,True,ok
26.18021256679241,LIDAR,0.02308726931588634,,0.5175472152950437,True,ok
26.18686349593784,FLOW,-0.061126153039220865,-0.06670585533051226,3.120217365038875,True,ok
26.193429533142417,LIDAR,0.011778062526483168,,0.13415328171445454,True,ok
26.19551269045944,FLOW,0.0515862307251127,-0.06055044042176613,2.5360427520228406,True,ok
26.199784459748106,LIDAR,0.015573658539207003,,0.23627805748069913,True,ok
26.206611863370078,BARO,0.06475741993584405,,0.034198983520551424,True,ok
26.21142603758106,LIDAR,-0.018879374790632397,,0.34649367470937914,True,ok
26.218137217518905,LIDAR,-0.030619880135040578,,0.9166454023427979,True,ok
26.225788723386486,FLOW,0.011170719258819517,-0.03218744716977756,0.4417055632459926,True,ok
26.22770408814423,LIDAR,0.034813847189353986,,1.1852173674638964,True,ok
26.237387720892293,LIDAR,0.046155517878154306,,2.0832563598595186,True,ok
26.24136880025242,BARO,0.09426689518799813,,0.0724734317502708,True,ok
26.24928116734168,FLOW,-0.028081569248525007,-0.05530350186064406,1.464493985649948,True,ok
26.25436503371162,LIDAR,-0.031069036746139478,,0.9335562126235694,True,ok
26.259121888717697,LIDAR,0.01989950359209436,,0.3867274272208344,True,ok
26.268303725334153,FLOW,-0.018792115247658003,-0.030168721530631132,0.4878407365877667,True,ok
26.27306920656362,BARO,-0.03569287437723645,,0.010388789378801137,True,ok
26.274787469664346,LIDAR,0.02812714788442605,,0.7658745619727274,True,ok
26.281511524937475,LIDAR,0.027815472772295013,,0.7539150774210314,True,ok
26.288497436934218,FLOW,-0.022649746619223254,0.02620556163848728,0.46510085214114166,True,ok
26.294654080889718,LIDAR,0.01673873923140956,,0.27176462693150605,True,ok
26.294674279141798,FLOW,-0.018625129215730674,0.05221348454140842,1.254340057388282,True,ok
26.30066571158033,LIDAR,-0.003556142140791696,,0.012354981811008704,True,ok
26.302094498091268,BARO,-0.0028662053103150065,,6.700171650232093e-05,True,ok
26.306745320188114,LIDAR,-0.028338421174572304,,0.7890837806803701,True,ok
26.31130768931488,CAMERA,0.006661757629512266,0.05648464011381127,0.19440997078114178,True,ok
26.31539676521131,LIDAR,-0.007546286227214871,,0.0559914007730325,True,ok
26.316960688831152,FLOW,-0.018478495470467315,0.053548027290187705,1.2718787847729158,True,ok
26.33118467841728,LIDAR,0.00404539957865202,,0.01592594494318661,True,ok
26.335175128201723,LIDAR,0.02800499525608169,,0.7705656859973513,True,ok
26.335430860019347,FLOW,0.003127608343569399,0.019908768431103813,0.16058823429303476,True,ok
26.347041672010395,LIDAR,0.01580851449277798,,0.24451044082849638,True,ok
26.360132787891175,BARO,0.00543800796952798,,0.00024115247249678856,True,ok
26.36228542930647,FLOW,0.06238586915640143,-0.0826645932021085,4.113269646446605,True,ok
26.363867815718454,LIDAR,-0.012801116102723498,,0.15858435567772483,True,ok
26.373265057954015,FLOW,-0.02897003390778785,-0.017618690368835316,0.4602510335949881,True,ok
26.374046392725543,LIDAR,-0.04660422961532662,,2.104640854685312,True,ok
26.375707997968174,LIDAR,0.04933224763250621,,2.3914952978747226,True,ok
26.385378961790398,LIDAR,0.007834731371359371,,0.0602647582274746,True,ok
26.386076067837518,BARO,0.41168363797694596,,1.3823443879491426,True,ok
26.396918495084982,FLOW,0.024719826785103205,-0.025060814090394956,0.4830634578894228,True,ok
26.399668019966906,LIDAR,-0.051589520711929016,,2.593040391922724,True,ok
26.412723300535887,LIDAR,-0.008346495140524546,,0.06756958037990017,True,ok
26.418536368084048,FLOW,-0.038684829905661244,0.05988303750171997,1.9639214886885688,True,ok
26.421261027380062,LIDAR,-0.03637872459701352,,1.2879413022242985,True,ok
26.42785733230482,CAMERA,-0.030740462272426328,0.0558329439507228,0.24448067636984278,True,ok
26.429416644057053,LIDAR,-0.006438216602715929,,0.040471341344685746,True,ok
26.442590972448542,BARO,0.6045207809351969,,2.98008001453897,True,ok
26.44484840543964,LIDAR,-0.02707783075617165,,0.7098987428885379,True,ok
26.446291319444626,FLOW,0.09352467989993807,-0.0034651683579779435,3.3169607133475125,True,ok
26.447595615035446,LIDAR,0.03583250682368311,,1.258847177288915,True,ok
26.455637664872445,LIDAR,-0.0031842177831835627,,0.00996053394627571,True,ok
26.458661831574478,FLOW,0.04284641224554964,0.0455229571778874,1.5386932480218036,True,ok
26.469002844024434,LIDAR,0.0380548928474882,,1.4135016154761557,True,ok
26.477584501337745,LIDAR,0.004056792504336659,,0.0160960438974017,True,ok
26.47943160874307,BARO,-0.4659810291704194,,1.7709595139788255,True,ok
26.479629994537188,FLOW,-0.07947807221591585,-0.004578022724678887,2.4851089750597612,True,ok
26.49315687375653,LIDAR,0.008860168522402123,,0.07609334663466301,True,ok
26.499432697442586,LIDAR,0.024185826309940595,,0.5709552284090175,True,ok
26.503433713765695,FLOW,-0.01011336155085285,0.04486533766687209,0.8109726985334922,True,ok
26.511633181689938,LIDAR,0.008061233691632363,,0.06320682227535389,True,ok
26.51356414136966,FLOW,0.046046416966313064,-0.018997884013662758,0.9965237000176547,True,ok
26.51796930546963,BARO,0.24973999605974218,,0.5086375789238471,True,ok
26.52124436930822,LIDAR,0.010381691503888568,,0.1049657276024794,True,ok
26.528383384812123,LIDAR,0.038685186094399526,,1.4642803225416,True,ok
26.537300648293293,LIDAR,-0.012062045144351163,,0.14250501959289563,True,ok
26.542192477416524,FLOW,-0.027026151349763605,-0.041674272348825675,0.9469161044132861,True,ok
26.544388788314585,CAMERA,-0.014357467599133145,0.1780076129965973,1.9008334767971775,True,ok
26.54529999357448,LIDAR,-0.034526750193908384,,1.1702180245183071,True,ok
26.54879407775398,BARO,0.39883328528407036,,1.2973486631953532,True,ok
26.55699044035033,FLOW,0.03586005243949453,-0.004512469709029909,0.5156826796038533,True,ok
26.557496031098687,LIDAR,0.009632108821818974,,0.09067078794583863,True,ok
26.571591332091568,LIDAR,-0.02311556660793812,,0.5187330595383705,True,ok
26.571673929464733,FLOW,-0.01961658556264645,0.05084348247422141,1.1818670586039748,True,ok
26.580617689453412,LIDAR,0.03288877637923093,,1.0526436029750796,True,ok
26.591315913776615,FLOW,0.0030390776752993176,-0.09933484509664858,3.8915305530602957,True,ok
26.593957838005377,LIDAR,0.011747890013002138,,0.13368037976602862,True,ok
26.600735877550285,BARO,-0.6525821874987945,,3.4728679453356412,True,ok
26.604376117478918,LIDAR,-0.07354541958801875,,5.243727671181207,True,ok
26.61490276988105,LIDAR,0.01593400393379385,,0.24623902856828242,True,ok
26.615890506733894,CAMERA,0.16958833430308928,0.11327747088073847,2.622737807191224,True,ok
26.61924887435069,LIDAR,-0.020799237551823335,,0.42368428182091017,True,ok
26.621017462365185,BARO,0.19301873468026676,,0.3038612965159599,True,ok
26.62855784304839,FLOW,0.04622805711847633,0.010382065894258635,0.8318864579464211,True,ok
26.632790364736486,LIDAR,-0.026660190283099183,,0.6918972608762334,True,ok
26.635691511687337,LIDAR,-0.03471617788251535,,1.1863644040068673,True,ok
26.6471891463409,FLOW,-0.012795235379100323,0.05902361475136564,1.3776525936152988,True,ok
26.651007155056757,FLOW,0.025068313250589558,0.07048540465493267,2.27156029544108,True,ok
26.65354217178419,LIDAR,-0.03125836007699068,,0.9487634891041637,True,ok
26.657417961036675,LIDAR,-0.015388961997672368,,0.23231645186548933,True,ok
26.664597162419597,BARO,0.30673834801514444,,0.7673410211940314,True,ok
26.667282576034502,LIDAR,0.07626908270347688,,5.701957631513853,True,ok
26.681835912555645,LIDAR,0.041237210274589486,,1.6537901084793625,True,ok
26.68925204228502,FLOW,-0.05133041168315078,-0.025990801429225274,1.2429522033020683,True,ok
26.69038834959164,LIDAR,-0.009885669795840268,,0.09530721711783112,True,ok
26.693413131765155,CAMERA,0.16341241048496968,0.026731387426528253,1.750450740253608,True,ok
26.694786682722548,FLOW,0.003661129060205326,-0.050722227376897744,1.0334967362655563,True,ok
26.70429591687693,LIDAR,0.007027717772892128,,0.04787952784380669,True,ok
26.71160316278784,LIDAR,-0.03640108362319916,,1.2914353591444474,True,ok
26.715999866886847,FLOW,-0.007376931834208733,0.03714983066839231,0.562668930298251,True,ok
26.719699976964748,LIDAR,0.007641912263087303,,0.05709185698080371,True,ok
26.723604132433458,BARO,-0.014899659022042044,,0.001810558884460748,True,ok
26.730505981300535,LIDAR,-0.004963524923510043,,0.024047769399855763,True,ok
26.731377727672825,FLOW,0.013497255256730512,0.03312747471448943,0.5082786834101829,True,ok
26.743794451400472,BARO,0.2536190424485474,,0.5245268216290505,True,ok
26.744026364714735,LIDAR,-0.003025496643786152,,0.008886768660418595,True,ok
26.74812674321603,LIDAR,-0.028810240663851516,,0.8138588368476387,True,ok
26.755131247050727,FLOW,-0.0016965749074775438,0.01933634972759865,0.14571593904757935,True,ok
26.761962438769736,LIDAR,0.02083550426479741,,0.4227626344988716,True,ok
26.769453041433028,LIDAR,-0.016444842893270195,,0.26445035026349417,True,ok
26.776227648405584,FLOW,-0.07264017342811213,-0.05443631986032152,3.1933140472221186,True,ok
26.783170965925116,LIDAR,-0.017409162432742153,,0.2945515180824127,True,ok
26.783372790478946,CAMERA,-0.1444520660127928,0.19072307850287396,3.5007958310883147,True,ok
26.79003457355082,BARO,0.38504322534555957,,1.2090547473748499,True,ok
26.79038369749751,FLOW,0.0019090424384238247,-0.011203481772099705,0.05089144799389238,True,ok
26.793454456282156,LIDAR,-0.04255500544920077,,1.760686647645696,True,ok
26.796319092886566,LIDAR,0.0034663422898151275,,0.011816825150379026,True,ok
26.805975213728026,LIDAR,0.004768287997841458,,0.022337565400136802,True,ok
26.81330985952519,FLOW,-0.03839306340440052,-0.09924608191017747,4.381723364248919,True,ok
26.8173602589543,LIDAR,-0.0010273398440703296,,0.0010333251937069416,True,ok
26.831194437685863,LIDAR,0.03412867414841125,,1.1328994317608125,True,ok
26.835930185919466,BARO,-0.3851000044384505,,1.2094501404579223,True,ok
26.836297403620858,FLOW,-0.04264601504715104,0.014065915737076246,0.7761023098875459,True,ok
26.83763844280422,LIDAR,0.005874578334884362,,0.033771420863505805,True,ok
26.853184075177406,LIDAR,0.02225040304465775,,0.48007699822035765,True,ok
26.86450975849974,LIDAR,-0.0010881831658382524,,0.001147244201001504,True,ok
26.86932418705046,FLOW,0.008525646755740635,-0.0006589729494211882,0.027054665500425866,True,ok
26.87374988938441,LIDAR,0.05147423759452696,,2.5735039972549654,True,ok
26.877576803148553,BARO,-0.44276099302572014,,1.5987502307518848,True,ok
26.881056551487813,LIDAR,0.01838444772644854,,0.329951088271351,True,ok
26.88280205594122,FLOW,0.027765356430125898,-0.009241723889719639,0.3317471741928848,True,ok
26.891867627711296,LIDAR,0.011569499564228813,,0.1304885695867494,True,ok
26.901110651741607,FLOW,0.004329631413326318,0.04172929491056332,0.6834357305388743,True,ok
26.904660108740117,LIDAR,-0.0007782881325280044,,0.0005880506254454387,True,ok
26.912363234972748,LIDAR,0.025349444981235703,,0.6266224883769574,True,ok
26.913845318439567,BARO,-0.008999704102562678,,0.0006605751361995202,True,ok
26.92175137186215,FLOW,-0.00018736882208703065,0.07848193667289749,2.3818159469758644,True,ok
26.923349126192825,LIDAR,-0.055505590381682346,,3.000266111019422,True,ok
26.930911015218722,LIDAR,0.013537040327792127,,0.17917856584669614,True,ok
26.936636635868542,LIDAR,-0.03171114047532475,,0.9891552398197601,True,ok
26.94087113361068,FLOW,0.02849642392539531,-0.005550359414422779,0.32870878210760807,True,ok
26.944668292275303,CAMERA,-0.32012465985470584,-0.13290646776543502,7.615060130930232,True,ok
26.948090293378254,LIDAR,-0.0862382750060724,,7.287896301862685,True,ok
26.949637021188657,BARO,0.4841002755582484,,1.9113927798397363,True,ok
26.957130904489297,LIDAR,0.07314093834198587,,5.245768673535676,True,ok
26.9669966409705,LIDAR,-0.0134085166460447,,0.17615552656921962,True,ok
26.967162124740565,FLOW,0.04973559846252851,0.08302200205233662,3.550759777821469,True,ok
26.973661497410895,FLOW,0.001189404013042683,0.026305325658861844,0.2780885483877819,True,ok
26.98237885175808,LIDAR,0.008039754407591637,,0.06275847547937473,True,ok
26.991441757138567,LIDAR,-0.009314142740067588,,0.08442838866203405,True,ok
26.9956049329683,LIDAR,-0.04175066246608505,,1.7122532770172432,True,ok
26.998647849745353,FLOW,0.07242778758480739,-0.05085120161968873,3.0443963845753426,True,ok
27.000862162740482,BARO,0.01568807508246639,,0.0020072698175753654,True,ok
27.01332530377123,LIDAR,0.02405505899386462,,0.561048888263068,True,ok
27.014587557998382,FLOW,-0.11187964054473509,-0.048381833113623623,5.871880074600766,True,ok
27.02351454332513,LIDAR,0.00963430478291949,,0.09007747862270615,True,ok
27.025247925801384,BARO,0.18295700132765624,,0.27299137388361266,True,ok
27.03050700291337,CAMERA,0.011471340684408915,-0.17209166648642205,1.7821206243581633,True,ok
27.03062863403458,LIDAR,0.013236147774383866,,0.17096327537392894,True,ok
27.0309283441207,FLOW,-0.0034395955807471346,-0.07585977462313084,2.2777848882108813,True,ok
27.042733914148418,LIDAR,0.005149392216767357,,0.025790314498805554,True,ok
27.05244546788131,LIDAR,0.0034877888303865845,,0.011843542935406036,True,ok
27.05821354705357,FLOW,-0.0006323771283418544,-0.022691810569115983,0.19619079891657457,True,ok
27.06263071549476,LIDAR,0.025314215961503628,,0.6239451627412933,True,ok
27.072911045951514,LIDAR,0.019448393685149057,,0.368257045374123,True,ok
27.074296037854527,BARO,0.009954717900198418,,0.0008082016880203584,True,ok
27.077317945095846,LIDAR,0.03741662576060989,,1.3753126885035376,True,ok
27.080457115875106,CAMERA,0.08469543267284863,-0.19212991014483993,2.6765409299059377,True,ok
27.0857499004878,FLOW,0.06481013561174231,0.1195915566876963,6.924016358612541,True,ok
27.08908430002739,LIDAR,0.041585688582839175,,1.6920687505713594,True,ok
27.09443879708836,FLOW,-0.06427421049990789,0.024783600212416657,1.8843192513329203,True,ok
27.103487101659336,LIDAR,-0.027748594019794126,,0.7478789330713081,True,ok
27.107170573464742,LIDAR,-0.01301482999575132,,0.1662498180380497,True,ok
27.118057251138854,BARO,-0.31432540582120483,,0.8057356435278655,True,ok
27.120283481175214,LIDAR,-0.021258991333317656,,0.44101829632044304,True,ok
27.12069737023137,FLOW,-0.029967568441432668,-0.047697381059990024,1.2154045145912775,True,ok
27.130114778340097,LIDAR,-0.01687026385595436,,0.2777724379216738,True,ok
27.13717431943618,FLOW,-0.012433739276696887,-0.0665874551616116,1.7823095663996587,True,ok
27.144105903755886,LIDAR,-0.026506344414192196,,0.6814529202683527,True,ok
27.149187279390702,LIDAR,-0.03127696517353895,,0.9570488705785177,True,ok
27.154263401180355,BARO,0.5537229812353188,,2.500580687776449,True,ok
27.162333538537712,LIDAR,0.022053907749298052,,0.4733363416369256,True,ok
27.162835669814132,FLOW,0.007183058959576272,0.07334580252575323,2.057659366076129,True,ok
27.16766025934742,LIDAR,-0.020066823224901498,,0.39485241752504296,True,ok
27.181504125720632,LIDAR,-0.0052042703242967114,,0.0263766923641411,True,ok
27.18577769178265,FLOW,0.07325484987432462,0.00380053603745123,2.0477485012530265,True,ok
27.18623391157181,LIDAR,-0.014404321637096373,,0.2037475865852197,True,ok
27.192281585832294,BARO,0.4312440529556185,,1.51672749072401,True,ok
27.19954021101656,LIDAR,0.011067097822059058,,0.11953292125505936,True,ok
27.20311432667405,FLOW,-0.04259729790868905,-0.01729930748878583,0.8188233991095994,True,ok
27.207841485546286,LIDAR,0.019244893667326846,,0.3623474782674843,True,ok
27.216128914309078,LIDAR,0.005109635744533048,,0.025594517586606646,True,ok
27.223043792259563,FLOW,0.015053919653218895,-0.11779077147466888,5.428108494362063,True,ok
27.23011155906061,CAMERA,0.15612552509700706,-0.07257956419211076,1.8525149480377212,True,ok
27.23374377628652,LIDAR,-0.05769165739129889,,3.221878678288453,True,ok
27.241514625471787,FLOW,0.0628728150776463,-0.05102271256781998,2.544572814108374,True,ok
27.243065986495132,BARO,0.09412520033639016,,0.07224598039377211,True,ok
27.243158553149108,LIDAR,-0.03033022507889216,,0.8927764779324326,True,ok
27.251363928330154,LIDAR,-0.02873382947082259,,0.8042809849407533,True,ok
27.253235023317604,FLOW,-0.06079107356564162,0.0531521666277478,2.599342804693036,True,ok
27.263432898255118,LIDAR,-0.002272693756505628,,0.005016918862690035,True,ok
27.26594666292928,CAMERA,-0.2074756613433557,0.021607066444809364,2.774192865138975,True,ok
27.27153757681084,BARO,0.2000666011606671,,0.32641317277243426,True,ok
27.272643132753604,LIDAR,0.02929234292630145,,0.8352321746591258,True,ok
27.2801021643341,LIDAR,0.059268192388320706,,3.433999429240604,True,ok
27.28863811715453,FLOW,0.10404132509298236,0.002882457673570399,4.058069088291546,True,ok
27.29035760331108,LIDAR,0.0037271086363235284,,0.013569001273644249,True,ok
27.2965396835853,LIDAR,0.054554660569843705,,2.9232015724417124,True,ok
27.298775231652854,FLOW,0.05347844070215002,0.052341449291795794,2.201655761056963,True,ok
27.313762959834957,LIDAR,0.01066904061959617,,0.11043147197090143,True,ok
27.317013861891006,FLOW,-0.026002106824419613,-0.005364699967227604,0.27779687576220735,True,ok
27.319650386257596,LIDAR,-0.0047333288117519245,,0.021896303265362637,True,ok
27.32556864758021,BARO,0.013932214227504236,,0.0015830278634201835,True,ok
27.325733609448452,LIDAR,-0.014554418093920773,,0.20820127856982795,True,ok
27.33639876303873,FLOW,-0.03348906498291093,-0.001962920362161391,0.4412939643040226,True,ok
27.339322711789407,LIDAR,0.020135805165708565,,0.39577206365267936,True,ok
27.346797605250508,BARO,0.1520947661623815,,0.18865347165314061,True,ok
27.35020354790428,LIDAR,-0.020038070619889936,,0.391401319954663,True,ok
27.355940706738398,LIDAR,-0.023198859854716147,,0.528087105356197,True,ok
27.36257252208135,CAMERA,-0.17267927361965363,0.06221541849157064,2.128276362472305,True,ok
27.362581269063035,FLOW,-0.011191416396415299,-0.018006889158832,0.1706336500320571,True,ok
27.369770000659972,LIDAR,-0.02947389540982437,,0.8464974452523909,True,ok
27.381069913113556,LIDAR,-0.03168242506429664,,0.9763494157818162,True,ok
27.38843291624409,FLOW,-0.0429090953692004,0.0008043503128649654,0.6924527166436659,True,ok
27.39115046258763,LIDAR,0.027852873243763288,,0.7549053251105402,True,ok
27.39737143270597,FLOW,-0.05826320830667031,0.014601331952686869,1.4278876527286113,True,ok
27.40487320527223,LIDAR,-0.05750315075969992,,3.2007336502454615,True,ok
27.40611066672525,BARO,0.2723849280880839,,0.6050796392977225,True,ok
27.406268068074922,LIDAR,-0.0008409922526686486,,0.0006947948938946164,True,ok
27.4153080155514,LIDAR,0.006263481249001668,,0.03854344909036249,True,ok
27.416542448979236,FLOW,-0.05331429932626852,0.010191469219505034,1.1572833237501352,True,ok
27.43076385339756,BARO,0.06333541557411859,,0.0327118102769981,True,ok
27.433144157119493,LIDAR,0.009210057670289817,,0.08224591395354601,True,ok
27.44364053504834,LIDAR,0.023428843861763138,,0.532444891826291,True,ok
27.448605888777283,FLOW,0.006326960319694042,0.03704790399338814,0.5242684924868265,True,ok
27.450786922577986,LIDAR,0.03430440066333995,,1.147759541080764,True,ok
27.452845809966956,FLOW,0.02249543667615006,-0.02019614534487707,0.3659979181010876,True,ok
27.462431406550568,LIDAR,0.030747435117901567,,0.9197846011850361,True,ok
27.46561217696449,BARO,0.05881263547639959,,0.028209242112658222,True,ok
27.474328296340065,LIDAR,-0.024366127802746718,,0.5762981316984502,True,ok
27.47933350261546,LIDAR,-0.05012130599051545,,2.4595037907281823,True,ok
27.487249641183244,LIDAR,-0.007525865743579718,,0.05558748510837924,True,ok
27.488109010659034,FLOW,-0.03621154560540152,0.050245538698543646,1.4273122068556425,True,ok
27.49641642938193,LIDAR,-0.08587447452057528,,7.23821943954857,True,ok
27.500098196178797,FLOW,0.04886666845697141,-0.028938907597154673,1.25551924437737,True,ok
27.51225249488245,BARO,-0.09928454549728416,,0.08038400164545796,True,ok
27.513825690889263,LIDAR,0.036310277085831455,,1.2781741849394603,True,ok
27.516839778423027,FLOW,0.03171796401360538,0.06664615022886011,2.132841412919231,True,ok
27.52398830273637,LIDAR,0.06688354305549993,,4.340987670590792,True,ok
27.52886847720634,CAMERA,-0.005603935634688639,0.1324524249430994,1.0511075474254485,True,ok
27.531443871243837,LIDAR,0.03794664953646487,,1.4042148113845,True,ok
27.53677839119418,LIDAR,0.018290852428694215,,0.328583489131846,True,ok
27.54449877885366,FLOW,-0.05212903567881311,-0.04052890736586212,1.6580339402756368,True,ok
27.548310791720056,BARO,0.05497227324209364,,0.024644469837083124,True,ok
27.55177636129968,FLOW,0.019855443657756044,-0.00789368585878042,0.1828309128932516,True,ok
27.55472340020548,LIDAR,-0.0187108236268001,,0.3393001100750642,True,ok
27.563692599178992,LIDAR,0.031644353651060886,,0.973273695481724,True,ok
27.57261680335587,LIDAR,-0.027322355536646636,,0.7272780753013762,True,ok
27.582925050048356,LIDAR,0.01270721662131713,,0.15727710699117603,True,ok
27.587889039663313,FLOW,0.027561109883967205,0.02016503193981478,0.4347084583909312,True,ok
27.59308206411774,LIDAR,0.0006507190651290351,,0.00041245066928629893,True,ok
27.598757897790296,LIDAR,0.019742038554667385,,0.3822438882714361,True,ok
27.599149336955474,FLOW,0.0515706634064923,0.014403968969284975,1.1214052399657104,True,ok
27.60566179376902,BARO,0.2597717277207492,,0.5503472886463936,True,ok
27.606283719813714,CAMERA,-0.1303811023938195,0.20979408438740998,3.6995395805146183,True,ok
27.613563114863357,LIDAR,0.019880188544395327,,0.3844313738105361,True,ok
27.623172330586833,FLOW,0.035232255087584985,-0.00696587147650124,0.49487734319431265,True,ok
27.624442451487873,LIDAR,0.042729600322910066,,1.774551985105619,True,ok
27.630791865333677,FLOW,-0.030376357902394346,-0.10758555974823153,5.003101149185236,True,ok
27.634034163033853,LIDAR,-0.03950868899430304,,1.5191364609651585,True,ok
27.643518201308474,LIDAR,0.013386346883339062,,0.17461133367633966,True,ok
27.643874941159996,BARO,0.8181760931802224,,5.459630461258467,True,ok
27.645623895577327,LIDAR,-0.03224693547350954,,1.0257270190961483,True,ok
27.651484942153196,FLOW,-0.03638980112600976,-0.02001413577956293,0.679799532405963,True,ok
27.66461072227023,LIDAR,0.05652766071071058,,3.102754164386667,True,ok
27.666326134338888,LIDAR,-0.037009028406080446,,1.347991654673962,True,ok
27.678549942975582,FLOW,0.015919519455938502,0.001821899133413074,0.09797743393984705,True,ok
27.67924971433785,LIDAR,-0.06146662816491455,,3.6957606263450233,True,ok
27.68541445022497,BARO,-0.09045049935393301,,0.06672236544006344,True,ok
27.68597943625263,LIDAR,0.0063784504494961425,,0.03997701721758434,True,ok
27.695784339784332,LIDAR,0.017197821199844476,,0.29030109683024835,True,ok
27.70155851302122,FLOW,0.03474943220007809,0.006653861302721886,0.47487154761742495,True,ok
27.710485496516668,LIDAR,-0.02974462589999005,,0.8611743543112474,True,ok
27.715442528322967,BARO,-0.05513538312034427,,0.02479148936587857,True,ok
27.716070477411876,FLOW,0.00944363744247001,0.002943813363962322,0.03810136145535021,True,ok
27.719855962024567,LIDAR,0.018638986961179604,,0.3386576721564198,True,ok
27.727019106598657,LIDAR,0.04403558117302353,,1.8986594297727002,True,ok
27.738275782943347,CAMERA,0.006470437545388563,0.06924040416633082,0.290006147543524,True,ok
27.740434217594245,FLOW,0.046880356884681174,-0.06593406858952888,2.486734376947557,True,ok
27.74400229242475,LIDAR,-0.033753326217766055,,1.1028190485036258,True,ok
27.747444428857143,LIDAR,0.02297327335619137,,0.5168104826889244,True,ok
27.752545428424373,FLOW,-0.07854987265664759,-0.03853853214419492,3.0188026623786035,True,ok
27.761959549473797,LIDAR,0.01278068017854972,,0.15873537280846822,True,ok
27.769519688991892,BARO,0.8635353518758198,,6.081113750382481,True,ok
27.770947041511505,LIDAR,0.02566365103748902,,0.6415764972798998,True,ok
27.7790206118196,LIDAR,-0.053636072154436665,,2.811337075952224,True,ok
27.78477198448971,FLOW,0.023688230226622586,0.005707034401250116,0.22231593977573222,True,ok
27.790246184696127,FLOW,0.07550989145765019,0.055415524660823806,3.496538586576161,True,ok
27.79262867379203,LIDAR,0.06270184971579074,,3.81950530675908,True,ok
27.792804819574915,BARO,0.3073381325967133,,0.7703625427297845,True,ok
27.801553074594505,CAMERA,-0.007641950423309396,-0.04526497434395926,0.12767872690395124,True,ok
27.801624291126096,LIDAR,-0.04144899150585335,,1.6731406853947384,True,ok
27.81388453723441,LIDAR,-0.005647004965921187,,0.030957802546278015,True,ok
27.82039633569273,FLOW,-0.04634416069660041,0.0015925261281658498,0.8170931233284161,True,ok
27.82419081147516,LIDAR,0.029832888315770134,,0.8644276813355685,True,ok
27.828582815330495,BARO,-0.46786849877533054,,1.7851980707607769,True,ok
27.82945017718073,LIDAR,-0.02996256512805262,,0.8791275262707553,True,ok
27.83409028341346,FLOW,-0.04629266271418464,-0.03966750104274844,1.449303089555256,True,ok
27.841221015130294,LIDAR,-0.016229618333897466,,0.25705059342071823,True,ok
27.851684419324553,LIDAR,-0.04834121120389678,,2.278718454467514,True,ok
27.858496589459623,FLOW,-0.012583991674091077,0.03774217341582861,0.5998535496456043,True,ok
27.86447418599145,LIDAR,-0.01734233901961524,,0.2920404003723159,True,ok
27.874182447791146,LIDAR,0.019178022475847545,,0.3576182951793827,True,ok
27.875276296218317,LIDAR,-0.03674861914044314,,1.3317286644300332,True,ok
27.885566301736105,BARO,0.11325246363526142,,0.10460348793542648,True,ok
27.886755399514822,LIDAR,-0.02291502634347964,,0.5156754249584734,True,ok
27.889501451677337,FLOW,0.05160386858804822,0.03230050172599652,1.36414193288727,True,ok
27.890673816481364,FLOW,-0.048407428636758176,0.021685638842586785,1.128349268974208,True,ok
27.896963582366787,LIDAR,-0.012203893787233522,,0.14602844854325647,True,ok
27.90660769428266,LIDAR,-0.031082863313126374,,0.946858541712313,True,ok
27.918734567227798,CAMERA,-0.016774652901151654,0.10834128189706393,0.7211326449102838,True,ok
27.920712575251926,LIDAR,0.04060896617297427,,1.6046274246491268,True,ok
27.92232045154995,BARO,-0.060013014474124216,,0.02937310665820913,True,ok
27.925437220151505,LIDAR,-0.01416825636055341,,0.19701318530869774,True,ok
27.92931592640555,FLOW,0.019290998887516064,-0.023253381355607644,0.33521816549861816,True,ok
27.93544937731342,LIDAR,0.037588369824484325,,1.3850025798121162,True,ok
27.9410610543278,FLOW,-0.02649295040913957,0.01593733191234553,0.369566729169026,True,ok
27.9497091856445,LIDAR,0.05240691735087388,,2.6722978672033584,True,ok
27.95612639531856,BARO,-0.16327091777454505,,0.21739543277935378,True,ok
27.957715192541304,LIDAR,0.010624458778522694,,0.1102307948580854,True,ok
27.963263602168453,FLOW,0.040752549436800845,0.0057525323539336926,0.6503738240542369,True,ok
27.97286709714954,LIDAR,-0.01688703011752768,,0.2762234340273945,True,ok
27.983156796117242,LIDAR,-0.016649340605231266,,0.2687553461393084,True,ok
27.984342118307147,FLOW,-0.10488671469800614,-0.023259716877474135,4.418352589613964,True,ok
27.987409939319278,LIDAR,0.05476186387903992,,2.9366404047232395,True,ok
28.000408656475706,LIDAR,-0.023808653507907174,,0.5521477612624324,True,ok
28.002284366059715,CAMERA,0.04614902270036225,0.02445096545298764,0.17305697957657784,True,ok
28.005446739536154,BARO,0.293114109112655,,0.7006754530655923,True,ok
28.00867849080131,FLOW,0.03047716887042151,-0.06466246023234956,1.9164901938232703,True,ok
28.01458290456032,LIDAR,-0.017172688284163407,,0.2855242583330029,True,ok
28.021758165778817,LIDAR,0.0606482873165084,,3.5820595561684363,True,ok
28.022575340103067,FLOW,-0.04361013513507883,0.13562144265482248,7.847167226081579,True,ok
28.02651593628995,LIDAR,8.734149771827404e-05,,7.4907990382472765e-06,True,ok
28.038616224286088,LIDAR,-0.05031367746527726,,2.474753194170147,True,ok
28.039250477268602,BARO,0.11318676279748807,,0.10448852671181431,True,ok
28.039950647814464,FLOW,-0.05795784513549318,0.03657593254365893,1.8295669540790103,True,ok
28.047319648907887,LIDAR,0.007260702248149453,,0.05162114370683407,True,ok
28.061207992342684,LIDAR,0.04177347358244354,,1.6973612232871795,True,ok
28.062813311777987,CAMERA,0.04531665745890123,-0.18785086028597675,2.2651346396903134,True,ok
28.0648338138708,FLOW,-0.051912877572625415,-0.02961066706876181,1.3619990444908299,True,ok
28.074953588221852,LIDAR,-0.0012647950744466563,,0.0015479136945148752,True,ok
28.079638962749463,FLOW,-0.017718677728024268,0.03341203554526223,0.5539961877666696,True,ok
28.082574419971795,BARO,0.11005200191288367,,0.09876570018904661,True,ok
28.084391092671737,LIDAR,0.058430181524273817,,3.3121783014984807,True,ok
28.091236439920774,FLOW,0.09323726791590214,0.07828665270856555,5.909337548843736,True,ok
28.09248770258768,LIDAR,-0.050550798657205576,,2.489041626674361,True,ok
28.099666264424823,LIDAR,-0.03043441798007951,,0.906346633781676,True,ok
28.108852254657112,LIDAR,0.02291399672607275,,0.5140930274955455,True,ok
28.11930495632424,LIDAR,-0.00401815088784252,,0.015786319587320616,True,ok
28.12437727251238,FLOW,0.02067177836410794,-0.001992787074246105,0.161832717004715,True,ok
28.126210235123246,BARO,0.18151242988857597,,0.26869336196292026,True,ok
28.1307319409378,LIDAR,0.03631523510650281,,1.2862143961407289,True,ok
28.139093638835288,LIDAR,-0.013485224674649743,,0.1778057680197388,True,ok
28.14322971554955,FLOW,0.04172903561558039,-0.0034714338641632647,0.6676552573417406,True,ok
28.14521529823429,LIDAR,-0.03198684011675157,,1.0058124922391751,True,ok
28.15889780394824,LIDAR,0.0025649262036053777,,0.006421871913931339,True,ok
28.161521880916354,FLOW,-0.0037912035965219637,-0.06805067258232106,1.772615287357555,True,ok
28.168669235403726,LIDAR,-0.010057259169307553,,0.09875466564186029,True,ok
28.16916542203523,BARO,0.09865804384524646,,0.07938517822793215,True,ok
28.17340936703656,FLOW,0.061644103766276714,-0.03935443569638364,2.1082292301682237,True,ok
28.18467069164984,LIDAR,-0.023709832490972804,,0.5437663531567201,True,ok
28.187102592642756,LIDAR,0.004646405887060556,,0.02116110376674084,True,ok
28.189079366892205,BARO,0.11588201217944283,,0.1095241108725969,True,ok
28.201718415535797,FLOW,0.034911778202292076,0.0027812402828449323,0.4652493488845533,True,ok
28.204217754262167,LIDAR,0.02087860570995881,,0.4222999779441558,True,ok
28.209850709997628,LIDAR,0.04446681820897247,,1.9310202100892446,True,ok
28.21909163350924,LIDAR,0.047051953276237235,,2.1640699727368427,True,ok
28.225032278110245,FLOW,-0.002883202648896077,-0.04834197413610114,0.8781601028931457,True,ok
28.22919506435199,LIDAR,0.0305258931886474,,0.9103469797140638,True,ok
28.239134798440535,BARO,-0.026052338637762684,,0.00553501252587795,True,ok
28.2417606747116,LIDAR,-0.03196980541141947,,0.994422026017254,True,ok
28.245097594051863,FLOW,0.01753308365954709,0.0016417234878667308,0.11792759322547373,True,ok
28.24947563134797,CAMERA,0.08551773138754726,-0.1833557042450904,2.4512187123103484,True,ok
28.252216538324085,LIDAR,0.0034639936940665805,,0.01167233389283877,True,ok
28.254943772958747,FLOW,-0.06281291839518932,0.09098961312639947,4.8108790516197795,True,ok
28.261744284946896,LIDAR,-0.06323801105082438,,3.8950038843724673,True,ok
28.273026024549974,LIDAR,-0.008661476288057912,,0.07294736943083374,True,ok
28.27525853225399,LIDAR,-0.008587501057769398,,0.07260038212657675,True,ok
28.278891638005422,BARO,-0.026453633732654858,,0.005707581484956666,True,ok
28.288018399446884,FLOW,-0.07546510046851251,-0.04083063897154654,2.741521071461131,True,ok
28.288456088852435,LIDAR,-0.019924536724296615,,0.3883076822507945,True,ok
28.3029733235903,LIDAR,-0.0394896246265386,,1.5140246271431557,True,ok
28.308441865237903,LIDAR,0.017399852448102493,,0.2962516157522348,True,ok
28.309910902126358,FLOW,0.010764293114640555,0.022307390391264836,0.22838019785159824,True,ok
28.319766309069557,LIDAR,0.025839004822402423,,0.6516015023495708,True,ok
28.32371961858452,FLOW,0.035832079979906784,-0.054709199160095284,1.6442324992607698,True,ok
28.32494392867817,BARO,0.37972199265152984,,1.1759253904648324,True,ok
28.33008224742764,LIDAR,-0.011947623485196956,,0.1392470817269472,True,ok
28.33449051334826,CAMERA,0.16636947492786902,0.1279978927478811,2.7685216711430134,True,ok
28.33920196752422,FLOW,0.01349560378025938,-0.013531849945998986,0.14231384017288012,True,ok
28.342203052621187,LIDAR,0.0008839300817222728,,0.0007597016431310465,True,ok
28.34651492385296,BARO,0.37895824288961544,,1.1711836758068634,True,ok
28.354698898112535,LIDAR,-0.02594914639473922,,0.6526928312503775,True,ok
28.35548800660998,LIDAR,0.015014509359702277,,0.2218727294916332,True,ok
28.365532246879972,LIDAR,-0.022330821452709593,,0.48992980488913557,True,ok
28.366527218497026,FLOW,-0.045229623099266814,0.08671228138630066,3.587617774592509,True,ok
28.372361195316806,FLOW,-0.024295850872963598,-0.005706927800836703,0.24874532096204013,True,ok
28.375618740909214,LIDAR,-0.0006030060778181578,,0.0003567123181038096,True,ok
28.38562619838628,LIDAR,0.04504364174436137,,1.988207391759273,True,ok
28.3931385632635,BARO,-0.09840423898184225,,0.07897232732898225,True,ok
28.40083202151476,LIDAR,0.029625720036318803,,0.8525954226865353,True,ok
28.402255847184044,FLOW,-0.05576197891063295,0.06374133485717176,2.707100292349889,True,ok
28.408145713411304,LIDAR,-0.0035462408817412694,,0.012276505927721176,True,ok
28.41645353239632,LIDAR,-0.03779515794404675,,1.397841221419074,True,ok
28.416508472429403,FLOW,0.049330325514295836,-0.03298275108960991,1.3636060763890807,True,ok
28.42661768605722,BARO,0.04007548534256289,,0.013097437508891486,True,ok
28.431037019239515,LIDAR,-0.006861623174828857,,0.045727715324015365,True,ok
28.438767426731886,LIDAR,-0.06532885429551394,,4.16304116189979,True,ok
28.445342301033296,FLOW,0.023710512827666452,0.07014540278629161,2.0361156796800373,True,ok
28.44571516444911,CAMERA,-0.007547594139367675,0.03862504390660293,0.09265975801036774,True,ok
28.446430455995642,LIDAR,-0.020058751542500364,,0.39386589057791527,True,ok
28.456848748124138,FLOW,0.10990682380729533,-0.03627764478283274,5.203739470587429,True,ok
28.46039730352143,LIDAR,0.01128971955204694,,0.12393101969626046,True,ok
28.474693494280118,LIDAR,-0.025485403381515503,,0.6277542882674934,True,ok
28.476887512553105,FLOW,-0.02296215540488955,-0.07336628276495327,2.26879954264745,True,ok
28.478311896750174,LIDAR,-0.053472420010880484,,2.7958486336073243,True,ok
28.482238014304773,BARO,0.3521688814880184,,1.0114918670861262,True,ok
28.491554349338244,LIDAR,0.007243488848728941,,0.051032330518470004,True,ok
28.501487896425417,LIDAR,0.0009427960682693026,,0.0008651190880751717,True,ok
28.505645464080782,LIDAR,0.02550807734800742,,0.6391940727639132,True,ok
28.507930801112913,BARO,-0.04033136619017075,,0.013266864596543356,True,ok
28.508725905653193,FLOW,-0.03939473807751215,-0.07527155285022746,2.647696814061292,True,ok
28.520533555847518,FLOW,0.022363126652030108,0.021916321667075855,0.3771593017571118,True,ok
28.52322078767244,LIDAR,-0.03165124342606429,,0.9716370114831256,True,ok
28.52538997287593,CAMERA,0.06426828358666725,0.2948547994807096,5.521039224851033,True,ok
28.531339309173447,FLOW,-0.02646831227629587,0.04220942101885672,0.9795239102223914,True,ok
28.534519500821172,LIDAR,-1.867693668399742,,3380.3112819705443,False,gate
28.540032621762453,BARO,-0.08779000167664108,,0.06284272930723883,True,ok
28.544893483559143,LIDAR,-0.0033746545942263673,,0.010859653417423468,True,ok
28.54601117466888,LIDAR,0.039189182185094484,,1.4919864733557355,True,ok
28.55606931883162,LIDAR,-0.03725777435579802,,1.3495409642017346,True,ok
28.56523820754537,LIDAR,0.03077120086730023,,0.92233197377955,True,ok
28.566929750832685,FLOW,-0.06493474734717042,-0.002470353536222658,1.5635559751973602,True,ok
28.57748990360802,LIDAR,0.04144218173819736,,1.6676824771277903,True,ok
28.58625243169813,FLOW,0.04787092413114902,0.02437961677254663,1.0858428014785029,True,ok
28.588071915734265,LIDAR,-0.013274767739841487,,0.171116926195139,True,ok
28.58948137845569,CAMERA,0.05553059591026965,-0.030369972907878573,0.2508850121689538,True,ok
28.593548637239543,BARO,0.38509740254804514,,1.2094096639840783,True,ok
28.59894130872407,FLOW,0.09772703543669703,0.026480312100033432,3.985056859003838,True,ok
28.604601328203536,LIDAR,0.051835687572407085,,2.5855847430672694,True,ok
28.605942148686534,LIDAR,-0.017548320258966132,,0.30113078326451637,True,ok
28.62215757305969,LIDAR,0.0003809101504077539,,0.00014047610186503353,True,ok
28.62264710743598,FLOW,-0.019658011445143675,-0.053388284228670535,1.2268550726766143,True,ok
28.625957157047417,LIDAR,0.01090346547510146,,0.11637316132861837,True,ok
28.63187379082809,BARO,0.2353776092237756,,0.4518384525250188,True,ok
28.639568010080467,FLOW,-0.02612906278079752,0.021285422492246076,0.4365105800425475,True,ok
28.64490808709367,LIDAR,-0.0035652442023632602,,0.012266094556441771,True,ok
28.650652867898803,LIDAR,0.03235802109828256,,1.019266102813833,True,ok
28.65155840641337,FLOW,0.02937611126191353,0.019913882927315996,0.49718321052364195,True,ok
28.664792259228737,LIDAR,0.02888269723319148,,0.807273571772176,True,ok
28.673740937039465,LIDAR,-0.029453458931469,,0.8422146484704064,True,ok
28.68044097097285,LIDAR,0.04004209073890541,,1.5659828843298227,True,ok
28.687096304223935,BARO,-0.2516821914016103,,0.5165917080821516,True,ok
28.68952041176708,FLOW,-0.05916853246426346,-0.026578420954219695,1.5418232615387468,True,ok
28.694532129254675,LIDAR,-0.011001431509934267,,0.11746016321529096,True,ok
28.698944476883792,LIDAR,-0.012692650554256613,,0.15784698650433931,True,ok
28.705089756301412,FLOW,0.09334648213923957,0.049495411831293856,4.226120616599206,True,ok
28.70601913931756,LIDAR,-0.027930411690454626,,0.7670773099092427,True,ok
28.722117593268663,LIDAR,-0.04165243771048255,,1.687697215285598,True,ok
28.726464598023203,LIDAR,0.014900591173435895,,0.2179629935734384,True,ok
28.72926458127425,BARO,0.24415997567815007,,0.4862131392236615,True,ok
28.729937948140293,FLOW,-0.021732129715108517,0.04546868076845034,0.941478197121422,True,ok
28.741245562023916,LIDAR,-0.03370963456028253,,1.106237378555454,True,ok
28.741481940516714,FLOW,0.03794683542529764,-0.03604784599445887,1.058497345059434,True,ok
28.746334732373146,CAMERA,-0.05344081698119396,-0.2772029840552339,4.808014179237602,True,ok
28.753903190888916,LIDAR,-0.05775179786203122,,3.234963089522987,True,ok
28.756008148632326,LIDAR,0.030912247223298994,,0.939075003246103,True,ok
28.76396122054294,BARO,0.2574947476535745,,0.540741985232955,True,ok
28.766535775718957,LIDAR,0.01147526083683248,,0.12913867129385906,True,ok
28.767155650703256,FLOW,-0.0010395344140214924,-0.020834563617623536,0.16304680039847966,True,ok
28.770329768580247,FLOW,-0.019949551161397405,0.0017224023150536616,0.16118822280216694,True,ok
28.78081051330393,BARO,0.2824972633798666,,0.6507901546930637,True,ok
28.78390245066815,LIDAR,-0.033688093693369225,,1.0995236383613176,True,ok
28.79170989131694,LIDAR,-0.03767044355131466,,1.3813442595391794,True,ok
28.804503821751812,LIDAR,-0.020996542600371537,,0.42747390533317503,True,ok
28.8087293582076,FLOW,-0.058331994383646446,0.062099042588666165,2.6587383470092782,True,ok
28.809135638001557,CAMERA,0.01670534079719488,0.14777636630235857,1.3405249044164724,True,ok
28.813269274020136,LIDAR,0.019791923360599206,,0.3810032457589987,True,ok
28.819124388729925,LIDAR,-0.005941681727300807,,0.03457464655978713,True,ok
28.824018269102424,BARO,0.804832955150319,,5.282886455622841,True,ok
28.826243532673846,FLOW,0.05583132004487723,-0.02122477487864427,1.3436331715565002,True,ok
28.830093193505032,LIDAR,0.03213271670236617,,1.0090464871581568,True,ok
28.841011989623208,LIDAR,0.03368206824105613,,1.106749591870927,True,ok
28.843141669824007,FLOW,-0.09330745507330795,-0.09237112380890028,6.594025816478223,True,ok
28.851248928765923,LIDAR,0.00447146270853116,,0.01949772240769628,True,ok
28.86167130675865,LIDAR,0.00841095401982761,,0.06894731808361802,True,ok
28.865015299754585,BARO,0.20702663201879634,,0.34954785452462434,True,ok
28.869217149548067,FLOW,-0.03173252986708874,0.009966387292914214,0.41366016186688204,True,ok
28.873658830621743,LIDAR,-0.01731627610210351,,0.2914302663072634,True,ok
28.877716259432837,LIDAR,0.019465691422314357,,0.3718755359830803,True,ok
28.886125886808955,FLOW,0.017504158228346167,-0.05504767869063998,1.2628600262997483,True,ok
28.8893960583048,LIDAR,0.05465088229597015,,2.9204066475512835,True,ok
28.89582557909901,FLOW,0.06765946548186585,-0.029831208472957504,2.157583455071682,True,ok
28.89653943614953,LIDAR,0.05289810006034745,,2.746645116637802,True,ok
28.89959063613813,CAMERA,-0.04907499529588222,0.0043551613121630695,0.15449058563024348,True,ok
28.903609173678905,BARO,0.06033110522374807,,0.02968500771648482,True,ok
28.910642562647897,LIDAR,-0.016067907722737473,,0.2515712405033177,True,ok
28.912473842287785,FLOW,0.011337477607364477,0.0940002572335577,3.5119559368021704,True,ok
28.923034871557697,LIDAR,-0.062197118978442045,,3.756430561477342,True,ok
28.932559223503045,FLOW,-0.005148027959731127,0.03808248099883821,0.5690787151864507,True,ok
28.933133748000863,LIDAR,0.037658102542467375,,1.378071242318978,True,ok
28.942813020703877,LIDAR,0.02341085365452278,,0.533244310887744,True,ok
28.951013579246837,BARO,0.0525715924146688,,0.02253850644156763,True,ok
28.9528536092917,LIDAR,0.005661369994982568,,0.031201772346342544,True,ok
28.95802904178464,LIDAR,-0.05893080271936224,,3.4069986142820237,True,ok
28.960877661453413,FLOW,-0.01584580184954154,0.023738301116162097,0.3026243853206374,True,ok
28.967114539157887,LIDAR,-0.007125750572729572,,0.04982820969969619,True,ok
28.982195465658684,LIDAR,-0.01627060272129155,,0.25749226887136395,True,ok
28.985121559997957,FLOW,0.012327187582797716,0.045012207578653096,0.8029185492039563,True,ok
28.99121403414462,LIDAR,-0.009739486254275231,,0.09245339983353076,True,ok
28.996099714909615,LIDAR,-0.012478918956791762,,0.152980912380295,True,ok
29.007924803445043,FLOW,0.07721378783826971,-0.03912550068272308,2.7763793576671567,True,ok
29.009532337860445,BARO,-0.06861639070785408,,0.03839530089161818,True,ok
29.0124368418267,LIDAR,-0.004714474120417034,,0.02159875103510485,True,ok
29.021247191039823,LIDAR,0.008455230093491028,,0.06965049502763192,True,ok
29.02335087620009,FLOW,-0.11062785869736014,-0.04899056742768648,5.581735785600656,True,ok
29.03302575001853,LIDAR,0.015899881693567153,,0.24568524648858067,True,ok
29.03801354524623,LIDAR,0.006561375464951613,,0.04219010972790116,True,ok
29.040584010477293,FLOW,-0.0170914962634634,0.03546020750706885,0.5920972457587332,True,ok
29.041872363071075,CAMERA,0.12384893241996053,-0.016011384708426224,0.9880118927621748,True,ok
29.046050561393326,BARO,-0.03133789614259541,,0.008009111850082988,True,ok
29.047361888620415,LIDAR,0.018649009618412205,,0.34089675065808245,True,ok
29.05657144045622,FLOW,-0.039053342397287416,-0.022150080735511668,0.78188391274324,True,ok
29.05716866304157,LIDAR,-0.003636330046598246,,0.012952688882526068,True,ok
29.066070079602408,LIDAR,0.03223186244341614,,1.0185255446444479,True,ok
29.078492804162682,FLOW,-0.0616614277683496,-0.05204550865298058,2.4846546873660196,True,ok
29.07959904844169,LIDAR,-0.030054058893716373,,0.8799358186275316,True,ok
29.07960899236293,CAMERA,-0.005152093923754819,-0.027317006482372896,0.047209709245067254,True,ok
29.088770176245287,BARO,-0.009998072401790292,,0.0008151803758853607,True,ok
29.090590474820747,FLOW,0.005298348239327844,-0.04282709128935652,0.7246853795573894,True,ok
29.090951169260144,LIDAR,-0.006254560437522372,,0.03804494640397541,True,ok
29.09557049638544,LIDAR,-0.02751202746298187,,0.7425957859521009,True,ok
29.10989383646162,BARO,0.34466865419379067,,0.9687617423265815,True,ok
29.112779582681128,LIDAR,-0.02302705850902287,,0.5140161003997563,True,ok
29.115881502130758,FLOW,-0.0143004198602239,0.03552423894344103,0.5521589925813745,True,ok
29.122215193568778,LIDAR,-0.006332386589528838,,0.038953467535692024,True,ok
29.126418982951616,LIDAR,0.010899401351891047,,0.11651943768670658,True,ok
29.13583934676998,LIDAR,-0.023613501653934055,,0.5468122141881113,True,ok
29.14774749838153,LIDAR,-0.0036975734384507852,,0.013355202751059348,True,ok
29.148036958338185,FLOW,0.05738823414796279,-0.010513558093935838,1.2375162329126013,True,ok
29.15813802345405,FLOW,0.041534829003772256,-0.04384668897060007,1.3933596640457906,True,ok
29.161138776953916,LIDAR,0.04468436285596855,,1.9397817921280605,True,ok
29.162093473294206,BARO,-0.22308174501873967,,0.40586922800613884,True,ok
29.173034304994854,LIDAR,-0.08057678779014976,,6.2948694997037755,True,ok
29.17467328984892,FLOW,0.0077389619653707165,0.09195690202324075,3.269683692006433,True,ok
29.1782071412106,LIDAR,0.06826852938720185,,4.5575770504044115,True,ok
29.194711061564654,LIDAR,-0.005973537738216628,,0.03453148694989878,True,ok
29.19941591676168,CAMERA,-0.031120304141239785,0.014269292726498684,0.07355253749264345,True,ok
29.20145272502171,LIDAR,0.00745050525372859,,0.05407386241350173,True,ok
29.205745835163416,BARO,-0.04248829325397052,,0.01472266002323417,True,ok
29.205895899115824,LIDAR,-0.03793117503283172,,1.4139325247579464,True,ok
29.20791564533953,FLOW,0.1108758434060193,-0.09773091006737905,7.968566926995326,True,ok
29.215933392299377,FLOW,-0.12045571720134962,0.046114861751269276,6.446577569866201,True,ok
29.222555954072547,LIDAR,0.03564698755940654,,1.2344440505451661,True,ok
29.23207478277339,FLOW,0.015559184075411459,-0.024943641581653242,0.3350274230750743,True,ok
29.234144756482696,LIDAR,0.007898249227219711,,0.06050305083724214,True,ok
29.240212348980357,LIDAR,0.00674066562363862,,0.044384053387127524,True,ok
29.249288280123334,BARO,0.14083693033122602,,0.16175687271706266,True,ok
29.25050059094972,LIDAR,0.0075010807667195145,,0.05493049875667981,True,ok
29.261902435501966,LIDAR,0.004690883569831605,,0.02143274560625775,True,ok
29.261955603351346,FLOW,-0.00011734688393083559,0.08310739053350336,2.553305350111195,True,ok
29.266213105562343,LIDAR,0.020465636397136056,,0.4116112384595344,True,ok
29.27716379181965,BARO,-0.08046159615082615,,0.052797619936064806,True,ok
29.283798753209794,LIDAR,0.04990338859015164,,2.4161180961675175,True,ok
29.287050832456906,FLOW,-0.04786925657609542,-0.006101109065042742,0.8608331327926454,True,ok
29.294479075145613,LIDAR,-0.00030018995805303206,,8.743000573304054e-05,True,ok
29.299631719858336,LIDAR,-0.015744618358290552,,0.24255409622437657,True,ok
29.302050273980775,BARO,0.35178872952683093,,1.0093324314053604,True,ok
29.306868010519153,FLOW,-0.025572516465361295,0.04887145810754656,1.1298223729117742,True,ok
29.308720015555185,LIDAR,0.026134198386179364,,0.6688838804793998,True,ok
29.31822131132307,LIDAR,-0.034761343591374505,,1.1833756624714014,True,ok
29.321642442215687,FLOW,-0.0036334203984211833,-0.059956946719814386,1.3727300367541304,True,ok
29.333851589378014,LIDAR,-0.06552445670883067,,4.165512838751297,True,ok
29.33747806151031,LIDAR,-0.017756315615466978,,0.3092045196529453,True,ok
29.340727079185577,CAMERA,-0.08132161541458771,-0.14323211339648578,1.667013309588158,True,ok
29.34645734937689,FLOW,0.03102024352779109,0.0077414610885963575,0.3828642873699116,True,ok
29.350697363558737,FLOW,0.0043901912613026894,0.017980822350063375,0.1355766989043603,True,ok
29.35293326569098,LIDAR,0.00022263397031752064,,4.8157749644717964e-05,True,ok
29.353150060441017,BARO,0.0007497892172749765,,4.585013963972293e-06,True,ok
29.355655502545268,CAMERA,-0.05799479427017218,-0.13511986445644286,1.3376329594002836,True,ok
29.362068901654286,LIDAR,0.045948189372698955,,2.055791845407073,True,ok
29.370300802414814,LIDAR,-0.03804006536999793,,1.4133311624460008,True,ok
29.37854175952176,LIDAR,0.006440130595393168,,0.04060709011283385,True,ok
29.38771764596656,FLOW,0.06165447555049175,-0.022820909797058253,1.586373889011569,True,ok
29.390622535793998,LIDAR,0.0121656386077178,,0.14434395796931243,True,ok
29.397837376239075,LIDAR,0.0024921990599002797,,0.006083371766274174,True,ok
29.401152948990077,FLOW,-0.018298669064444884,-0.04400594334381497,0.861369405149738,True,ok
29.402863618644773,BARO,0.08656940597321805,,0.061120681728824074,True,ok
29.405668630883575,LIDAR,0.020988821438480354,,0.4325954146390497,True,ok
29.413024246959342,FLOW,-0.05272638997479162,0.05844038047740563,2.412242039363523,True,ok
29.419036401975823,LIDAR,-0.040161470325059234,,1.57381161210222,True,ok
29.425885749004085,LIDAR,0.012471816253690537,,0.1524894372356252,True,ok
29.441749744530725,FLOW,0.041999625152664866,-0.004957871200341135,0.6690936352570458,True,ok
29.442942895795177,LIDAR,0.007165027471272456,,0.04974030799879379,True,ok
29.447076147543456,LIDAR,-0.005025973924694949,,0.024727816663835632,True,ok
29.447227259314953,BARO,-0.3742658553968021,,1.1424680903129742,True,ok
29.454513846533256,FLOW,0.03347774623665423,-0.04554263993775026,1.225469965318823,True,ok
29.460564454631292,CAMERA,0.03289097287091636,-0.16572162546891223,1.7357151288714263,True,ok
29.462878826652386,LIDAR,-0.000605283209189178,,0.0003552639140375733,True,ok
29.470721870839903,LIDAR,-0.06844684443180649,,4.563367616266819,True,ok
29.478146115281774,LIDAR,-0.0030784501449296897,,0.009269724169741297,True,ok
29.478704868523245,BARO,0.5789340932144467,,2.7336162706979317,True,ok
29.48517626653599,FLOW,0.06436405981603821,-0.001534791361941179,1.5270545701301537,True,ok
29.489657450658218,LIDAR,0.010848866865007079,,0.11481106300251408,True,ok
29.495879199807337,FLOW,-0.027594932475162537,-0.023872029619417368,0.5115272566205149,True,ok
29.501508063835466,LIDAR,-0.013317056713021191,,0.17250394222793278,True,ok
29.50312503947967,BARO,0.09105986749998074,,0.06762573954550047,True,ok
29.509117262026948,LIDAR,-0.00863107548944475,,0.07277495846609057,True,ok
29.52293852397274,FLOW,-0.09172650682810057,-0.017774597230300393,3.254616709524789,True,ok
29.523658207564083,LIDAR,0.010003759507408283,,0.09705830699528271,True,ok
29.53023861641584,LIDAR,0.01788395565268619,,0.3121773479047518,True,ok
29.53948692154244,LIDAR,0.027959957464649854,,0.7638219924436357,True,ok
29.539768726460654,FLOW,-0.05749525280504342,0.006458658037226228,1.2693555477383522,True,ok
29.544043379317944,BARO,0.015115248635462208,,0.0018633114081203991,True,ok
29.550021377454385,LIDAR,-0.018175854985134965,,0.3224520460522227,True,ok
29.55170940997155,FLOW,-0.049896964408019384,-0.03458476268148625,1.4332676361616927,True,ok
29.56120860087743,LIDAR,-0.07574066679103852,,5.588486151270937,True,ok
29.571945796791034,LIDAR,0.043439376202646596,,1.8366404430039607,True,ok
29.57246566608433,FLOW,0.012287333457240424,0.009397439635790594,0.09157437244784442,True,ok
29.576928842550203,LIDAR,0.010739762744770953,,0.11317236382715194,True,ok
29.58263736922058,BARO,-0.4980077386085666,,2.0227069748850517,True,ok
29.589524963386484,LIDAR,-0.03363390298233382,,1.1044798291836884,True,ok
29.59532832433717,LIDAR,0.007561377551729809,,0.05616738645768325,True,ok
29.59780327016737,CAMERA,0.0879708219663371,0.04818175723655749,0.6380295240916446,True,ok
29.60896003008786,FLOW,0.01995732148856688,0.052977711119524096,1.1457200979864526,True,ok
29.612315449637833,LIDAR,-0.016700811318596465,,0.2707375669341281,True,ok
29.613771444422756,FLOW,0.04580815997109444,-0.016233969740824528,0.9139402591787239,True,ok
29.622823799279093,LIDAR,-0.01006257161635915,,0.09830387630843679,True,ok
29.629513949894488,LIDAR,-0.0025710281631403653,,0.006456059968460717,True,ok
29.63456621843094,FLOW,0.0216735749371344,-0.01693525983586447,0.28819486832089064,True,ok
29.63977344089874,BARO,0.7917995775455813,,5.112733744358469,True,ok
29.640164287275258,LIDAR,0.01207911033707365,,0.14234439711071534,True,ok
29.65255617862794,LIDAR,0.055540828633664496,,2.9984209200070455,True,ok
29.66228573721661,BARO,0.38006718869729506,,1.1779648005377539,True,ok
29.664306653496194,LIDAR,0.017861483651760324,,0.30952364179638664,True,ok
29.6668092048761,LIDAR,0.040044564044830366,,1.5752909079593282,True,ok
29.66913621945173,FLOW,-0.019002993020484915,-0.01080419385319259,0.1731698161942115,True,ok
29.677924446249637,LIDAR,-0.02223778701165413,,0.4843353969113172,True,ok
29.686909043767578,FLOW,0.0912199457797147,0.04420731606411815,3.820349076872138,True,ok
29.69017046607146,LIDAR,0.008585762603112723,,0.07189527820547083,True,ok
29.69560001036992,LIDAR,0.006853533138722057,,0.04613057513823809,True,ok
29.70530146791558,BARO,0.27873142771078907,,0.6335980642795155,True,ok
29.708727688451294,FLOW,0.03833484168154877,0.05194374988258332,1.5461007044326938,True,ok
29.710021467866433,LIDAR,0.0012022883793707528,,0.001408473660267777,True,ok
29.714099460273975,CAMERA,-0.05738802856145497,0.17639385621370973,2.0735274396763996,True,ok
29.717910273599568,FLOW,-0.03938908124001794,0.11131328253997508,5.390169314076193,True,ok
29.724513765064888,LIDAR,1.9520763986494454,,3688.1941147987877,False,gate
29.732450223468994,LIDAR,0.03330556500569548,,1.0603743987434364,True,ok
29.735184453688728,LIDAR,-0.010105685604775427,,0.09915041828267936,True,ok
29.74089251614507,FLOW,-0.04302080937904407,-0.037981694094633534,1.250014869345259,True,ok
29.74742349402216,BARO,0.4648554456928342,,1.762097675477493,True,ok
29.74790124021689,LIDAR,0.01782379208589413,,0.3074794212461524,True,ok
29.764670986802415,LIDAR,0.0002518970827551925,,6.0865902473017806e-05,True,ok
29.766174935416675,LIDAR,0.01878897976964522,,0.34429665901290246,True,ok
29.766496147989702,FLOW,0.006806895491628717,-0.053996136565387376,1.0935727053346245,True,ok
29.774872147868344,FLOW,0.043058957081071325,-0.026420120309289086,0.9918567989200175,True,ok
29.77787343639208,LIDAR,-0.05587416566177117,,3.0370417473372764,True,ok
29.78530292146447,LIDAR,0.03574943658832197,,1.2488448333844862,True,ok
29.790544865084474,BARO,-0.5670108084215573,,2.6220092014796816,True,ok
29.800123551941343,FLOW,0.016960543440327935,0.012827620299550535,0.17043902279073647,True,ok
29.80183104584092,LIDAR,0.025625255819792248,,0.6351450512057029,True,ok
29.806030285116396,LIDAR,0.06030672370326995,,3.555199296948983,True,ok
29.816513230438808,FLOW,-0.07362178046450296,-0.006630677512207972,2.0902772447025004,True,ok
29.822392983448434,LIDAR,-0.0015464487890652912,,0.00231421409389868,True,ok
29.826307861119307,LIDAR,-0.08712787500158914,,7.4265401469129895,True,ok
29.835523616727606,BARO,0.8231137443006911,,5.525263788220292,True,ok
29.836165058055098,LIDAR,-0.02329175621794688,,0.5306252902870877,True,ok
29.839105032802095,FLOW,-0.04401227371473415,-0.026215307364986618,0.9864072280340135,True,ok
29.849548908387856,LIDAR,0.024946500209143796,,0.6052625612101822,True,ok
29.849579793388138,CAMERA,-0.13430012469532215,0.15276041503769244,2.519279231171982,True,ok
29.85581836222802,FLOW,0.06896229347535687,0.027107035101324395,2.090341968947529,True,ok
29.862561190834064,LIDAR,0.07236571316522555,,5.072690350179893,True,ok
29.8689604330738,LIDAR,0.04454590617182319,,1.9355027311149897,True,ok
29.8704989479899,FLOW,0.02756221546952564,-0.05312598437836713,1.3777838588387785,True,ok
29.878307212711775,BARO,-0.018197971919641454,,0.0027006596296520412,True,ok
29.884800314406807,LIDAR,0.023236913545187754,,0.5220434761164982,True,ok
29.890654216091818,LIDAR,-0.05215330140928476,,2.651287386135907,True,ok
29.8909354690146,FLOW,-0.03422110453419269,0.008818083753319439,0.47662357021645596,True,ok
29.89781166041687,LIDAR,-0.020887940186887555,,0.4271960096123657,True,ok
29.91142339798859,LIDAR,0.007906444260269208,,0.06082826119585605,True,ok
29.917714461845286,CAMERA,-0.05349680669733203,-0.20224628103555808,2.6638934807197896,True,ok
29.923794650195244,LIDAR,-0.06146403444264559,,3.6645391325104413,True,ok
29.928484462303935,FLOW,-0.014833193481025075,-0.08716680407972946,2.770769973520351,True,ok
29.928681156344048,BARO,-0.4348926114864238,,1.5423981912423668,True,ok
29.931571676575654,LIDAR,0.04541664136676182,,2.010133020714375,True,ok
29.93981656644661,LIDAR,-0.041974173497592915,,1.7218872972491714,True,ok
29.947594870700282,FLOW,-0.03484217294376335,-0.021019530418616678,0.6068048522102009,True,ok
29.953783982030235,LIDAR,-0.016806906779077924,,0.27430155019308455,True,ok
29.956506510047927,LIDAR,-0.004057025383239932,,0.016175375821095718,True,ok
29.9627908241153,BARO,-0.7160534442348925,,4.181703054279485,True,ok
29.9676354237789,FLOW,-0.04534311910323385,0.004749791629586164,0.770217580746568,True,ok
29.970877926095216,LIDAR,-0.0069594914678834385,,0.04722325380287573,True,ok
29.9732787155429,FLOW,0.012065657140623687,-0.016554338208765645,0.16377686900831318,True,ok
29.978545538736807,LIDAR,-0.007807438418809376,,0.05964844534076001,True,ok
29.98545225619148,LIDAR,0.0320277463854759,,1.0078585945579392,True,ok
29.992276442058472,FLOW,0.01151843900052385,0.030793294196779397,0.41626651222942296,True,ok
29.996523731513562,LIDAR,-0.0387746247218792,,1.4728050838685192,True,ok
30.001854615118546,BARO,0.08991371812460436,,0.06593409718251066,True,ok
30.00530045238179,LIDAR,-0.01820834851267339,,0.32515124377814647,True,ok
30.015915330097187,LIDAR,-0.005243963198990453,,0.026915970435101085,True,ok
30.02221691011476,FLOW,-0.02666451468469,-0.011197953459920529,0.30877259522434275,True,ok
30.030951093135112,LIDAR,0.010095939206640647,,0.09893516588005004,True,ok
30.038975381708433,FLOW,-0.012379533791592179,0.04328631091884755,0.7576906718842926,True,ok
30.041315412828833,BARO,-0.49159919061480206,,1.9707257786466308,True,ok
30.041951648940053,LIDAR,0.06422733823722826,,4.002281143156137,True,ok
30.04373933088475,CAMERA,-0.1703282228515519,0.025172669064709385,1.8773472333909318,True,ok
30.045520538770187,LIDAR,0.007469368945481225,,0.054720525429401264,True,ok
30.05695035946742,LIDAR,0.027210108280989243,,0.7238494630006569,True,ok
30.062346369181764,FLOW,-0.047706958640524544,0.025193230732891814,1.081580257893885,True,ok
30.066630317684908,LIDAR,0.00870321215063763,,0.07405695754845425,True,ok
30.072103015826666,FLOW,-0.04351097330609077,-0.06483671852284989,2.354233128956883,True,ok
30.076254583087877,LIDAR,-0.001918710594500883,,0.003599791325709085,True,ok
30.079651780050074,BARO,0.07670936684790686,,0.047991031253029365,True,ok
30.092232591286436,LIDAR,0.0184724088938526,,0.3304954144560319,True,ok
30.09529399611224,LIDAR,-0.03606690290811043,,1.2751086105473604,True,ok
30.10808818724363,FLOW,0.037193305636487706,0.07457791206525427,2.50207099406134,True,ok
30.108434712563906,LIDAR,-0.0477375765050434,,2.221111101557071,True,ok
30.119269569988244,LIDAR,-0.017865481747535217,,0.31073627559134903,True,ok
30.122531458233823,BARO,0.4433104686321401,,1.6027566615214879,True,ok
30.125179851015496,FLOW,-0.012133877462887854,0.004824001484453888,0.06324687521179553,True,ok
30.129581807004058,LIDAR,-0.015514968719446909,,0.23435191741559488,True,ok
30.136465164816826,CAMERA,-0.04467149107499324,0.058247605073894704,0.3288414518734982,True,ok
30.140458953638348,LIDAR,-0.0809350936609885,,6.371192474754031,True,ok
30.141397734733378,FLOW,0.02223463017628835,-0.059060909404214046,1.4947354867729024,True,ok
30.148818872048114,BARO,-0.5001592311162915,,2.040034951546067,True,ok
30.15260064456959,LIDAR,-0.0009857860059354628,,0.0009427267625684338,True,ok
30.157612999101012,LIDAR,0.0013102293815037136,,0.001679941117969724,True,ok
30.167355132963262,FLOW,-0.04564007189544572,0.0021610647566747687,0.7703410218543185,True,ok
30.170663264698813,LIDAR,0.04347774489160594,,1.8401350345741672,True,ok
30.180660519168118,LIDAR,0.0033812751998492097,,0.01113407425863761,True,ok
30.185097788962153,FLOW,0.10535356421121,0.03780013348635414,4.695828915614279,True,ok
30.188782307478952,LIDAR,-0.009347838919501417,,0.08536885267321564,True,ok
30.192132772024998,BARO,0.07614368492224255,,0.04728559214827937,True,ok
30.201865830802426,FLOW,0.047779152877653885,0.08891662883851187,3.8503749267795837,True,ok
30.203577665782642,LIDAR,-0.012750019049745376,,0.15762624486577673,True,ok
30.212210361330328,LIDAR,-0.0012425160159774684,,0.001501897968212386,True,ok
30.215260591491536,LIDAR,0.03915411558674764,,1.5079758620547765,True,ok
30.223477736994205,FLOW,0.0005064208945924076,-0.021764138863191895,0.17697229268051137,True,ok
30.22553876047531,BARO,0.07060563459427982,,0.040655771331446454,True,ok
30.231474377148935,LIDAR,-0.02321023381329068,,0.5241679578494503,True,ok
30.239293388230244,LIDAR,-0.012365543861139194,,0.14934738304818054,True,ok
30.241229561214748,FLOW,0.010814811768030674,-0.024113210081259995,0.26271075909335506,True,ok
30.244575387475326,CAMERA,0.06904877857812863,-0.20208943514465938,2.7515425082988747,True,ok
30.246622077975513,LIDAR,0.04599323640141684,,2.0739974940428336,True,ok
30.260792858313106,LIDAR,-0.017271927663842224,,0.290350729963063,True,ok
30.269884315254124,FLOW,0.03842663263278889,-0.03250755589008186,0.9242194358179299,True,ok
30.273155347244444,LIDAR,2.0211105352682255,,3963.096256095102,False,gate
30.279144266639033,LIDAR,0.0069017629279444215,,0.045786176500030536,True,ok
30.28658044487351,BARO,-0.2888693164966054,,0.680448246272786,True,ok
30.288626710693684,LIDAR,-0.00012014065889687231,,1.3928965359583054e-05,True,ok
30.289220549943803,FLOW,-0.02842309932355014,0.0308090341164165,0.6490616886831022,True,ok
30.293535520119594,FLOW,0.04244499391549206,0.06291099701767411,2.2600573856391035,True,ok
30.293709651441915,CAMERA,-0.13237196977784293,-0.1346322579886543,2.2388967599719827,True,ok
30.300498357975393,LIDAR,0.06603432683921895,,4.2050225975023015,True,ok
30.307225100867562,LIDAR,0.04003803526196048,,1.5573405028018494,True,ok
30.311788414792826,FLOW,0.027602197425325103,0.04051884834681502,0.9320599103462133,True,ok
30.313263882720122,BARO,0.0076224254551724435,,0.00047382380380262874,True,ok
30.31618702865891,LIDAR,-0.044883189430203085,,1.9620367066668738,True,ok
30.32847169227507,LIDAR,0.04557945018862197,,2.016973856254882,True,ok
30.341023816596184,LIDAR,-0.024866194671569808,,0.5985362160171084,True,ok
30.341474928637425,FLOW,0.0461138103216201,0.009183395031981734,0.8199504131985186,True,ok
30.349711887222735,LIDAR,-0.010667082683846196,,0.11053922024227841,True,ok
30.350974373419312,FLOW,-0.08422690189608661,-0.004465003361648734,2.747518426634214,True,ok
30.358431104862497,LIDAR,0.002409208326280332,,0.005654406136957335,True,ok
30.366768960523157,BARO,0.9954000858545262,,8.080182867532105,True,ok
30.366824907661396,CAMERA,0.1858397187177232,0.23347272865126678,5.577758635120748,True,ok
30.373005200320183,FLOW,0.037350974752702104,-0.007248138861358611,0.5481699375930401,True,ok
30.373915385454698,LIDAR,0.01157082895299455,,0.1293846663677615,True,ok
30.382380932973096,LIDAR,0.017272248183454852,,0.2895371517716284,True,ok
30.391419365644428,LIDAR,0.02231789699959119,,0.48461901895481463,True,ok
30.39318614810562,BARO,0.10825904397869346,,0.09558424447056459,True,ok
30.395738984194917,LIDAR,-0.04057170933072296,,1.6164183719407639,True,ok
30.399581320870595,FLOW,-0.030983632909522107,-0.05901271425663607,1.6314962393615287,True,ok
30.414576038570544,LIDAR,-0.0009883825185088568,,0.0009452823558181504,True,ok
30.41924983959183,LIDAR,0.032608687049627605,,1.0390176328277543,True,ok
30.41926983464836,FLOW,-0.05173909738931104,0.0004480927983511185,0.9959598478194089,True,ok
30.426918986365294,LIDAR,-0.0156627169054393,,0.2404840217332965,True,ok
30.42826442713219,BARO,-0.33769106265878124,,0.9300803451033491,True,ok
30.439179709639294,LIDAR,-0.059358319859627695,,3.4392726183853792,True,ok
30.447623176080544,LIDAR,0.0162065759728236,,0.25695633547259583,True,ok
30.44890003132075,FLOW,-0.018828091720499485,0.007178148098053394,0.14625450474228577,True,ok
30.456275318020303,LIDAR,0.007828305127273172,,0.06004238568481761,True,ok
30.457390773994238,FLOW,0.04400153149621966,0.04369591133642564,1.464037104915755,True,ok
30.463524681233398,CAMERA,-0.17905406758890052,0.1429663105872856,3.275244767792136,True,ok
30.47109337060534,BARO,-0.33814468261953623,,0.932420480278033,True,ok
30.474661731265268,LIDAR,-0.035582908848811545,,1.2238218720221614,True,ok
30.475092592875644,LIDAR,0.035553322730620174,,1.2420145835960923,True,ok
30.479920589630115,FLOW,-0.006069727274711667,0.03469106913902781,0.4625445068457248,True,ok
30.490364067776948,LIDAR,-0.0013328868032624897,,0.001729348382755747,True,ok
30.503143350546623,FLOW,-0.03220414398177396,-0.009391070984176408,0.41729225542926895,True,ok
30.50343202604169,LIDAR,0.005464179165947325,,0.028938725989074914,True,ok
30.513130538438755,LIDAR,0.0297850146689016,,0.8613539881655529,True,ok
30.52177626230496,LIDAR,0.01815561610807581,,0.32100511679095567,True,ok
30.52627323920375,FLOW,0.001608987876077439,0.029579272062824735,0.3213954968030625,True,ok
30.527208316093994,BARO,-0.2412858774195361,,0.4747932359554027,True,ok
30.531269247891366,LIDAR,0.044785566397074206,,1.9556755529401448,True,ok
30.540724349116623,BARO,-0.33401688400613816,,0.9098274441449737,True,ok
30.54485188808477,LIDAR,0.002069803321248287,,0.004155173387636278,True,ok
30.547275927715905,LIDAR,-0.04278977879724488,,1.7984820823112062,True,ok
30.549257023076162,FLOW,-0.006517918962946956,-0.03961634913570966,0.5885868922165289,True,ok
30.560124925525066,CAMERA,0.30329389036107557,-0.03508889066198151,5.944203688829601,True,ok
30.562418440711983,LIDAR,-0.009700163870359546,,0.09158524202551113,True,ok
30.569407912823564,LIDAR,-0.07781090761663556,,5.922764028942687,True,ok
30.569956700850277,FLOW,-0.05593560772869233,-0.0328457361453256,1.551283282995454,True,ok
30.570453805258158,FLOW,-0.0038715863461895594,0.009052043053072945,0.038311370509161224,True,ok
30.578181509723724,LIDAR,-0.010114207270255804,,0.10020237984303934,True,ok
30.5860676457198,LIDAR,0.01539122701927953,,0.23259555406059407,True,ok
30.595659723306664,FLOW,0.12439832379264693,0.02649607124505521,6.1588935223320584,True,ok
30.59754951547448,LIDAR,0.07264516022931033,,5.163616067014667,True,ok
30.598426530537203,BARO,-0.443915482414841,,1.6072339548399837,True,ok
30.609987383653362,LIDAR,-0.030584450700890553,,0.9114074910005117,True,ok
30.61653630372518,FLOW,-0.009808872477689023,-0.03906460330530934,0.6084595468667022,True,ok
30.617754374563916,LIDAR,0.014350805433799074,,0.20138807151489774,True,ok
30.63211683684296,FLOW,-0.027601763454347727,0.008621435623179019,0.3187067428931883,True,ok
30.63414566231158,LIDAR,-0.008994049057945208,,0.07829335054236297,True,ok
30.63669539402592,LIDAR,0.013343308655334951,,0.1745643414418153,True,ok
30.64120777432521,BARO,-0.5140312157765212,,2.154983899403527,True,ok
30.648533944022084,LIDAR,-0.03308491009357306,,1.069296566343636,True,ok
30.657666594487292,LIDAR,-0.03633015046762411,,1.2906862107443633,True,ok
30.659473367585825,FLOW,-0.006965636697475741,0.011168343775443068,0.06348518360420935,True,ok
30.670707474123056,BARO,-0.11249744634361836,,0.10320390580136615,True,ok
30.671689778593606,LIDAR,0.015024964057258394,,0.21932555812851612,True,ok
30.671810162459064,FLOW,-0.04985015590971198,-0.010705188946419197,0.9896126682185752,True,ok
30.683921765370613,LIDAR,-0.014402244549288401,,0.20098938142469983,True,ok
30.688541553572566,LIDAR,-0.03555715116827862,,1.2368367692864817,True,ok
30.69524197004298,FLOW,0.013365270914065475,-0.03361412420139295,0.48507457684102995,True,ok
30.696726046696995,LIDAR,0.015418961801918485,,0.23308918016698,True,ok
30.711270615334396,BARO,-0.21757989728804317,,0.3860536916667528,True,ok
30.714408695030453,LIDAR,-0.023823393380008273,,0.5494790763928016,True,ok
30.718512657430328,LIDAR,0.017759586531436167,,0.3085850986135059,True,ok
30.719100441147475,CAMERA,-0.03677159516610118,-0.011496775702277695,0.09441684281311383,True,ok
30.724676855787646,FLOW,0.00010567820451057308,0.026775377808190726,0.25735966078537603,True,ok
30.725880180026714,LIDAR,0.014782940366969477,,0.21454044421899432,True,ok
30.74196940899532,LIDAR,0.012452170449855693,,0.15063353383259045,True,ok
30.743878206333477,FLOW,0.09934445951066673,0.02890026737203888,3.9384109625098778,True,ok
30.750410262083822,LIDAR,0.023565528369182243,,0.5412166353566821,True,ok
30.755736019777018,BARO,0.24583237813904457,,0.49285775203612076,True,ok
30.759245292447037,FLOW,-0.025225067007184743,-0.09836980589766792,3.863507516892974,True,ok
30.760744762783894,LIDAR,0.005648718215410575,,0.031089955762160067,True,ok
30.76759601467994,LIDAR,-0.00787035243847889,,0.060657138454384994,True,ok
30.77682105294629,LIDAR,-0.011446664909780413,,0.12836238619485763,True,ok
30.777754790349167,CAMERA,-0.23278789828123791,0.2517092500801299,7.264102376837002,True,ok
30.78502721173311,FLOW,-0.05626013025008936,0.008386525475203632,1.189848450904107,True,ok
30.785453425660513,LIDAR,0.002468355427684976,,0.005976317219469907,True,ok
30.802282841262386,LIDAR,-0.019803610058131138,,0.38029099698847424,True,ok
30.806223226819032,BARO,0.6363359515416032,,3.3022468529049775,True,ok
30.806543443391757,FLOW,0.08177729156567515,0.03737344477166721,2.9757525024672056,True,ok
30.814044279968588,LIDAR,-0.039737586254203094,,1.5290179426369632,True,ok
30.818712364570448,LIDAR,0.029664404912544295,,0.8603214007494873,True,ok
30.819481983250377,FLOW,0.02826931923056275,-0.07565205388350163,2.4620024044470443,True,ok
30.82663566086978,LIDAR,-0.006464976262750888,,0.04097328021796646,True,ok
30.831314450025356,BARO,-0.31973036538908817,,0.8337416921480052,True,ok
30.84354265408862,LIDAR,-0.06952438752090284,,4.6848095918648855,True,ok
30.845065897296216,FLOW,-0.02656995288384878,-0.0005136944189567949,0.26081123492739433,True,ok
30.84713372521726,LIDAR,0.04004261395416764,,1.571308574088372,True,ok
30.850004169451132,FLOW,-0.01307739846224898,0.010607907670863309,0.11050985382060871,True,ok
30.855383001668006,LIDAR,-0.00567987466615838,,0.03167077817209705,True,ok
30.872218431544322,FLOW,0.014086972656011998,0.025338506435934577,0.31870702147465685,True,ok
30.872878964471276,LIDAR,-0.003912011826232575,,0.014834932138348293,True,ok
30.875918075864224,LIDAR,0.026662078629176467,,0.697298494993691,True,ok
30.88383555875572,BARO,-0.41689840982853443,,1.4174526810211427,True,ok
30.88708754824825,LIDAR,-0.002710899038440573,,0.007189110900175155,True,ok
30.891142266718944,FLOW,-0.01620661752842656,-0.006247752292224074,0.11428701461713123,True,ok
30.897247733632867,LIDAR,0.028307651815753232,,0.7832665639331726,True,ok
30.90893730861448,CAMERA,-0.21276806879474464,-0.03999802314502654,2.9870279356956013,True,ok
30.911521639193303,LIDAR,-0.027314421953894552,,0.7242215829404358,True,ok
30.91785552177651,FLOW,0.02311181677983387,-0.03740972628043773,0.707539061306355,True,ok
30.92141897827549,LIDAR,0.010583201494025474,,0.10884477635713971,True,ok
30.927388475339193,BARO,-0.7224995894876292,,4.257032121636719,True,ok
30.93211804659057,LIDAR,-0.03214919486494816,,1.004203428500003,True,ok
30.942409239032646,LIDAR,-0.028428894776270752,,0.7855049436740154,True,ok
30.945755537525322,FLOW,-0.09655438357808888,0.025617497889294377,3.5897668340214897,True,ok
30.951314770640714,LIDAR,-0.012189117714853648,,0.1447483859252612,True,ok
30.95322181251401,BARO,0.15427297018392538,,0.19410672583591954,True,ok
30.958486439558783,FLOW,-0.04121380506466665,-0.015863034089900974,0.730171478010215,True,ok
30.96057492519708,LIDAR,-0.002425168361868568,,0.005738481641169354,True,ok
30.973388371606163,LIDAR,-0.03053268897563255,,0.9056418027058184,True,ok
30.97778195223295,FLOW,0.03115514736121594,-0.025007945080345234,0.5956815435806365,True,ok
30.979582010510384,LIDAR,-0.012782881484294517,,0.1597933246974812,True,ok
30.98575028027131,CAMERA,-0.020100867098150843,-0.026007200010602638,0.06736181373348485,True,ok
30.992891318984686,FLOW,-0.0019045299899602686,0.1461382985514155,8.071410320487715,True,ok
30.99434838122129,LIDAR,0.022328957102338176,,0.4838009859545897,True,ok
30.99870479969446,LIDAR,-0.019607283660335373,,0.37666198280514807,True,ok
31.00167526595984,BARO,-0.5616503855112627,,2.5727840261022155,True,ok
31.009882714815095,LIDAR,0.03162285052050784,,0.97729420093449,True,ok
31.01551467379446,LIDAR,0.015260660294887263,,0.2290223583747774,True,ok
31.029318343452296,FLOW,0.017803157441672157,-0.02321915920979975,0.3038033662773888,True,ok
31.03012471032858,LIDAR,-0.002478725929661252,,0.005990879717966921,True,ok
31.031109815057242,BARO,0.18717030193116546,,0.2857209331837289,True,ok
31.032734586792355,FLOW,0.08712260857859233,-0.040111124227874995,3.534797361805115,True,ok
31.043532203351962,LIDAR,0.043154722270451806,,1.8067532736407035,True,ok
31.05053953797466,FLOW,-0.04899056850460859,0.025520035961973553,1.1664719204677696,True,ok
31.051507875121118,LIDAR,-0.003425841764610471,,0.011433851498485224,True,ok
31.05619819096189,LIDAR,0.029564223164514125,,0.8586036634679008,True,ok
31.063186703507544,BARO,-0.3408922924818838,,0.9477454068866518,True,ok
31.068654992941283,CAMERA,-0.08212244360263554,0.024878892962233667,0.4666992625942989,True,ok
31.07253971645088,LIDAR,-0.018728865251467663,,0.34084853302956886,True,ok
31.08099336783374,LIDAR,0.008275293218473312,,0.06675146801805751,True,ok
31.085035153953985,LIDAR,0.020285115385689334,,0.4047846754029458,True,ok
31.08685943575677,FLOW,0.012279996463417708,-0.0031302034799383094,0.057546757084600914,True,ok
31.095724504300545,LIDAR,-0.006509153120449085,,0.04156981126306288,True,ok
31.105186275605842,FLOW,0.008805245809469842,-0.054797584637849034,1.1228060988648354,True,ok
31.10593706946628,LIDAR,-0.028908496027070907,,0.81876346472269,True,ok
31.114824043857503,BARO,0.5511024676775933,,2.4768744551518016,True,ok
31.11727487718381,FLOW,0.045262894939127385,0.10214790338863736,4.71486117452537,True,ok
31.119882549321822,LIDAR,-0.018672254234160413,,0.33929173787574995,True,ok
31.1298518991528,LIDAR,0.01852066864109858,,0.3339726085577286,True,ok
31.13446964728246,FLOW,-0.07041909455576012,0.008254238029540617,1.909379914303756,True,ok
31.139012916936707,LIDAR,0.042388796588658906,,1.7523137079807884,True,ok
31.153245231418126,LIDAR,0.05268624026868185,,2.689677095369137,True,ok
31.155162222027936,BARO,0.27955946891331296,,0.6373734335673269,True,ok
31.162146758486692,LIDAR,0.020161631417387582,,0.39510954848863017,True,ok
31.165104268179768,FLOW,0.02710706374419991,-0.0728188487944818,2.18474725295777,True,ok
31.16706504356091,LIDAR,-0.02049232399116807,,0.4116325431895329,True,ok
31.179093675948486,FLOW,-0.06991776462449772,-0.01798856290009107,1.955296144171814,True,ok
31.18006208190807,LIDAR,-0.014359296851815362,,0.2010078936006321,True,ok
31.191966236334874,LIDAR,-0.015992503426248472,,0.2486368728242569,True,ok
31.193436886804356,BARO,0.6131476145936858,,3.066106655146208,True,ok
31.195529491821187,FLOW,-0.02776716321634165,0.16158593812063035,10.115041670547399,False,gate
31.204098080490706,LIDAR,0.004034477095963052,,0.01578421455969161,True,ok
31.212653779637073,LIDAR,0.0190515022553992,,0.3531667062977852,True,ok
31.217743618545803,LIDAR,-0.02477943825143214,,0.6022242720309035,True,ok
31.225678615814143,FLOW,0.023369044392469673,0.0018113386321421399,0.18796299017775567,True,ok
31.231593786487753,LIDAR,-0.0005720451475426103,,0.0003187481305457195,True,ok
31.23613603137187,FLOW,-0.000601033148218022,0.0313387030445631,0.35869560819838725,True,ok
31.238971989068425,BARO,0.2985963800320066,,0.7271094520513773,True,ok
31.243896591479125,LIDAR,0.04729478181853164,,2.171983916382345,True,ok
31.244168694308122,CAMERA,-0.12275985037869219,0.05370827164990066,1.124786127426881,True,ok
31.254079417760508,LIDAR,-0.0019007057968689622,,0.0035101978945409297,True,ok
31.26368607830425,LIDAR,0.02978991260041086,,0.8634593737846149,True,ok
31.26776386012896,FLOW,0.04805267244704314,0.07727932696001755,2.933980474885372,True,ok
31.271167951025653,LIDAR,-0.023826560446935652,,0.5547702131294537,True,ok
31.2769021793161,CAMERA,-0.11831705659403013,0.021538710116600246,0.9198600983396943,True,ok
31.282403585454563,LIDAR,0.03365981385679051,,1.1047142315489378,True,ok
31.28367976194945,FLOW,-0.006089979049498817,-0.01969126941335314,0.1556460900418876,True,ok
31.284493361213602,BARO,0.6856340178502864,,3.833954558769868,True,ok
31.28665457162297,LIDAR,-0.05941507594010398,,3.472781632973763,True,ok
31.29359651112352,FLOW,0.038852930091348714,-0.028663356610780455,0.8892018322038866,True,ok
31.303833185572287,LIDAR,0.0642995703457645,,4.016722754766212,True,ok
31.31280187456855,LIDAR,-0.0038788906100490905,,0.014652189165361654,True,ok
31.31987591196796,BARO,-0.017977389557895407,,0.0026356332376589737,True,ok
31.320701137597805,FLOW,-0.06924574919373017,0.013405252378891841,1.8367404052759937,True,ok
31.322973914781908,LIDAR,-0.0041579044379518315,,0.01683900392034245,True,ok
31.331927891260136,LIDAR,0.038505740088515594,,1.4468977530822686,True,ok
31.34052845868138,FLOW,0.021885264729068377,-0.016352207994486834,0.2760187801500792,True,ok
31.34058929275237,LIDAR,-0.020893335850459938,,0.4268282142958229,True,ok
31.342394462477024,BARO,-0.2482754723063052,,0.5027351751971117,True,ok
31.352491458059568,LIDAR,0.031394349865686344,,0.9605716752506135,True,ok
31.357632393583952,FLOW,0.012040084549784558,-0.005440778313691469,0.06536437923089386,True,ok
31.35982242805239,LIDAR,-0.0007269514996033344,,0.0005172193689394466,True,ok
31.370246910191337,LIDAR,-0.04026921773957515,,1.5850816311908797,True,ok
31.38032184185778,LIDAR,-0.07228585252635877,,5.104920327079313,True,ok
31.384104301971295,FLOW,0.02456161483540975,-0.04319288663828408,0.8962823823832199,True,ok
31.394324094759394,LIDAR,0.03415950294781522,,1.1327009940608146,True,ok
31.39876093607336,LIDAR,-0.00031347754279575923,,9.629489676313987e-05,True,ok
31.401093037959857,CAMERA,0.07685093787750219,-0.05015935441482133,0.526050069266408,True,ok
31.401994366823438,FLOW,-0.027074595210836216,-0.06399558117683168,1.782194813542878,True,ok
31.408437717871585,LIDAR,0.01431751988120844,,0.20079827796199406,True,ok
31.40966505304656,BARO,0.502798143280605,,2.0618978388351166,True,ok
31.41969015202808,LIDAR,-0.017471551253104955,,0.2982328538299953,True,ok
31.424557022293698,FLOW,-0.017629062140106733,0.04854113877860555,0.9754829020959964,True,ok
31.432609823877236,LIDAR,-0.018366144881213575,,0.327987367133378,True,ok
31.439163903052265,BARO,0.34847260213283704,,0.9903014498262832,True,ok
31.44019598920752,LIDAR,0.06531383967371251,,4.166341533084257,True,ok
31.441503307821495,FLOW,0.0007169894203495897,0.0799040263412795,2.372231991246006,True,ok
31.44971391637406,LIDAR,0.0003547662172005417,,0.00012298223954551127,True,ok
31.454373104683217,FLOW,0.0076505398373831746,0.06871299158555372,1.8167529452970341,True,ok
31.458470854595625,LIDAR,0.011215770574651174,,0.12310884567419574,True,ok
31.469710150886925,CAMERA,-0.046612840767053854,-0.06750431117116484,0.4194661205268534,True,ok
31.471714723679906,LIDAR,-0.007490478498549447,,0.054604393136187,True,ok
31.47553511801949,BARO,-0.7570524834667123,,4.67411687895114,True,ok
31.482582817679756,LIDAR,-0.017474440969586613,,0.2969480313681909,True,ok
31.485988849247384,LIDAR,-0.012510057655926499,,0.15381455611685158,True,ok
31.486117798879334,FLOW,-0.03263293038130288,-0.10200352565521514,4.138804818353267,True,ok
31.490519787802324,FLOW,0.020406668828212293,-0.018630053840564847,0.2941555390693993,True,ok
31.495820501535952,LIDAR,0.0117917120889941,,0.13649751295609192,True,ok
31.50189220453193,BARO,-0.29892759700842086,,0.7287730748407716,True,ok
31.50795064059642,LIDAR,-0.04243721678067125,,1.7602837918425145,True,ok
31.511517190963552,FLOW,-0.007342574931396895,0.03627763490437386,0.5161314695296222,True,ok
31.524038871690905,LIDAR,-0.052984136990504194,,2.7173829778619134,True,ok
31.52893553630542,LIDAR,-0.005145986042482065,,0.025873604286435904,True,ok
31.535919486955507,FLOW,-0.06976744610377072,-0.05411093294327807,2.876908680338143,True,ok
31.538911172732114,LIDAR,-0.010999477591322915,,0.11817936067784635,True,ok
31.55084841040308,LIDAR,0.07160056979824425,,4.991509155080996,True,ok
31.556540484607627,LIDAR,-0.013169014907739918,,0.17002203962109919,True,ok
31.558053586099682,FLOW,0.011678544555130399,0.008646024153595916,0.07753807437019228,True,ok
31.5663333307371,BARO,0.3751208615220363,,1.1475688958583081,True,ok
31.567908643594905,LIDAR,0.014611087506525067,,0.20868736848990807,True,ok
31.577159646658497,LIDAR,-0.013182502724010448,,0.1699968538298726,True,ok
31.58136545914011,FLOW,0.025262660038336993,-0.02437781833244118,0.4483735985943207,True,ok
31.58519154489485,CAMERA,-0.002402582484847926,-0.19284053269316725,2.2667739567664906,True,ok
31.58698152819053,LIDAR,-0.008635601113759162,,0.07293027508789521,True,ok
31.587387739709406,BARO,0.23066348856700536,,0.43394760699460366,True,ok
31.59884782930807,LIDAR,-0.008288232201185242,,0.06696338078971274,True,ok
31.599023355498964,FLOW,0.08969404766538469,-0.017809483435668017,3.096321852589122,True,ok
31.60580384663811,LIDAR,0.022220941837435504,,0.483617631106473,True,ok
31.61398954577552,FLOW,0.06935101563219215,0.0647273328315994,3.3892812617236903,True,ok
31.624685458082144,LIDAR,-0.040083319473448675,,1.5511100096773145,True,ok
31.62551279829241,LIDAR,0.020938050313090262,,0.4301093798550919,True,ok
31.636835023888423,BARO,0.3027153228000259,,0.7473066765461805,True,ok
31.637650187973335,FLOW,-0.045197713315719534,-0.043476934953110224,1.4525112216822587,True,ok
31.644899681622498,LIDAR,0.008273710809664436,,0.06613669945152148,True,ok
31.65089170416658,LIDAR,-0.037844205488636096,,1.3949414664520114,True,ok
31.651383100013568,FLOW,-0.0020814537727600335,0.029632097558008996,0.3320845157056189,True,ok
31.660515654358274,LIDAR,0.01933961920649807,,0.36461362783603174,True,ok
31.66718501751687,CAMERA,-0.03773204202934011,0.2460990836621817,3.7858278757072297,True,ok
31.667833251837287,LIDAR,0.03696270297896742,,1.3374892510336596,True,ok
31.67786727606799,LIDAR,-0.000398659634627041,,0.00015547118307040854,True,ok
31.68493637926806,FLOW,0.008860787047387353,0.026223415622398882,0.2734704019833394,True,ok
31.68925101297294,BARO,-0.34576869281806033,,0.9749727484735294,True,ok
31.6919506218503,LIDAR,0.026748503101899246,,0.6952734173774028,True,ok
31.695292389342956,FLOW,-0.07503345768578984,0.014653201148614264,2.197474677388548,True,ok
31.699954432205857,LIDAR,-0.0042296912982688895,,0.01745121591450249,True,ok
31.710469652342177,FLOW,0.07733143694975042,0.050250319674075866,3.229053954219582,True,ok
31.710657430072565,LIDAR,0.00113577388175079,,0.0012569801308904424,True,ok
31.71697004404563,LIDAR,-0.03252983167623569,,1.0371264717647422,True,ok
31.722837357977188,BARO,-0.1026834323705641,,0.08599188977039772,True,ok
31.725778456072412,LIDAR,0.0697561949225709,,4.773865254679548,True,ok
31.7401275202903,FLOW,0.15911969114935554,0.011034523603771551,9.272794156949459,False,gate
31.74202348787116,LIDAR,0.00021542346320790884,,4.5048536309936734e-05,True,ok
31.747569126812,LIDAR,0.007468442946573894,,0.05456622358224987,True,ok
31.755770907091325,LIDAR,0.022198746962522442,,0.48312737168511666,True,ok
31.760496747076854,BARO,-0.11447735740533194,,0.1068815983702575,True,ok
31.76599189517875,FLOW,-0.01937924715335959,-0.052069261091705316,1.027363883331273,True,ok
31.767790189305014,LIDAR,-0.07355891627299904,,5.284102289907986,True,ok
31.774696274172555,FLOW,0.040402011126855264,0.005254020745028426,0.6043867482257009,True,ok
31.78330822720888,LIDAR,-0.040408387532017365,,1.5807744071285272,True,ok
31.79297742032696,LIDAR,-0.027863454699524226,,0.7531366496087416,True,ok
31.794120907089972,BARO,-0.19327074285389934,,0.3046387686401764,True,ok
31.795336607133198,LIDAR,0.03142708677139128,,0.9704652896896079,True,ok
31.79603416234692,CAMERA,-0.11317810189373034,-0.08666260699425976,1.279740066099531,True,ok
31.80388505475158,FLOW,-0.08041452690674533,-0.03307967042506524,2.6878303949613596,True,ok
31.814666488797716,LIDAR,0.004885301142023124,,0.023087123055040255,True,ok
31.82153572898368,LIDAR,0.02725523749098402,,0.723274495536248,True,ok
31.824946747558176,FLOW,0.06661039163971871,0.051390495902494754,2.551177672405464,True,ok
31.831332547833146,LIDAR,0.0006801152807804911,,0.00045067601282627835,True,ok
31.834272708261725,FLOW,-0.036421094880608074,0.015229351552665027,0.5892573317551291,True,ok
31.840391888221706,BARO,0.39225182081883814,,1.2547354259920642,True,ok
31.840806853624255,LIDAR,0.025816684497597997,,0.6501375491419268,True,ok
31.846462052018776,LIDAR,-0.032059304096971886,,1.0091900975788497,True,ok
31.854499971118795,FLOW,0.05614364491171098,0.03395311351777644,1.6124864437888644,True,ok
31.85891280965798,LIDAR,0.0024658166952939986,,0.005940686851697396,True,ok
31.867156261855882,BARO,0.3578962488525743,,1.0445978317217144,True,ok
31.869096072164332,LIDAR,0.004360905088650835,,0.01857216441633908,True,ok
31.879397806300545,LIDAR,0.011978545618205771,,0.14002998196070135,True,ok
31.88491257092899,FLOW,-0.022891206542074105,0.03291731787162505,0.5767881691995129,True,ok
31.890881960386327,CAMERA,-0.03829003485272153,-0.14637669600241843,1.4023346550241793,True,ok
31.892594927761046,LIDAR,-0.02045825653075717,,0.40642985096404427,True,ok
31.902507406398694,LIDAR,-0.05514130538485951,,2.9556214444423285,True,ok
31.907427345004248,FLOW,-0.022838025169777065,-0.04156041179988024,0.8094273956221684,True,ok
31.91267260587344,LIDAR,0.007659558485404894,,0.05705481148511259,True,ok
31.918017520212562,LIDAR,-0.013437045378501544,,0.17694104480701955,True,ok
31.919102426972493,BARO,0.18064245060979367,,0.266146940543137,True,ok
31.923958755761753,FLOW,0.031390300381972214,0.0008684070859570903,0.3641899574194415,True,ok
31.929217503103963,LIDAR,-0.018449556366700648,,0.3327080172112066,True,ok
31.931513358195918,FLOW,-0.09129200150748518,0.012250159872348287,3.2700970749360927,True,ok
31.942915536781488,BARO,-0.13248133189132938,,0.14312490467149347,True,ok
31.943864966531276,LIDAR,0.025589590531489126,,0.6353584317947953,True,ok
31.952790614876246,LIDAR,0.03372268366851472,,1.106400788159983,True,ok
31.95434881611555,FLOW,-0.07374708354190451,-0.07823252949384837,4.336773927571544,True,ok
31.956628629671926,LIDAR,-0.026367300423560724,,0.6830974980115266,True,ok
31.968697879220908,LIDAR,0.04746224733580018,,2.203423517880444,True,ok
31.97253313533548,CAMERA,0.055089465114967595,0.042350803414974436,0.3047644402172652,True,ok
31.97650548068845,FLOW,0.022261647721823374,0.004739496469942428,0.19214455369865896,True,ok
31.976506080065466,LIDAR,-0.034946714518839794,,1.1979131093792115,True,ok
31.98389909331836,BARO,0.2144740407587511,,0.3751459598241684,True,ok
31.990194357174904,FLOW,0.03167832916983415,0.013039705904742765,0.4439580479875303,True,ok
31.992296950326946,LIDAR,0.04274884327128836,,1.7750792013213468,True,ok
32.003237554148214,LIDAR,0.04151757542488532,,1.6732751773578425,True,ok
32.01170804280002,LIDAR,0.007809424641763929,,0.059398583212763395,True,ok
32.01435719186292,FLOW,0.04585518878235528,-0.02797523480838035,1.0664618461932471,True,ok
32.01702638003016,LIDAR,-0.04825952049168425,,2.2851829633364433,True,ok
32.025816392740296,LIDAR,-0.006036807209336192,,0.03578319158324605,True,ok
32.03385766650062,FLOW,0.04902749362319758,-0.035931194279831324,1.3664196859605249,True,ok
32.037112288638184,LIDAR,-0.07530942384939587,,5.550988868756013,True,ok
32.04111283179295,BARO,0.24100103740666245,,0.4736969687127314,True,ok
32.052246270265655,LIDAR,0.04607623398696248,,2.0605396648233163,True,ok
32.0634195392121,LIDAR,-0.04332991588780155,,1.8207455775978825,True,ok
32.06632423081806,BARO,-0.48790096923966386,,1.9413593354457235,True,ok
32.06932092535172,FLOW,-0.0789230881564722,-0.0024165311708803094,2.1911718564023492,True,ok
32.06962194171291,LIDAR,0.044290808349657595,,1.9159150900531499,True,ok
32.083404333241674,LIDAR,-0.01822977917732871,,0.3226239635764414,True,ok
32.08374091544843,FLOW,0.08440804181922434,0.06901092839929782,4.3491491365660355,True,ok
32.08747488932522,LIDAR,-0.06320467003694041,,3.9170824364189984,True,ok
32.09699293852013,FLOW,-0.012285360896092667,-0.07057337293033028,1.922501836908195,True,ok
32.097077319864965,LIDAR,-0.015841349500400614,,0.24596995744858877,True,ok
32.099017596183806,CAMERA,0.059725479551289595,-0.08528390115564921,0.666778764062901,True,ok
32.1082265700852,LIDAR,0.02845807593297689,,0.7916887147756935,True,ok
32.11861002951305,BARO,0.4329930902325887,,1.528926228910605,True,ok
32.12074756466516,LIDAR,0.04415101498522089,,1.8977013130354994,True,ok
32.12587715376051,LIDAR,-0.009044838556812707,,0.08026518122176451,True,ok
32.12922629036785,FLOW,-0.013508625053380907,-0.027094147857138207,0.3275974399313374,True,ok
32.13866665502655,LIDAR,0.03190983147057169,,0.9937058821724417,True,ok
32.14862333538396,LIDAR,0.023041821734113732,,0.5181202206645504,True,ok
32.14917434142764,FLOW,0.061892332867124145,-0.02039190186853687,1.5443369309222845,True,ok
32.16169913354317,LIDAR,-0.029188047571572895,,0.8274178651786278,True,ok
32.16532895637801,FLOW,0.0144045341368646,0.06118682216535781,1.4607981739909472,True,ok
32.16761027799234,LIDAR,0.005058365135840681,,0.025027486925707776,True,ok
32.16939422333328,BARO,-0.09678564068023343,,0.07640022660073267,True,ok
32.18009888684381,LIDAR,0.013197989284421396,,0.16966086844115028,True,ok
32.185266338577605,FLOW,-0.07356497499618508,0.06331814968068752,3.4853430424580347,True,ok
32.1903119953632,FLOW,0.007734867337197304,0.0027578360211345243,0.026264542269231504,True,ok
32.19347828637856,LIDAR,0.014003398759156571,,0.19006656094751154,True,ok
32.19649029009336,LIDAR,-0.06126180565796613,,3.6812275961054346,True,ok
32.20592620182738,LIDAR,0.018318279440800556,,0.3290763376916199,True,ok
32.207743895896456,BARO,-0.3169440926080864,,0.8193044355802792,True,ok
32.215754176967465,CAMERA,-0.09189103309028468,0.04584935761270925,0.6625256638566475,True,ok
32.216391261791706,FLOW,-0.04449489313086885,-0.0077497515890328494,0.7623328902649718,True,ok
32.22023591106714,LIDAR,0.00823645408211604,,0.06603311755437553,True,ok
32.23073916452601,BARO,-0.24034261302333704,,0.4710564181983904,True,ok
32.23092960383455,LIDAR,0.042879612145777735,,1.7887887718980504,True,ok
32.2391867846017,FLOW,0.017436762616292567,-0.028774107413933825,0.4158042380089676,True,ok
32.24131352252384,LIDAR,0.03794673708871166,,1.4008047072410788,True,ok
32.25139989124357,LIDAR,-0.003369685466317218,,0.011050532657850113,True,ok
32.25699779716419,LIDAR,0.03149985151618262,,0.9725792150401507,True,ok
32.26394774891655,FLOW,0.03788574091759722,-0.05836957110745701,1.754382734665623,True,ok
32.26668660662401,LIDAR,-0.052086469954735204,,2.658054217001231,True,ok
32.27513261000275,CAMERA,-0.07366811278023278,0.05634897995608634,0.5385046300855322,True,ok
32.27774384088026,BARO,-0.3529230295485615,,1.015751506208485,True,ok
32.28156800177938,LIDAR,-0.04263310470032877,,1.766302199726105,True,ok
32.287000891324574,FLOW,-0.05270150061996137,0.02295455472652838,1.1952384887488061,True,ok
32.29110659128099,LIDAR,0.002263366304316783,,0.0049855244749848916,True,ok
32.29655017980961,FLOW,0.03743483593352148,0.032157527217652554,0.9202705991024794,True,ok
32.29737114613711,LIDAR,-0.023749272831054657,,0.5522911951898279,True,ok
32.30741803745542,LIDAR,0.05377634717719815,,2.8294558705653765,True,ok
32.317214167744915,FLOW,0.0365762578850477,0.038572950335934386,1.0550569343996976,True,ok
32.32190443088267,LIDAR,0.02471879154349299,,0.5934002928312558,True,ok
32.32439556126684,BARO,0.2599675690041505,,0.5511720355692276,True,ok
32.33290731480455,LIDAR,0.013089624595330474,,0.16630544634888017,True,ok
32.336346256042496,FLOW,0.011017199101932329,-0.023953753481462503,0.25866087742683114,True,ok
32.338604793976295,LIDAR,0.011884411540135531,,0.13812967849655114,True,ok
32.347727625433706,LIDAR,-0.04621375376536596,,2.0904403735573744,True,ok
32.35777252083705,LIDAR,0.014387842071183599,,0.20247578481304457,True,ok
32.358705633221476,BARO,0.3048423596720231,,0.7579277703969046,True,ok
32.36418532299862,FLOW,-0.03788116565421484,0.023503333353555478,0.7185798751497211,True,ok
32.37145879392663,LIDAR,-0.02712932066560736,,0.7155403621057147,True,ok
32.3806369713689,LIDAR,-0.0036657518860883087,,0.013089242989701313,True,ok
32.3838196295216,FLOW,-0.012237196922294968,-0.003260560840288723,0.05862746661175879,True,ok
32.38584126253213,LIDAR,-0.02997173248281415,,0.881643272453552,True,ok
32.39957891858175,BARO,0.08811797153382495,,0.06332086289027962,True,ok
32.4001531107313,CAMERA,-0.09480884530015743,0.14868991797586384,1.913397092521339,True,ok
32.402127680209944,FLOW,0.03701781595389475,0.024103729629077586,0.7196181249073991,True,ok
32.40496868570519,LIDAR,-0.020596689044301897,,0.41015770329081536,True,ok
32.40925937936452,LIDAR,-0.032428512789813624,,1.0275009659051733,True,ok
32.41106121277074,FLOW,-0.04923248280025461,-0.027968121613448527,1.2271543408028325,True,ok
32.41595199124585,LIDAR,-0.016714100559160006,,0.27423951801815505,True,ok
32.4318552178884,LIDAR,-0.018098462700208984,,0.3182905582181866,True,ok
32.434149309524244,FLOW,0.011235340676111427,0.02122548389265641,0.21457952369951955,True,ok
32.444228058037126,LIDAR,-0.027258395922207246,,0.7199228840181896,True,ok
32.44461813891229,BARO,-0.2176219954247629,,0.38624177197335335,True,ok
32.447036528596406,LIDAR,-0.02823895028392709,,0.7822961895352994,True,ok
32.457676339617976,FLOW,0.06263339690714242,-0.020064205270168445,1.585317572478998,True,ok
32.461660640070285,LIDAR,-0.04968295129610123,,2.401982775969479,True,ok
32.46500870244803,LIDAR,0.0381160845445927,,1.4287471418131243,True,ok
32.479940765628555,LIDAR,0.04013761891794676,,1.570118257983946,True,ok
32.48458788176901,BARO,-0.0859130792243552,,0.06019574059720376,True,ok
32.487541335550006,LIDAR,-0.014208075250283336,,0.19751815861056038,True,ok
32.48928552945122,FLOW,-0.04843835808176733,0.0021119055555746113,0.8319222186128814,True,ok
32.49340973947456,FLOW,-0.08951470797919803,0.06676849309811947,4.734564935018501,True,ok
32.50268665506343,LIDAR,-0.004648718841355759,,0.02096679449553886,True,ok
32.50620578140222,LIDAR,-0.027588692009802074,,0.7465801348869162,True,ok
32.51141409111539,FLOW,0.014636842996830435,0.05005212457495384,1.0243553697131367,True,ok
32.515225729659605,LIDAR,-0.003103837623902095,,0.009453608230392803,True,ok
32.51892680353814,CAMERA,-0.021633052829919563,-0.012459143312232968,0.0393713338989635,True,ok
32.52772012721598,BARO,-1.0371505342856122,,8.772185616479602,True,ok
32.53431043623497,LIDAR,0.019403313088496077,,0.3639763824315494,True,ok
32.538240485145494,FLOW,0.05058019476863196,-0.02397530399875239,1.1449774832137385,True,ok
32.54217688817503,LIDAR,0.044301351956370194,,1.9070542853467396,True,ok
32.54619898925344,BARO,0.25800496680276863,,0.5428729497012208,True,ok
32.55059202796644,FLOW,-0.04006181477791704,0.0005784417842359946,0.6053843070708292,True,ok
32.55359600788278,LIDAR,0.0648926334252824,,4.086550815809825,True,ok
32.56489853200673,LIDAR,0.010431330584520726,,0.10549291059821413,True,ok
32.5703049087847,FLOW,0.05782601206228377,-0.028321884246275103,1.5514964809121905,True,ok
32.572758654481554,LIDAR,0.03541705511456872,,1.2215965450411144,True,ok
32.578140691705656,LIDAR,-0.007146588049625979,,0.0501054714612987,True,ok
32.58816293377229,LIDAR,-0.03363890095460231,,1.1088946282944718,True,ok
32.59285466698006,CAMERA,0.094528595303629,0.13949129051239817,1.766106970887952,True,ok
32.59613240051253,LIDAR,-0.02396348999981912,,0.5639728958615761,True,ok
32.597861907112275,FLOW,0.051600588317683105,0.034051534991763444,1.386402501270024,True,ok
32.603717942363964,BARO,-0.2566095928018388,,0.5370308201461488,True,ok
32.61173764879115,LIDAR,-0.05004677143968017,,2.4361205490267115,True,ok
32.62178550387202,LIDAR,0.013412763133448191,,0.1750649757200064,True,ok
32.62572595528476,LIDAR,-0.034131728113704796,,1.144655555407706,True,ok
32.62825424808948,FLOW,-0.02232558479615432,-0.009408145007107294,0.20708898931188363,True,ok
32.63064318298013,FLOW,-0.011477840130560635,0.019561753246561647,0.19591201968384908,True,ok
32.63504069590228,BARO,0.38872492798435054,,1.2323390780439152,True,ok
32.639424843568165,LIDAR,-0.03175649354727961,,0.9841104208525417,True,ok
32.646236636451434,LIDAR,-0.008179462687040395,,0.06559850370764672,True,ok
32.65016978943675,FLOW,0.0386747808261505,-0.07573298025160095,2.7173509851237907,True,ok
32.658091745346134,LIDAR,0.0271397787374692,,0.719462066459869,True,ok
32.660411211917925,CAMERA,-0.010669491307019996,0.11174705085557157,0.7743073722162911,True,ok
32.66980113540154,LIDAR,-0.04237303906541934,,1.7487448342495993,True,ok
32.6813200195092,FLOW,-0.06020902626927649,0.0021753791752366636,1.3064582025338605,True,ok
32.682291957056584,LIDAR,0.04633424861119506,,2.0836274980157152,True,ok
32.684257151274025,BARO,-0.06954226266215979,,0.03944096265130223,True,ok
32.6881924167441,LIDAR,0.028539732330531642,,0.7963716714296698,True,ok
32.70292085735247,FLOW,0.007033847784571501,-0.0005220606946350625,0.018020469149656878,True,ok
32.703909870378666,LIDAR,0.0011550423361148532,,0.0012924559581451046,True,ok
32.70426096380956,BARO,-0.15771110775874542,,0.20285140445412814,True,ok
32.70668532990125,LIDAR,0.021577094052213308,,0.45669919307229395,True,ok
32.71741808350949,FLOW,0.06576526206721467,0.018152999126223757,1.7317279489052297,True,ok
32.72252193040632,LIDAR,0.025706085916333166,,0.6417897341558074,True,ok
32.72574968060222,LIDAR,-0.00048372222529424747,,0.0002298020836899029,True,ok
32.73790589606291,FLOW,-0.03883713570555014,-0.03216067446089475,0.9406981352075425,True,ok
32.73973854581355,LIDAR,0.011514353841035607,,0.1292575424800362,True,ok
32.75165064239383,LIDAR,0.019793414160545364,,0.38088461161585996,True,ok
32.76271831584042,LIDAR,0.007053689225477555,,0.048323838076486644,True,ok
32.76299242766001,FLOW,0.03513180091035806,0.05683309466461037,1.6198172604743721,True,ok
32.76423615237059,BARO,0.13342321804986668,,0.14518345721447629,True,ok
32.76907115779156,LIDAR,-0.04243453920670781,,1.7603745149701142,True,ok
32.77573275202681,LIDAR,-0.001650089454535486,,0.0026741760799374997,True,ok
32.7840021860886,CAMERA,-0.041499490565222175,-0.25789067570891033,4.186428874884137,True,ok
32.788921280373486,FLOW,-0.07453890648019224,0.06358232135567893,3.4358197574709486,True,ok
32.78931028911719,LIDAR,0.012568018110635126,,0.1540968802521411,True,ok
32.80044500328639,LIDAR,-0.04041358557275032,,1.59057023805749,True,ok
32.8028582064892,BARO,0.199920543414827,,0.32596571310870937,True,ok
32.80466863456869,FLOW,0.0461768732794301,-0.05940567764739742,2.078264364350004,True,ok
32.810846598609686,LIDAR,-0.01622663796682078,,0.2563746860471579,True,ok
32.81153549189698,FLOW,0.008486144509411542,-0.002284759518126539,0.02972914445079899,True,ok
32.815850500464634,LIDAR,-0.017012127988523584,,0.28404201715344723,True,ok
32.831160047388416,BARO,0.25719817625281527,,0.5394421015573677,True,ok
32.83471221531024,LIDAR,-0.04236354537917908,,1.735873350940532,True,ok
32.84159700183745,LIDAR,-0.007691961035576345,,0.057600280037733854,True,ok
32.84305727726403,FLOW,-0.035880781195303024,0.059569934970794075,1.7525226258486337,True,ok
32.848547030936395,LIDAR,-0.008132407070507774,,0.06471051664700649,True,ok
32.858749495478115,FLOW,-0.011013095744198953,-0.06730991995202482,1.719859051845352,True,ok
32.860808778503525,LIDAR,0.03279478321779061,,1.0480926421500525,True,ok
32.865195529510316,LIDAR,0.06398210916247482,,4.024206766837694,True,ok
32.86537225695676,CAMERA,-0.09344949648990308,-0.1650488915358319,2.236710416353694,True,ok
32.874439502012905,BARO,0.18970491177504245,,0.2934974731460124,True,ok
32.87938944325998,LIDAR,0.04004910373347759,,1.564614017008768,True,ok
32.887168052869576,FLOW,0.023772093480481482,0.007526552985944929,0.2242021671972041,True,ok
32.890769928965184,FLOW,-0.006595993096015329,-0.025974611353724072,0.2756243180588821,True,ok
32.89207001112724,LIDAR,-0.012913525046538421,,0.16200472837654434,True,ok
32.89789526777781,LIDAR,0.03397916743882945,,1.129735887434106,True,ok
32.912166212270385,LIDAR,-0.014538961444168219,,0.20536705719062107,True,ok
32.91579823490685,BARO,-0.2150858495589132,,0.37728317703068587,True,ok
32.92015491288994,FLOW,-0.027716686800214996,0.017092914609051157,0.38821785678333254,True,ok
32.92077110571648,LIDAR,0.0007303691870550466,,0.0005198420146586669,True,ok
32.92664394666008,LIDAR,0.038433748052256966,,1.4488223783653276,True,ok
32.93806238282682,LIDAR,-0.012066648714635697,,0.14235709328414126,True,ok
32.948599861402585,FLOW,-0.0023652827758551265,-0.015243794203457894,0.08471797756578714,True,ok
32.951562248924695,LIDAR,-0.05100095951640782,,2.5284274245754297,True,ok
32.957432253667484,LIDAR,-0.006578961757448987,,0.04236807942289362,True,ok
32.963128107945366,BARO,-0.07317108201070477,,0.04366495323974385,True,ok
32.966064308737266,LIDAR,0.0682239839735237,,4.5630400382442495,True,ok
32.96884620229937,FLOW,-0.0065388790044982326,-0.026924441303153163,0.2770007554325235,True,ok
32.97766350692638,LIDAR,-0.007204689681533427,,0.050715795547500525,True,ok
32.980546155130874,BARO,0.3997035700569982,,1.3029862532788925,True,ok
32.985495496766276,FLOW,0.03113594628749694,-0.049368968574673586,1.2536220839710337,True,ok
32.99088302830719,LIDAR,-0.02519499882309084,,0.6170402633867776,True,ok
33.000818846087654,LIDAR,-0.03844529673396435,,1.437849217429763,True,ok
33.00304532497078,FLOW,-0.010848536182681112,0.032719828632149284,0.4400879469240434,True,ok
33.00947282869205,LIDAR,0.0228417632215967,,0.5088757082329339,True,ok
33.01702040080504,LIDAR,-0.05231307368781968,,2.679184199559822,True,ok
33.02597434880187,FLOW,-0.018755673112255344,-0.04251493130647267,0.7891659066436241,True,ok
33.03068163958339,LIDAR,0.04799241220640038,,2.2408033777628544,True,ok
33.03610137027949,LIDAR,0.009854729454041866,,0.09519140675077195,True,ok
33.03945848469713,FLOW,0.1183610549167704,-0.04165276239061554,5.913898080452931,True,ok
33.04279195396868,CAMERA,-0.06863710738403483,-0.10304250825175121,0.9469809520371508,True,ok
33.047567540754414,BARO,0.3212057952507372,,0.8413821557729554,True,ok
33.05253150432843,LIDAR,-0.05739523157472082,,3.1948414278442607,True,ok
33.05475276534757,FLOW,-0.04160263617743043,0.035057564646634704,1.118756700897658,True,ok
33.063799463498945,LIDAR,0.06788834851552483,,4.466215243239749,True,ok
33.07079201888674,LIDAR,-0.03291595330655728,,1.056173551945553,True,ok
33.07885373977614,LIDAR,0.020897655385016645,,0.42702891663383,True,ok
33.08224025658311,BARO,0.0779678579751133,,0.04957863847802723,True,ok
33.08312533337413,FLOW,-0.05826414483102216,-0.004852765352208965,1.2458369936930358,True,ok
33.09077966118387,LIDAR,0.05751423078034046,,3.2239347963081615,True,ok
33.09689872965947,LIDAR,0.022292507428456343,,0.4872879365120705,True,ok
33.102819875310466,FLOW,-0.013505522864348807,0.05459579017067448,1.1564089727914215,True,ok
33.10519741549995,BARO,-0.5812248667110955,,2.75507437903701,True,ok
33.11468630438049,LIDAR,-0.06007951146371715,,3.4943940008086543,True,ok
33.115623301251645,LIDAR,-0.006348223730412439,,0.039615851416941086,True,ok
33.11881495460529,FLOW,-0.03825136014290087,0.07336626258201846,2.5409109849511577,True,ok
33.12824913275631,LIDAR,0.02081056619843924,,0.4234274251061386,True,ok
33.13799176633988,FLOW,-0.028703070761319616,-0.0521196811831995,1.3129802152564065,True,ok
33.138870148326504,LIDAR,0.03246554770053178,,1.029092744024385,True,ok
33.14160389637047,CAMERA,-0.01018135000774123,0.05016657414962111,0.1595591329142014,True,ok
33.1466957089655,LIDAR,-0.05865670623999408,,3.369766476422671,True,ok
33.15831380658757,LIDAR,-0.029294694743204452,,0.8377973904865617,True,ok
33.16709376254261,BARO,0.1640192796696316,,0.21939125045865113,True,ok
33.16884394839157,FLOW,0.009713329433763018,-0.09283891575825803,3.096779146561639,True,ok
33.171847699436846,LIDAR,0.010678992901217654,,0.11072777873167015,True,ok
33.17526033158875,FLOW,0.040669052089703284,-0.026976911032658056,0.9012734801516251,True,ok
33.18495737045221,LIDAR,-0.03583586949506712,,1.242076170698796,True,ok
33.185923394373006,CAMERA,-0.030701350594235066,0.10838749193596131,0.7808332495715057,True,ok
33.18912879233513,LIDAR,-0.008015996493653699,,0.06281226039298836,True,ok
33.19788617880117,LIDAR,-0.0018195568921073324,,0.003241192638770616,True,ok
33.20200336521693,FLOW,0.03146030676297795,0.08223246332891648,2.8281211674157514,True,ok
33.20544620774213,BARO,0.01512087546246521,,0.0018646536816051718,True,ok
33.21471861270953,LIDAR,0.0241592086732898,,0.56513326587904,True,ok
33.219623119986814,FLOW,-0.06587286765444156,0.06138338103397313,2.9951409108087894,True,ok
33.221359172125595,LIDAR,0.013269544552979795,,0.1716252273138962,True,ok
33.2293008763502,LIDAR,0.006074730068307499,,0.03608715698201573,True,ok
33.23284206368421,FLOW,-0.02167141206933243,-0.018924801599413815,0.31254235749320186,True,ok
33.24311398088194,LIDAR,-0.04549936327084403,,2.0117614403765445,True,ok
33.24623775644851,LIDAR,-0.004539671867524575,,0.02025216413093907,True,ok
33.24938157180956,BARO,-0.43178248907894323,,1.5205787747662962,True,ok
33.260331332484,LIDAR,0.015760035703795694,,0.24226030233232237,True,ok
33.26205362146471,FLOW,-0.017182882980958825,-0.028679765767230803,0.4040899972316434,True,ok
33.271214088934734,LIDAR,0.028972395350500335,,0.8176384010827333,True,ok
33.278002576573606,FLOW,0.0052495684949962484,0.0795187981643851,2.3426026084796288,True,ok
33.27891441226613,BARO,-0.3289140140879643,,0.8822542123896565,True,ok
33.28144126776176,LIDAR,-0.03679404440274059,,1.318778611964984,True,ok
33.291164743489375,LIDAR,0.007942630158318753,,0.061495997917601346,True,ok
33.29218510214638,FLOW,-0.005431515474289661,0.053702369736127395,1.0936171003291209,True,ok
33.300883704178155,LIDAR,-0.05588750858699676,,3.0464442178829545,True,ok
33.310001549845985,LIDAR,-0.02638982443844773,,0.6801916988552158,True,ok
33.313133288735976,BARO,-0.4325284649051264,,1.5257762006210178,True,ok
33.3241874468862,LIDAR,0.026099266607947147,,0.6609620259680017,True,ok
33.32615364258802,FLOW,0.07768840871857452,-0.0040878554922711,2.153466843905949,True,ok
33.326934959707934,LIDAR,0.025456421409546515,,0.6364393483582357,True,ok
33.341284846537796,LIDAR,-0.0012810467476032095,,0.0015990800340124967,True,ok
33.34404427598473,CAMERA,0.1769775514792684,-0.2136738926917996,4.762828979179328,True,ok
33.34823837923556,BARO,-0.45006536608521497,,1.6519056879371798,True,ok
33.349336060535585,LIDAR,0.011124138052709398,,0.12097776449387401,True,ok
33.34937986413786,FLOW,-0.016347437659845587,-0.009942699300014582,0.130840726298047,True,ok
33.3539086991264,CAMERA,0.16559516654356798,0.08989611310635715,2.2581809792277268,True,ok
33.35893463569699,FLOW,0.09595279025581571,0.029164117870075917,3.772685678764478,True,ok
33.3601967664526,LIDAR,-0.01656423415126307,,0.2677706326901332,True,ok
33.3719702542366,LIDAR,0.048257827204891246,,2.2664162887915236,True,ok
33.37784002733085,LIDAR,-0.007354820198197665,,0.05299965619710117,True,ok
33.37907418501465,FLOW,-0.014393491764278954,-0.03016650979532917,0.4150248012109632,True,ok
33.38870926704562,LIDAR,0.022521707481486075,,0.4958997308618588,True,ok
33.393352314983076,BARO,0.07707519561279952,,0.04844907081508414,True,ok
33.39511222883139,LIDAR,-0.021110666751725127,,0.4379379106173727,True,ok
33.40757969019176,FLOW,0.07690625524094186,-0.051735323043878116,3.0920462180953807,True,ok
33.41081503163635,LIDAR,0.0028798961222107344,,0.008068494657628093,True,ok
33.41879511288702,LIDAR,0.0074005876392209125,,0.05347344035963302,True,ok
33.419292887111574,FLOW,-0.02296687212030024,-0.04799175441764361,1.0566176921739796,True,ok
33.43211476107013,LIDAR,0.012508730712200045,,0.15196700612151362,True,ok
33.43788356454464,FLOW,-0.004615545764180329,0.06353898219146048,1.5114509059632975,True,ok
33.441505863166064,LIDAR,0.015767835620365656,,0.24190517771522715,True,ok
33.44609429290193,BARO,-0.2283979386041164,,0.42542900322678145,True,ok
33.45398943670974,LIDAR,-0.0083449922139045,,0.06754079865808518,True,ok
33.45848258392089,FLOW,-0.03045853968095269,0.005168089283768787,0.35384159095176565,True,ok
33.45983544176373,LIDAR,-0.03036210473645129,,0.9008071026669168,True,ok
33.46060350389879,BARO,0.13205076298944451,,0.1422188662882037,True,ok
33.46738221272335,LIDAR,-0.016721309343937563,,0.2741709007793643,True,ok
33.47697444999013,LIDAR,0.008346221209133642,,0.06828065620131428,True,ok
33.48736651416438,LIDAR,-0.017401740852527325,,0.29637651941099036,True,ok
33.488232348834885,FLOW,-0.06110447746436831,-0.06775426364486553,2.971687991382791,True,ok
33.50172506552853,LIDAR,0.02365882397247354,,0.543846847265906,True,ok
33.50915362126207,FLOW,-0.03210779555093879,-0.007106237556951084,0.39062852819876887,True,ok
33.50925953853353,CAMERA,0.2953235770340896,0.08055725913619671,5.962105520837367,True,ok
33.51074012621816,LIDAR,-0.009738237584712817,,0.09235169861868947,True,ok
33.52006862358851,LIDAR,0.01627464393108946,,0.25828244113195,True,ok
33.52592765502691,BARO,-0.051001248937194266,,0.021213085717254294,True,ok
33.52859521803944,FLOW,0.05163654469605805,-0.06157939766239164,2.351542232622683,True,ok
33.53151593447443,LIDAR,0.003540115322975268,,0.012196210859922705,True,ok
33.535320474222786,FLOW,0.01129655349954839,-0.017661880417009307,0.16808094997702538,True,ok
33.544157157566865,LIDAR,-0.039571707510781096,,1.5184518301017393,True,ok
33.54726821587943,LIDAR,-0.018332221623440503,,0.32970801821365,True,ok
33.55028978456828,FLOW,0.06128135624830944,0.005198271614626583,1.4496508335969005,True,ok
33.552607849300465,BARO,-0.039554069853935836,,0.012759827186174369,True,ok
33.564311945681595,LIDAR,0.006612042453060685,,0.042391642968417555,True,ok
33.567995523986426,LIDAR,0.00979109519274024,,0.09396569962566172,True,ok
33.57619347439741,LIDAR,0.04390231683133061,,1.8926273341268147,True,ok
33.58474166941862,FLOW,-0.00840528227530779,0.03197939649127321,0.391793569000958,True,ok
33.59075569930327,LIDAR,-0.009132906705710209,,0.0812373014643288,True,ok
33.59665856140545,BARO,-0.29470361302227577,,0.7082871609441015,True,ok
33.60189676452964,LIDAR,0.012363624269460693,,0.14868029049115417,True,ok
33.603952802117846,CAMERA,0.16180145583621908,-0.08556167185505359,2.115565931174757,True,ok
33.606712944977275,FLOW,0.004442075102148113,0.07532993442171784,2.048530681697073,True,ok
33.60807360735144,LIDAR,0.02531087135911969,,0.6271181671899626,True,ok
33.61535314697667,LIDAR,-0.011943128406009862,,0.14010822464911618,True,ok
33.62389402369687,FLOW,0.04204052515112333,-0.06554555303003078,2.2241166444929017,True,ok
33.63440505906332,LIDAR,0.006029047999609016,,0.03516793430709246,True,ok
33.635107228871114,LIDAR,0.03131670862791047,,0.9639645767850799,True,ok
33.635534445592796,BARO,0.369722969772603,,1.1149272480756294,True,ok
33.64890180560031,FLOW,-0.05204252386084662,-0.004461166484537454,0.9882664811240742,True,ok
33.65012057241703,LIDAR,-0.024446616159715884,,0.5821858762335348,True,ok
33.65613210105376,LIDAR,-0.01074827057283878,,0.11325193270458471,True,ok
33.66488839454783,FLOW,-0.007013875438259376,0.028387564688631593,0.3149850722799355,True,ok
33.671257590045506,LIDAR,-3.612727263267962,,12683.37449833241,False,invalid
33.67983786450418,LIDAR,0.026050999463969937,,0.6507614960026621,True,ok
33.6872364028532,FLOW,-0.022959043807574187,0.03708942071367188,0.695187151252842,True,ok
33.689217176840195,BARO,0.7990689481447606,,5.20646416271081,True,ok
33.694639305617,LIDAR,0.0412916880411931,,1.6286552872548752,True,ok
33.696167260545906,CAMERA,0.06776256866783115,-0.11622254615761962,1.1216329590636378,True,ok
33.69741280837673,LIDAR,0.013190748664059004,,0.1688239481656473,True,ok
33.708325968243365,LIDAR,0.002535610263470822,,0.006236263622777282,True,ok
33.70961071515889,FLOW,0.0731261084190622,0.0002028081563887757,1.9504266556583427,True,ok
33.72191317951804,FLOW,-0.036941575472760446,-0.042650555780214566,1.1949504983458268,True,ok
33.72362976007126,LIDAR,0.008826103033734878,,0.07503073142080177,True,ok
33.72631960164536,BARO,0.3213050372219177,,0.8418983029804521,True,ok
33.73041838108993,FLOW,0.004337280202494576,0.014137987514845067,0.08457686707038406,True,ok
33.73206723157861,LIDAR,-0.019119166390380027,,0.35389964919972094,True,ok
33.74214858984335,LIDAR,-0.011968108412547362,,0.13887051580358525,True,ok
33.753945632302205,LIDAR,-0.004897874895621879,,0.023223070838942657,True,ok
33.754732926365236,FLOW,0.036456867815886085,0.015255672684662533,0.584261410859237,True,ok
33.75830119178963,LIDAR,0.03541384407274828,,1.2264989564025146,True,ok
33.765613940535204,BARO,-0.2469307546328472,,0.4972709465659179,True,ok
33.769628800599506,LIDAR,0.02323512227241098,,0.5267316604780515,True,ok
33.77601489226054,LIDAR,-0.027718840620211793,,0.753737699211613,True,ok
33.781663901108836,FLOW,0.0040396961934607845,0.05138429189167843,0.9619782520969707,True,ok
33.78515326693301,LIDAR,-0.07017117312432442,,4.8316540262026075,True,ok
33.793963117839176,BARO,-0.4584589161067525,,1.714135587245564,True,ok
33.79463099714865,FLOW,-0.06306632679357627,0.04023323487846252,2.0898424842471535,True,ok
33.79913521147371,LIDAR,0.022310971029398274,,0.4850235895989492,True,ok
33.80760654232476,LIDAR,-0.010287713152567601,,0.10338927249468105,True,ok
33.81650194747306,FLOW,0.0021957927956104406,-0.020459086716839568,0.15577994609157853,True,ok
33.823070064455884,LIDAR,-0.0252143794063846,,0.6157242703089767,True,ok
33.824804212287326,CAMERA,0.07052851832458629,-0.027173778016474692,0.3616781084922862,True,ok
33.83266351992663,LIDAR,0.049175090703104996,,2.3468285682845056,True,ok
33.83522799519889,FLOW,0.018374989220240945,-0.024110652091478113,0.3397313213476296,True,ok
33.83540108312602,BARO,0.22564468182980457,,0.41523672425774977,True,ok
33.83823997170887,LIDAR,0.0010642172827699525,,0.0011078378158404587,True,ok
33.84839806014503,LIDAR,-0.021583783358853026,,0.45534706670850583,True,ok
33.85836270184981,LIDAR,-0.0033964363738872017,,0.01127183435552757,True,ok
33.86485886281404,FLOW,0.02497817847856365,0.006599333699804394,0.23880699899090124,True,ok
33.86923442076664,LIDAR,-0.013551501271822808,,0.17914680219494117,True,ok
33.87522612520943,LIDAR,-0.04818744739759673,,2.278961764506455,True,ok
33.88294771780491,BARO,-0.1291040942885715,,0.13593484887265495,True,ok
33.88691225611988,LIDAR,-0.021847561757478484,,0.466781196844532,True,ok
33.888848780267324,FLOW,-0.029962634377448616,0.05855754342505019,1.5400511430398773,True,ok
33.90247189902835,LIDAR,-0.05453415667793893,,2.8822996244759462,True,ok
33.904884161377936,FLOW,-0.054817215243029516,0.05143544714078016,2.0661023616041123,True,ok
33.909322845217645,LIDAR,-0.012492422232936118,,0.15217748722361013,True,ok
33.92306896523789,LIDAR,0.04670699243417564,,2.1152411418330868,True,ok
33.92322902939449,BARO,0.23248991025291543,,0.440823879713881,True,ok
33.924934390423225,FLOW,-0.025779442244685313,-0.1301535443179418,6.442923956438383,True,ok
33.9265300555017,LIDAR,0.07483976460143049,,5.49229934978542,True,ok
33.93623953697924,CAMERA,0.07074362845879989,0.26373979248439783,4.57666694933396,True,ok
33.93915847681611,LIDAR,0.009048863222241188,,0.07989425785463912,True,ok
33.945450678706,FLOW,-0.058222996047367026,-0.05498236313129147,2.3529340408925874,True,ok
33.94658112070894,LIDAR,0.033811736779867374,,1.11979961494828,True,ok
33.95108928607036,CAMERA,-0.05905784622233057,0.0066228116758408895,0.22600189402365287,True,ok
33.95382884074423,FLOW,0.03588004059790095,0.049755858412384335,1.4373705016326856,True,ok
33.963193221923,LIDAR,0.003850184132150769,,0.01436272811297759,True,ok
33.9676287350552,BARO,-0.029569089419797745,,0.007130295317665808,True,ok
33.971879532633004,LIDAR,0.01822489222013468,,0.3229383813567693,True,ok
33.97760143755467,LIDAR,-0.025170375095896258,,0.6204095878836471,True,ok
33.98511878949281,LIDAR,0.03899403222260611,,1.4934890915747865,True,ok
33.987012122241524,FLOW,-0.05446348037724835,-0.08366559757188799,3.5876769971083218,True,ok
33.99670750183501,BARO,0.16562402909224616,,0.22370655103383666,True,ok
33.997904173508665,LIDAR,-0.04887990307322809,,2.3341118024090743,True,ok
34.00341323468339,FLOW,-0.0654567667089776,0.02101250286313853,1.739133510882527,True,ok
34.01126372872705,LIDAR,-0.023167208617355328,,0.5214985444716308,True,ok
34.01923617174727,LIDAR,-0.002508670118176237,,0.00613868333154508,True,ok
34.01965920976943,FLOW,0.047602315746726465,-0.052963440231587555,1.8862337889772454,True,ok
34.02131558189365,BARO,0.06643759732050869,,0.035999062388404474,True,ok
34.03154518861384,LIDAR,0.026114647444295258,,0.6629414321534359,True,ok
34.03919015656289,FLOW,-0.05958481650986491,0.07754555172534323,3.546378590957675,True,ok
34.0433293962509,LIDAR,-0.007795802914817962,,0.05895724694838239,True,ok
34.04584062106688,LIDAR,-0.04363728934460509,,1.8704693051497643,True,ok
34.05701818879582,FLOW,-0.022490452291414664,0.08061476677567361,2.6024678515419386,True,ok
34.06413138775155,LIDAR,0.03309590395080342,,1.061018626673056,True,ok
34.06515075408842,LIDAR,-0.026017715364897942,,0.6656518846779749,True,ok
34.08107601741519,LIDAR,0.004262380854148873,,0.01767880508211241,True,ok
34.08551639663573,CAMERA,0.1451606335247675,0.12480829703993868,2.3065548559091824,True,ok
34.08638330294946,BARO,0.05589166795295286,,0.025476119705005087,True,ok
34.087627435233706,LIDAR,0.023157300786075474,,0.5248844598051638,True,ok
34.08958113919091,FLOW,0.10462108940402026,0.054026720844811395,4.929450549933513,True,ok
34.09801838283966,LIDAR,2.9572580293457662e-05,,8.549244134954429e-07,True,ok
34.105746339345934,LIDAR,-0.018986126639693346,,0.35345635058859326,True,ok
34.1079306240056,FLOW,0.07316302090241344,-0.09156548346697871,4.97883503274662,True,ok
34.11282515302312,FLOW,-0.005003716283965787,0.02588634104038199,0.26664985778600314,True,ok
34.11915145436931,BARO,0.21277765033157525,,0.3692061335058526,True,ok
34.12219504943787,LIDAR,0.012238309496820587,,0.14529741858924672,True,ok
34.13140598861743,LIDAR,-0.04595590132122851,,2.0535206873964182,True,ok
34.13758860178522,LIDAR,-0.05511250496621356,,2.9724670551168924,True,ok
34.14142389488428,FLOW,0.013475808596952854,-0.12460688717767376,5.741831255003406,True,ok
34.15409158897336,LIDAR,-0.03214982967358493,,1.0008844676589055,True,ok
34.15534128148224,LIDAR,0.06309099673859286,,3.9118200834329016,True,ok
34.160887948950815,BARO,0.0816653448736342,,0.05439285886461031,True,ok
34.16249560586527,FLOW,0.031235955300576546,0.05943255227772096,1.6465946767529778,True,ok
34.17094121037288,LIDAR,0.010487878672837958,,0.10704465846205011,True,ok
34.17362167573035,CAMERA,-0.01894082501934946,0.08492699137150339,0.4680476641348716,True,ok
34.178983117465414,FLOW,-0.03746130664726377,-0.053044248502644734,1.5637099601726079,True,ok
34.17921033819797,LIDAR,0.052784354227801256,,2.7198742214574527,True,ok
34.182386639692254,BARO,-1.0826239796731718,,9.559057092285927,False,gate
34.19331486415726,LIDAR,0.013768277695864306,,0.1838684429142443,True,ok
34.20270415266328,LIDAR,-0.03793827257009941,,1.3989496683507363,True,ok
34.205275930586566,FLOW,0.08544465718739924,0.03839200349207609,3.180415556602396,True,ok
34.21316061679649,LIDAR,0.0021066976528860692,,0.004313802174366382,True,ok
34.22357645401302,LIDAR,0.0678333869552934,,4.472783001315296,True,ok
34.22710356841857,FLOW,0.06822253667709566,-0.046150048575077166,2.462440345997478,True,ok
34.230901985329616,LIDAR,0.026563923656013788,,0.6892101425075019,True,ok
34.238650039321236,LIDAR,-0.04462050311122523,,1.9508138121210516,True,ok
34.24193335754804,BARO,0.04060743478968609,,0.013448717205376087,True,ok
34.242257277082444,FLOW,0.045819949400760285,0.030985766969882644,1.1354437408424074,True,ok
34.25296870249734,LIDAR,0.03888902242350323,,1.4710434814609543,True,ok
34.25792529822004,FLOW,0.001809065852863112,0.028881528959930316,0.3138647364161576,True,ok
34.25812894874942,LIDAR,0.03000865735527647,,0.8828858507185942,True,ok
34.26550372769805,CAMERA,-0.08538991475755608,-0.07025022523571689,0.771047487472674,True,ok
34.26805536604771,LIDAR,-0.01998144339219099,,0.39110871023661903,True,ok
34.27681616060518,FLOW,-0.057590607340391786,0.039729774303612055,1.8304557301298243,True,ok
34.277157920093856,LIDAR,0.01187883899496045,,0.13830320239178334,True,ok
34.288274623311594,LIDAR,0.027982463568573035,,0.7654659210618385,True,ok
34.28892568783421,BARO,0.14180376143106477,,0.16400334442552245,True,ok
34.302884180097806,LIDAR,0.04654921958777969,,2.1027052317530086,True,ok
34.30400592226543,FLOW,-0.008237467226190676,-0.10598098817669822,4.0947226887919514,True,ok
34.31441042973638,LIDAR,-0.007087199987224402,,0.048677733130928325,True,ok
34.3201441228334,BARO,0.4616556844302302,,1.7380471806403164,True,ok
34.32305849377208,LIDAR,-0.019407665222340498,,0.3663098503796141,True,ok
34.32549937560865,FLOW,0.02465259089284877,0.03000236924754364,0.5475285119870716,True,ok
34.33229493534926,LIDAR,-0.042356553889742354,,1.7478792455960686,True,ok
34.337995901748684,FLOW,-0.05818169793610117,-0.01732833516357903,1.3812491562178824,True,ok
34.34383944300417,LIDAR,-0.05355984710344375,,2.7889015045741314,True,ok
34.348346433694935,LIDAR,-0.03965595408085143,,1.542712334396486,True,ok
34.354715910266954,BARO,0.3608268339494911,,1.0618284949092294,True,ok
34.35918881242084,LIDAR,0.045091909204408864,,1.990196827413179,True,ok
34.359619350166405,FLOW,-0.038049653849905996,0.019094069571236147,0.6698882672978317,True,ok
34.365668297103106,LIDAR,-0.01899451780021133,,0.35479490894311844,True,ok
34.37816337560242,FLOW,-0.028283347755334365,0.01565560985752705,0.3872868921037785,True,ok
34.37886946926551,LIDAR,0.030171155614544976,,0.8894925631264763,True,ok
34.39234742972997,FLOW,0.006614999291145729,0.032534520929771,0.4146969183576901,True,ok
34.392683691690856,LIDAR,-0.042229830698127024,,1.7318870378607334,True,ok
34.40081181430327,LIDAR,-0.019219471092482898,,0.3600716176924918,True,ok
34.40426427247902,BARO,0.19555004526029274,,0.31186740812654706,True,ok
34.405782690249964,LIDAR,0.002863754636048821,,0.00805734649996352,True,ok
34.40663531365084,CAMERA,0.07250161822317835,-0.0229086635902922,0.3671534212780623,True,ok
34.42360504388841,LIDAR,0.004578843656143139,,0.020326624897989313,True,ok
34.425966521532864,BARO,0.3036494298423018,,0.7519512380716421,True,ok
34.427525173260214,FLOW,0.002044865191584533,-0.008757797269319797,0.028598528494602385,True,ok
34.43131045136963,LIDAR,-0.04882506404844378,,2.3224424211943067,True,ok
34.43740888118814,LIDAR,-0.030385440096708294,,0.9050481233035884,True,ok
34.44666136436009,FLOW,0.03390672590058186,0.02236086219692559,0.5953086556799297,True,ok
34.45121970097244,FLOW,-0.04044834128041375,-0.03959678933379334,1.2279167904763968,True,ok
34.45316864876993,LIDAR,-0.03789420737488092,,1.39401249822647,True,ok
34.46062644690642,BARO,-0.11543167633196827,,0.10866021250286476,True,ok
34.4645909895575,LIDAR,0.046421799572122335,,2.0897034745242067,True,ok
34.470269782735606,LIDAR,-0.005234967688730219,,0.02678235230932607,True,ok
34.47943996658534,LIDAR,-0.021340669347470698,,0.44548298015299,True,ok
34.479638743175414,FLOW,0.033034687766763327,-0.017986710538704067,0.5184804088888337,True,ok
34.48866190835684,LIDAR,0.023754545857758824,,0.5523216231202164,True,ok
34.497339435307126,FLOW,-0.04790808722099915,0.027101403441680258,1.1213455541681783,True,ok
34.50169589807479,LIDAR,0.04403576679284127,,1.8880803875290568,True,ok
34.50692653576581,CAMERA,0.007490831447391599,0.050006266753826356,0.1572412649430807,True,ok
34.510274128781276,LIDAR,0.009357657203659109,,0.08547587505582073,True,ok
34.51549586130013,BARO,-0.5358744293579458,,2.3419339334707687,True,ok
34.51613467820332,LIDAR,0.008688798770162709,,0.07415496220616938,True,ok
34.52197609101736,FLOW,0.006006465347669909,0.04294300238119797,0.682629393251644,True,ok
34.531593532981965,LIDAR,0.062118656036524555,,3.7539913587566867,True,ok
34.53632031265996,LIDAR,-0.03400829623287693,,1.1348131762594318,True,ok
34.54667814292206,FLOW,-0.06121087162014782,-0.012567088095525286,1.4077369874348684,True,ok
34.55472478970845,LIDAR,-0.03965642622560406,,1.5216596573815606,True,ok
34.555479589444246,LIDAR,0.046051570458232494,,2.0844676897620684,True,ok
34.56398978222548,BARO,0.1516359891782697,,0.18752336031404812,True,ok
34.56959320866372,FLOW,0.032122239175837786,-0.030082717448175412,0.6971370161080658,True,ok
34.57131380789331,LIDAR,-0.048555169485286154,,2.293806632291304,True,ok
34.58239117134791,LIDAR,-0.004224428854507689,,0.017343080779917436,True,ok
34.583378591816405,FLOW,-0.05193001401478714,0.009234134830633454,1.032793041959415,True,ok
34.586073327903804,LIDAR,-0.0029886148982720684,,0.008770346374293787,True,ok
34.58741354633919,BARO,-0.22308054738602312,,0.4058910589894848,True,ok
34.59349416210465,FLOW,0.03862739761059153,0.004922481790700176,0.5800341910780608,True,ok
34.601470869577476,LIDAR,0.033145139689280345,,1.068693461060683,True,ok
34.605229408237506,LIDAR,0.0294486114676471,,0.8520968966821969,True,ok
34.62280414596198,LIDAR,0.004380389298909826,,0.018611335871922142,True,ok
34.62663576923395,FLOW,-0.013952344171642928,0.005249384975117523,0.08020363465302378,True,ok
34.63136648914208,FLOW,0.05292099643108705,-0.010731543171987969,1.1177613413843537,True,ok
34.632095345958966,LIDAR,-0.05546673084808251,,2.9907388244939415,True,ok
34.63935230214676,LIDAR,-0.02895456140429431,,0.8189576945419955,True,ok
34.643192067086254,BARO,0.06908526138980653,,0.03892502684811493,True,ok
34.64734715641678,LIDAR,-0.04056491620418523,,1.6120487804857195,True,ok
34.64906527460703,CAMERA,-0.1634083115091869,-0.012274718113289396,1.70612715893459,True,ok
34.660042178248425,FLOW,-0.00027680815146302606,0.076620420720088,2.1416499084662175,True,ok
34.662447750328006,LIDAR,-0.016624713328930785,,0.2684428592715881,True,ok
34.67390502760787,LIDAR,-0.0150447021298441,,0.2195373506617628,True,ok
34.67523955703321,BARO,-0.39916323539891074,,1.2994290649057114,True,ok
34.68056661880603,CAMERA,-0.25574631471949516,-0.20246955073895867,6.707666275111893,True,ok
34.68344988583328,LIDAR,0.025627926700106052,,0.6382836775662659,True,ok
34.68640256469793,LIDAR,0.006758368046438701,,0.044898785420788616,True,ok
34.688305459208514,FLOW,-0.006731486676860854,-0.09829286924952298,3.4538787624822773,True,ok
34.69295044064433,FLOW,-0.10778253554403006,0.020871640304818567,4.591982257314055,True,ok
34.69771158773373,LIDAR,0.013677650681498399,,0.183269791521352,True,ok
34.711744850683246,LIDAR,0.03004334143888654,,0.8780998655508435,True,ok
34.71898595125802,FLOW,-0.0020767021135235098,0.0451696219756233,0.7513834690337687,True,ok
34.724856818856985,LIDAR,-0.01534623783777489,,0.22814169361796166,True,ok
34.72943068892887,LIDAR,-0.04227087874669344,,1.7477750484368058,True,ok
34.72947744013589,BARO,-0.14376186875273556,,0.16856578102194267,True,ok
34.74271715199012,LIDAR,0.04046833349171086,,1.5932200469725077,True,ok
34.74883938358064,FLOW,0.007145988309967599,0.04073161642911737,0.6078832493811297,True,ok
34.75396390656196,LIDAR,-0.013306344539909087,,0.17201481999948487,True,ok
34.757496611475716,LIDAR,0.011143138612755177,,0.12192114962245358,True,ok
34.757955552937275,BARO,0.5772297128587822,,2.7176152015659016,True,ok
34.7591189288217,FLOW,0.04929386787208245,0.04982460287102533,1.8334806809434867,True,ok
34.767323757580634,LIDAR,0.03722318683475523,,1.3592778582114857,True,ok
34.778142386478514,LIDAR,-0.0344746090076562,,1.1632549495552815,True,ok
34.788097278776895,FLOW,0.06009821995608089,-0.12201978337402475,6.657101389606963,True,ok
34.79469914853149,LIDAR,-0.04537939109625233,,1.9941365238167557,True,ok
34.79509760580278,FLOW,0.029308945346956383,0.07354187765327565,2.3776392199518344,True,ok
34.803733845787285,LIDAR,0.0110657075047782,,0.1189258803884682,True,ok
34.80429686785006,BARO,-0.23908853514711792,,0.4662049391468516,True,ok
34.808445117212145,LIDAR,-0.0044797340184015155,,0.01966711017442176,True,ok
34.81096134576027,FLOW,-0.005231052764572253,-0.004542805941952733,0.01825571486387934,True,ok
34.8166303973002,CAMERA,0.08983352632805008,-0.08150877905747533,0.9236389009634064,True,ok
34.82256598288004,BARO,0.20259979229754643,,0.3347259479807839,True,ok
34.82401524598555,LIDAR,-0.025293883575657983,,0.6212297962757434,True,ok
34.82735510250311,LIDAR,-0.008402348102720225,,0.06931268076167653,True,ok
34.83452079886397,FLOW,0.009147333361056331,0.00855643810261105,0.058148093118762414,True,ok
34.83748607401288,LIDAR,0.04223076770223155,,1.7484607027121308,True,ok
34.85126443190193,LIDAR,0.00682711246963752,,0.04539009891058941,True,ok
34.86106752472346,LIDAR,0.03674410728505029,,1.3156342687854683,True,ok
34.86218981558121,FLOW,-0.006422550437695129,-0.007899357290461819,0.03737170487208789,True,ok
34.87180181016842,LIDAR,0.009157501792483203,,0.08164242235596152,True,ok
34.87726799249289,LIDAR,-0.00443051189059096,,0.019249820325329056,True,ok
34.88072749475037,BARO,-0.04829155751027603,,0.019020138601411073,True,ok
34.884732703757535,FLOW,-0.059401762648845446,-0.029148846888833832,1.5815889350557273,True,ok
34.893778291913485,LIDAR,-0.01765686027687874,,0.30243947134221344,True,ok
34.895086131857425,FLOW,0.009536208315536365,0.015289600193482638,0.12201506351786044,True,ok
34.896403138069346,LIDAR,-0.04773948129384964,,2.238271207103348,True,ok
34.90654942078205,BARO,0.2625728471947375,,0.5622625955769035,True,ok
34.90972129298712,LIDAR,0.042174093321624806,,1.73603896117675,True,ok
34.9184722199858,CAMERA,0.12375773258931844,-0.09772896389320529,1.565136863147566,True,ok
34.92113548969601,FLOW,0.010070270720193397,-0.01246604061935504,0.0937810916167355,True,ok
34.923514618952844,LIDAR,0.0382992335834329,,1.4232340049753347,True,ok
34.93049086256703,LIDAR,0.0700913641641403,,4.7939495251312305,True,ok
34.93704142547227,LIDAR,-0.03109218439281136,,0.9482196008873632,True,ok
34.93828760492829,FLOW,-0.0031398719918291906,-0.027325407376176742,0.27997937183118216,True,ok
34.94644167110252,BARO,-0.2266221185534394,,0.41883646943687797,True,ok
34.9466200791975,LIDAR,0.03876028329239434,,1.4731679320239444,True,ok
34.95520049844545,LIDAR,0.008370850961159526,,0.06878848406877336,True,ok
34.963641037448326,FLOW,0.015251973245456352,-0.02926445798029402,0.3953981432899807,True,ok
34.96518847382235,LIDAR,-0.04260419444709029,,1.7797674893081044,True,ok
34.96676556498541,CAMERA,-0.05486767212927646,-0.034892387095265764,0.2677077408554539,True,ok
34.979731633331596,LIDAR,0.0565143255711722,,3.106989681011443,True,ok
34.980918860675565,FLOW,-0.07586868599305974,-0.015480033840203564,2.2151681152127467,True,ok
34.98763104661077,LIDAR,-0.0013354363080178011,,0.0017413738106638566,True,ok
34.990896597478425,BARO,0.25672980045674665,,0.537542182922607,True,ok
34.9976504893911,FLOW,0.08352192560182625,0.03069485546698386,2.955022546902587,True,ok
34.999301094192354,LIDAR,0.030541772664747224,,0.9084231710061432,True,ok
35.00638168309468,LIDAR,-0.04348628171182245,,1.8504245962429957,True,ok
35.01616474537318,LIDAR,-0.010992622084321724,,0.11820919548426276,True,ok
35.0186982969537,FLOW,0.006688235528771624,0.0325968319326786,0.40883270856915266,True,ok
35.03417285842845,LIDAR,0.050531306378283514,,2.4659852008568657,True,ok
35.038689550588884,LIDAR,-0.017789806778069295,,0.3088461308422807,True,ok
35.04043386421302,BARO,-0.06085327043933075,,0.03020190676344651,True,ok
35.043630187227116,FLOW,-0.04298219375883727,0.002026610174870016,0.6736791389514035,True,ok
35.050173760353935,LIDAR,-0.0011922208768111453,,0.0013840150186134339,True,ok
35.05145815446228,FLOW,0.021812003273958158,0.08260164875127124,2.776920443812209,True,ok
35.05769992529317,LIDAR,0.024974612414379038,,0.609840249841935,True,ok
35.06624709745573,LIDAR,-0.022460406361187957,,0.4941035300893471,True,ok
35.074747764911116,FLOW,0.080298240613629,-0.03861032841693751,2.952667639320041,True,ok
35.07932436569912,LIDAR,-0.020323918354680615,,0.4023718732209437,True,ok
35.08738167030187,LIDAR,-0.0385814042565924,,1.454693241018228,True,ok
35.08879668326024,BARO,-0.3726492545124689,,1.1325901416093624,True,ok
35.10008462779043,CAMERA,0.0674080886747177,0.09986609726099216,0.9038078285065642,True,ok
35.10107455196312,FLOW,-0.08812312525670496,-0.05397316263845152,3.870741976464779,True,ok
35.1039541336501,LIDAR,-0.029300176368368902,,0.8303634639537011,True,ok
35.1041096773408,BARO,0.30510078142316743,,0.7591659444718662,True,ok
35.10749930051526,LIDAR,-0.0067479676206612105,,0.04456025323427268,True,ok
35.11918026369992,LIDAR,0.015442955426352878,,0.23264302261180744,True,ok
35.12687525796524,FLOW,0.015822268091673086,0.015252597849992982,0.17275095110523087,True,ok
35.131059024116766,LIDAR,0.004796273689966046,,0.022376411368295403,True,ok
35.138264133850086,LIDAR,0.03130760551835543,,0.9580237762737213,True,ok
35.14140387854591,FLOW,0.02822671926853837,-0.0858996190786819,3.015943599904632,True,ok
35.14768887621488,LIDAR,-0.006939852071900621,,0.04709694587669651,True,ok
35.151734480250525,BARO,0.3856459344317771,,1.2129351375882569,True,ok
35.15655497051514,LIDAR,-0.002067542683168888,,0.00418589139146098,True,ok
35.16458590843841,FLOW,-0.08563914684966178,0.01754795616618607,2.7926683564036416,True,ok
35.16996124879813,LIDAR,-0.041822965859038774,,1.7027028096172498,True,ok
35.176161692800456,FLOW,-0.03299157573967193,0.045968752534337805,1.2058072709793515,True,ok
35.1769684836708,LIDAR,0.022439107436645678,,0.4925795164816026,True,ok
35.1884099605463,LIDAR,0.018038277451632556,,0.3174416226931232,True,ok
35.19021611181371,BARO,-0.5592472870391405,,2.550780787892952,True,ok
35.19507072874269,FLOW,0.04820317480093328,0.054260644920257506,1.9742666210094901,True,ok
35.199884342053934,CAMERA,-0.10857554146490145,-0.022182741239592296,0.7817342628340742,True,ok
35.20261604688862,LIDAR,-0.011973513786657897,,0.13897987681115082,True,ok
35.21151965963184,LIDAR,-0.014212422034203254,,0.19638832280922633,True,ok
35.216016159943464,LIDAR,0.03231614901842672,,1.0245508387186062,True,ok
35.220192575396204,FLOW,0.10051454583125352,0.030458413695499016,4.041037318328677,True,ok
35.22558048941713,LIDAR,0.006047218836081836,,0.035861042778418256,True,ok
35.23742698990637,LIDAR,0.030731323247630282,,0.9226199243965425,True,ok
35.24352847502662,BARO,0.32537769764949775,,0.8634191777920844,True,ok
35.247094537101965,LIDAR,0.020824469288486025,,0.4237910331982708,True,ok
35.249998828201406,FLOW,-0.0054171413152550585,0.002213767745035844,0.012194433148600855,True,ok
35.25378542342605,FLOW,0.058580864801601074,-0.053257655178537214,2.3922948308821983,True,ok
35.25646169671744,LIDAR,-0.0003611870179969223,,0.000127565364431801,True,ok
35.265011858075276,LIDAR,-0.012839980317228772,,0.16149064183030992,True,ok
35.27190403968344,BARO,-0.2455209616109637,,0.49161677946108134,True,ok
35.27925509970928,FLOW,-0.09735541879944654,-0.08720995376847576,6.311346175916667,True,ok
35.28494627270056,LIDAR,-0.0006381325574924546,,0.00039256740169738003,True,ok
35.2852874260379,LIDAR,-0.06139386187588336,,3.696545998277702,True,ok
35.30344140970574,LIDAR,-0.04511280581097621,,1.9692021993853095,True,ok
35.30738798964141,FLOW,-0.05709813390189744,0.03475748048710104,1.6028766370760497,True,ok
35.31132509849424,LIDAR,0.0055865165737687406,,0.030345503535949964,True,ok
35.31857957571147,FLOW,0.088668041726927,0.05791337227569997,4.193426285967026,True,ok
35.32002270927624,BARO,0.04203263432219373,,0.014407596193300969,True,ok
35.3224965233124,LIDAR,0.022503362377896963,,0.4918843003469475,True,ok
35.32885761273882,LIDAR,-0.028854846418770563,,0.813925393531556,True,ok
35.333104602681324,FLOW,0.002649874697074006,0.0138191567271599,0.07488184610610268,True,ok
35.33579125484331,LIDAR,-0.003708355100095151,,0.013500419780983467,True,ok
35.3457132509686,CAMERA,0.06535900027508035,-0.00792377933993782,0.2755980100177783,True,ok
35.35223801754847,LIDAR,0.00907311228361074,,0.07993066878451234,True,ok
35.356005090229914,BARO,0.5220785196271729,,2.2228644006391582,True,ok
35.3622768503695,FLOW,-0.037870862016118556,0.01944985418738206,0.6587984360973251,True,ok
35.36231008101673,LIDAR,-0.012818290615253858,,0.15968531651649248,True,ok
35.37062707731191,FLOW,0.019381512463373607,0.002395526598767586,0.14510585461572809,True,ok
35.373485010159754,LIDAR,-0.02305264068035484,,0.5159234333026813,True,ok
35.37525784824328,LIDAR,0.030586522696997687,,0.9205194308072856,True,ok
35.390243909581415,LIDAR,-0.07229792903143561,,5.096196032022962,True,ok
35.3938258929045,BARO,-0.11243971664414065,,0.10310827552315552,True,ok
35.397827259018406,LIDAR,0.02327731758373419,,0.5303315438057186,True,ok
35.40335971114892,CAMERA,-0.1113688818233669,-0.008308576270792845,0.7952053229784393,True,ok
35.40952642306342,FLOW,-0.004392626138081779,0.04024674313599784,0.5762595681101704,True,ok
35.413752198127625,LIDAR,-0.003037403155000451,,0.008942804433608603,True,ok
35.422310288699734,FLOW,0.029612478818733745,-0.11931906618202762,5.558551037783743,True,ok
35.42263261215322,LIDAR,0.009622859580507903,,0.0900269398428474,True,ok
35.42693679582241,LIDAR,0.059533889831123954,,3.478057937961982,True,ok
35.43658029685941,FLOW,0.019148257983427897,0.07887067608057108,2.474488291686165,True,ok
35.43747922231861,BARO,-0.622767912931333,,3.162914947634947,True,ok
35.44105325976366,LIDAR,-0.0022476305950513975,,0.004921599914145678,True,ok
35.45114243260337,LIDAR,0.031795669252971503,,0.9850191593293386,True,ok
35.45176687041688,FLOW,0.043235511847498964,-0.047974312486687355,1.5822199400034456,True,ok
35.459711093046984,CAMERA,-0.051187120226465765,0.06922846172277852,0.4662067568175649,True,ok
35.46470489877985,LIDAR,0.06137226354412206,,3.6507486934163813,True,ok
35.46755967133907,LIDAR,-0.00917658085545181,,0.08261862631308671,True,ok
35.47416397779496,BARO,-0.39577877619498514,,1.2774996386605306,True,ok
35.476973888716806,LIDAR,-0.0697144201830846,,4.7678277739213355,True,ok
35.484839181287875,FLOW,0.00879196401678728,-0.025392135196966106,0.2589161442853714,True,ok
35.49051674259324,LIDAR,-0.006804332304227501,,0.045127859237371316,True,ok
35.49689138590737,LIDAR,0.05962605631029794,,3.484995837867844,True,ok
35.50604185370676,BARO,-0.44714379126537773,,1.6305488035065765,True,ok
35.50733969071399,FLOW,-0.0801317757210962,0.053941294746554395,3.3664480453986823,True,ok
35.51057737362525,LIDAR,0.04597584226736062,,2.0587474746925167,True,ok
35.51112893111477,FLOW,0.05495290043670198,-0.0790343693344189,3.5657865121827106,True,ok
35.52071697226646,LIDAR,-0.0178296863732621,,0.3096490952228434,True,ok
35.53195789260343,LIDAR,-0.02831596873475606,,0.7797321432429603,True,ok
35.54314649189408,FLOW,0.0001717560701250953,0.14321461503238006,7.441243228256682,True,ok
35.54433692037973,LIDAR,-0.06130812014888054,,3.6441480117878773,True,ok
35.546441713940034,LIDAR,0.05582019679100947,,3.061145062754252,True,ok
35.5610512363668,LIDAR,0.02894946516379182,,0.8165192266427038,True,ok
35.56359515923442,BARO,0.006964456708696609,,0.0003955779565348316,True,ok
35.56708094947731,FLOW,0.014308007677018564,-0.06608968966307925,1.649143046862702,True,ok
35.5712583350207,LIDAR,-0.012548983752061371,,0.15343262230971247,True,ok
35.57569831174767,LIDAR,-0.04158532525269454,,1.6995676927526169,True,ok
35.58100397471251,FLOW,-0.04012226191973545,-0.02034300922700908,0.7528102152492083,True,ok
35.5881706494188,LIDAR,-0.04678956976303583,,2.1405385825464265,True,ok
35.59322049349188,BARO,-0.4099005112871583,,1.370285744608932,True,ok
35.596798968444304,LIDAR,0.01235447060061512,,0.14949560474715487,True,ok
35.603226148484254,FLOW,0.0054213426660942865,-0.03560534571129457,0.4762854555410616,True,ok
35.613532646466815,LIDAR,-0.017418953793547853,,0.2939086697103474,True,ok
35.62185574566526,LIDAR,-0.008376788085128428,,0.06824167897804007,True,ok
35.62329476451107,FLOW,-0.01922198658895602,-0.01977968410543618,0.2798698361820561,True,ok
35.625869126234676,CAMERA,-0.00927760492795926,-0.09695560264030867,0.5839836133716811,True,ok
35.626956280436644,BARO,-0.04269877567980407,,0.014868578296133125,True,ok
35.6349587573391,LIDAR,-0.004869122030914497,,0.022963430495685392,True,ok
35.64001812593475,LIDAR,0.016396817843625122,,0.26275540089504745,True,ok
35.64551621017013,FLOW,-0.035628952995179874,-0.08818868174681388,3.305228979424836,True,ok
35.64872239653059,LIDAR,0.02149076354842272,,0.4521012138582782,True,ok
35.65238997472121,FLOW,0.02878348924878482,0.05459574990502232,1.4616805251118823,True,ok
35.65595347338843,LIDAR,-0.022072280881239248,,0.4785785605402283,True,ok
35.661123440226525,BARO,0.2800941839546951,,0.6398456721772182,True,ok
35.669705042709346,LIDAR,-0.022540783208687465,,0.49567668223577477,True,ok
35.6772188146046,LIDAR,-0.03391552648106,,1.1263878676470935,True,ok
35.67950499809688,FLOW,0.0762753465536059,-0.019899075873019284,2.2922823013164146,True,ok
35.691962307612584,LIDAR,-0.0055596441370640015,,0.03002764950958558,True,ok
35.69983479622961,FLOW,-0.10281839499107726,0.04796512518517181,4.745511731656601,True,ok
35.70161937756582,LIDAR,-0.006711372533795501,,0.043815871900844135,True,ok
35.710416723937875,BARO,-0.38061555035117056,,1.1813867671854708,True,ok
35.71418310866505,LIDAR,-0.04348663380307727,,1.833599078690034,True,ok
35.71554521185214,CAMERA,-0.14630759297421747,-0.13896259833878144,2.5487603355716884,True,ok
35.7184754985441,LIDAR,-0.022368230527461286,,0.4899577937163991,True,ok
35.7189274250228,FLOW,0.04628636075910619,0.02493178190135327,1.0212622545643906,True,ok
35.73063315801029,LIDAR,0.02794813622000758,,0.7618331688151102,True,ok
35.73855128364812,FLOW,0.018259807507344794,0.05159855329944524,1.1069091969849219,True,ok
35.74477002013818,LIDAR,-0.015095573265922368,,0.22085875173338282,True,ok
35.74958193350135,LIDAR,-0.029887782425157106,,0.8737808921398594,True,ok
35.76273168336194,LIDAR,0.038958407781347404,,1.4767521966401145,True,ok
35.76419250671828,BARO,-0.5057753934294316,,2.086291712488336,True,ok
35.7677912136987,FLOW,0.02939150603012175,0.08240883434770369,2.7391618454018762,True,ok
35.768787456610085,LIDAR,0.05826961773056283,,3.325532200740797,True,ok
35.77216863767439,FLOW,0.029513800280993818,-0.06040323953610738,1.7302232737479932,True,ok
35.78268973709562,LIDAR,0.017489872792018968,,0.2976028154184886,True,ok
35.78666876662817,LIDAR,0.008402286635083911,,0.06935076984338036,True,ok
35.790463387823245,BARO,0.12920975226021003,,0.13616482413687048,True,ok
35.79985232343622,LIDAR,-0.02161896017597087,,0.45635593094201066,True,ok
35.80336446071389,FLOW,0.030942270044681974,0.016083569070515412,0.4424220869676989,True,ok
35.806859780064954,LIDAR,-0.031106395162145084,,0.9489030126206551,True,ok
35.816883044781086,LIDAR,0.03023609916618719,,0.895611329442279,True,ok
35.819833983282095,FLOW,0.0009758641558084147,-0.047200313895849035,0.8247716098790833,True,ok
35.82637473620186,BARO,0.5721338887982097,,2.669507192489829,True,ok
35.827425405732626,LIDAR,-0.0024048295347949278,,0.005656856967522852,True,ok
35.8339231532533,FLOW,-0.03487532862993592,-0.026588742068030365,0.7262693810817753,True,ok
35.83518735677047,LIDAR,0.037806575076966276,,1.4021055052808753,True,ok
35.84095860688602,CAMERA,-0.027036690965275056,-0.011890236251460351,0.055087635322910986,True,ok
35.85420308888959,LIDAR,0.09102759766471413,,8.008124048130682,True,ok
35.8649786944527,LIDAR,-0.04184805465267161,,1.6936504574239104,True,ok
35.866049452294114,BARO,-0.02854018560059224,,0.006642909933058961,True,ok
35.86773542106702,FLOW,-0.035726904199109066,0.0011128494981507836,0.45782709244476255,True,ok
35.86898217319289,LIDAR,0.04300965928620437,,1.8088012126068729,True,ok
35.87616569036953,CAMERA,-0.23766690953290492,-0.08491194956533787,4.0513679201937824,True,ok
35.87973979157825,LIDAR,0.022967624888031057,,0.5149837954722366,True,ok
35.8879658346604,FLOW,0.034180776138037716,-0.097063638065438,3.84120678833577,True,ok
35.89393578672868,LIDAR,0.04747240389522389,,2.1856995263696755,True,ok
35.90481516055864,FLOW,-0.04978606499177185,-0.014665374209159407,0.997803023130039,True,ok
35.904835701764476,LIDAR,-0.0229991703853889,,0.512900273603965,True,ok
35.90685723748683,BARO,-0.764412225233654,,4.765431096033555,True,ok
35.91415424803246,LIDAR,-0.027683521111013132,,0.7448660709418058,True,ok
35.91709981733884,FLOW,-0.0684752318617945,0.10558341565321949,6.007146467242286,True,ok
35.92303131426762,LIDAR,0.015544483816690047,,0.23542429378260343,True,ok
35.93455221393981,LIDAR,0.006198829228468927,,0.03736079313516631,True,ok
35.93892687255327,LIDAR,0.07407086903469695,,5.383741101025883,True,ok
35.94695188923324,FLOW,0.09577836962865294,-0.10472175122785156,7.3251234486738195,True,ok
35.94930806676989,LIDAR,-0.03692856227437913,,1.3359239125242717,True,ok
35.952161119358685,FLOW,-0.0002516804971677278,0.01849471762303681,0.13159426771661317,True,ok
35.957336233105394,LIDAR,0.050076283233997376,,2.4618692231981973,True,ok
35.96066503399882,BARO,0.4389768577365736,,1.5716591716574437,True,ok
35.96610438755992,LIDAR,0.010423061295966374,,0.1067367327423863,True,ok
35.98324443301043,FLOW,-0.028330680929778973,0.0800575180439495,2.6319193316687524,True,ok
35.9834509387702,LIDAR,-0.05552750815643881,,2.991521124008128,True,ok
35.99418505674247,LIDAR,-0.014323083059147201,,0.19903183937889224,True,ok
35.99526460902963,BARO,0.09817520310445582,,0.07860627132566643,True,ok
35.995835719924976,FLOW,-0.018331176167578622,-0.02118232025951533,0.29505679354529124,True,ok
35.99715344178762,LIDAR,-0.07928054984397237,,6.170826970136011,True,ok
36.007022220277534,LIDAR,-0.08038017830736877,,6.336748450668796,True,ok
36.01659664449028,FLOW,-0.01644060776694678,0.10045532576719537,3.8458854742972117,True,ok
36.021801271110654,LIDAR,0.024927101103734195,,0.6043749214796929,True,ok
36.022982202287665,CAMERA,-0.11858677769976111,0.13248851754139102,1.9848842451804167,True,ok
36.02948491043207,BARO,0.28480628873133584,,0.6614911400637151,True,ok
36.03486925589532,LIDAR,-0.015532616136120225,,0.23372430957430196,True,ok
36.04011626296515,LIDAR,-0.06840117575094329,,4.571906035521989,True,ok
36.04855622140151,FLOW,0.03433829855960102,0.08138459809316674,2.7714169809526097,True,ok
36.05172404071185,LIDAR,-0.002973686873968706,,0.008616970132604118,True,ok
36.059644672801326,LIDAR,0.04608723125680925,,2.0767749707239402,True,ok
36.05998933478254,FLOW,0.028543098307642456,-0.04603413140113689,1.092610998745191,True,ok
36.06752151616703,BARO,-0.19860652276304824,,0.321681408955693,True,ok
36.07125053213116,LIDAR,0.03846308892020822,,1.4424922063291112,True,ok
36.07905774147219,LIDAR,-0.015185472061478134,,0.22561491054437469,True,ok
36.08045959001229,FLOW,0.01532938081681312,-0.08406974060919958,2.7061507023934137,True,ok
36.088254130810014,LIDAR,0.013678541417727175,,0.18317753152055488,True,ok
36.09522331814065,LIDAR,-0.0031072075005593724,,0.009488925608087773,True,ok
36.10629902958924,FLOW,-0.02124568009825767,0.03482782201938407,0.604486783821238,True,ok
36.10868746914948,LIDAR,0.02939586884838219,,0.8436357678542269,True,ok
36.11532396730534,LIDAR,-0.006387661431164204,,0.04003186366395039,True,ok
36.117673579729114,BARO,0.5042735513524068,,2.0740099305415574,True,ok
36.120729102052664,CAMERA,0.0911885689841796,-0.15221969801089852,1.9660030450727644,True,ok
36.122873811141304,FLOW,-0.06633113525852319,0.03137411560061489,1.9968729469386413,True,ok
36.12653006146736,LIDAR,0.03375322034654582,,1.114611179259366,True,ok
36.13232236284146,FLOW,0.0896745415111111,-0.07212571339365115,5.086746311955627,True,ok
36.14432825026452,LIDAR,-0.0009946915867957706,,0.0009559206847458481,True,ok
36.151864115628676,LIDAR,-0.030241238475892995,,0.8886509016537726,True,ok
36.15573717851865,FLOW,-0.04893426873461326,0.044036580549754574,1.6204767661744646,True,ok
36.1564338672695,BARO,-0.5795311012555975,,2.739003622928724,True,ok
36.15881766262523,LIDAR,0.02947085003697536,,0.8486319130112806,True,ok
36.16665794125631,LIDAR,-0.0018943836636156064,,0.0035168479764623264,True,ok
36.17054637724776,CAMERA,0.12370358705753404,-0.05056642431002567,1.1396368566256254,True,ok
36.17951033859256,FLOW,0.005568134681655401,-0.0485769123816102,0.8779527566502743,True,ok
36.181322363366924,LIDAR,0.02154346614166469,,0.4512133330737258,True,ok
36.1864169537867,LIDAR,-0.02149936148068754,,0.45303321984033545,True,ok
36.193270004551465,FLOW,-0.002106119227684111,-0.03698690821995261,0.5163045382812544,True,ok
36.19571269112357,LIDAR,-0.06665656031827494,,4.355462065244558,True,ok
36.207917138240575,BARO,0.3509485553680918,,1.0044068667798682,True,ok
36.21255960391074,LIDAR,0.004571191977726485,,0.020254050272628353,True,ok
36.22051938605419,LIDAR,0.07884578271365461,,6.052278043142818,True,ok
36.22340825252183,FLOW,-0.009988210111583129,-0.060090662154329136,1.339704843246268,True,ok
36.22785603479798,BARO,-0.0022726414109093263,,4.212028363901782e-05,True,ok
36.23254805268003,LIDAR,-0.0364219636849068,,1.2881317077771677,True,ok
36.23877194433017,LIDAR,0.00976049526853684,,0.09312646540305834,True,ok
36.249624053987034,FLOW,-0.026598935433960857,-0.003895069386432512,0.2587012972366201,True,ok
36.251326093498314,FLOW,0.028529649780422384,0.06901009577687814,2.1525033436821994,True,ok
36.25483014870166,LIDAR,-0.0027799400389643125,,0.007481662088583339,True,ok
36.26226418391133,LIDAR,0.008990452712056562,,0.0786795449522613,True,ok
36.26715704844709,BARO,-0.23454162908966847,,0.44862376396993103,True,ok
36.27090791844584,LIDAR,0.043843038558026404,,1.875999418502396,True,ok
36.27538087490626,LIDAR,-0.007808387300165975,,0.059998427067583855,True,ok
36.282870389823884,FLOW,-0.007042199290309803,-0.06742066168249294,1.6772158875381509,True,ok
36.286302082362795,CAMERA,-0.12351649126951258,0.03539463563997991,1.0534361280838949,True,ok
36.293290673431066,LIDAR,-0.015065353262291303,,0.2203152346714196,True,ok
36.29591568166578,LIDAR,-0.04636460628907413,,2.1122495866350888,True,ok
36.299843311585846,FLOW,-0.04174522573580708,0.13813039155499882,7.718490010668184,True,ok
36.3108720248858,LIDAR,0.010252429926969064,,0.10236854376408785,True,ok
36.3140790705756,BARO,-0.20042883106007192,,0.327622178802198,True,ok
36.31870569016356,LIDAR,-0.05840977448242546,,3.335053290549079,True,ok
36.32118705067375,FLOW,0.021736083945279372,0.03953657596164998,0.7498344014817143,True,ok
36.32965187239194,LIDAR,0.009529825737246256,,0.08861390445684413,True,ok
36.332979794256644,FLOW,-0.039940812116519675,0.01316295667980251,0.6722432247475543,True,ok
36.33703649359913,LIDAR,0.015413558800386085,,0.23272319350957943,True,ok
36.35083804572866,LIDAR,0.023505880125421985,,0.5376831212760962,True,ok
36.358505655637686,LIDAR,-0.029655558086684408,,0.8592790981825896,True,ok
36.36228605615476,BARO,-0.11102219215811626,,0.10052605607278284,True,ok
36.362397445135755,FLOW,0.0005410585932850154,-0.02776668182686344,0.28049848496222485,True,ok
36.37223205784617,LIDAR,0.0003088746404760201,,9.266703213830565e-05,True,ok
36.37631742518837,CAMERA,-0.05719350315477101,0.09103809832754628,0.725435434377872,True,ok
36.37823240895781,LIDAR,-0.05719557178094048,,3.1996416095491087,True,ok
36.3835155172894,FLOW,-0.02332375152659072,0.003592276702990116,0.20356583205369252,True,ok
36.38583936389828,LIDAR,0.024065757531051002,,0.5682318124687165,True,ok
36.40013671878771,LIDAR,0.00414382014448389,,0.01671921104652055,True,ok
36.40099211288499,BARO,-0.543507462771176,,2.409216840598035,True,ok
36.40759104457915,FLOW,-0.12084671022188176,-0.08411069717561327,7.859535420095159,True,ok
36.4118409841428,LIDAR,0.01216174444566498,,0.14370608218823752,True,ok
36.419240166543695,LIDAR,0.0006410121739097718,,0.00040112882543731886,True,ok
36.42681668003835,FLOW,0.0343411211468585,0.008067046080919849,0.45693355129923646,True,ok
36.428672406791335,LIDAR,0.017806803977019836,,0.3097674995913933,True,ok
36.431470278437516,BARO,0.13545839375737945,,0.14964967139810897,True,ok
36.44190508456683,LIDAR,-0.02087787401051644,,0.4236580403179221,True,ok
36.445619357608486,FLOW,0.035623582255831954,0.0112234703666865,0.5164639662660993,True,ok
36.45277902498093,LIDAR,0.0287886795900274,,0.8050389707016766,True,ok
36.45723858953087,LIDAR,0.00039760603225102997,,0.00015499047036954359,True,ok
36.458913494504976,FLOW,-0.01777761653527432,-0.0257674704237955,0.37119129400538287,True,ok
36.4713010063543,BARO,-0.2870507143184957,,0.6719394079132605,True,ok
36.47150174303831,LIDAR,-0.02045284788022128,,0.4071313774028961,True,ok
36.475420040599495,FLOW,0.10880516823145348,0.10349885465063204,8.5655774031922,True,ok
36.48080449245916,LIDAR,0.05913311659088816,,3.4083787722979904,True,ok
36.492246183230854,LIDAR,0.014998685680944757,,0.2188285504441274,True,ok
36.499854221836216,FLOW,-0.047947775797525294,-0.08052725150359834,3.256320135772174,True,ok
36.50095532645526,LIDAR,0.03581154937478814,,1.2506707457864177,True,ok
36.51185229849308,LIDAR,-0.0492147710517834,,2.3589637288550445,True,ok
36.517003227368726,LIDAR,-0.006978792544941381,,0.0477992543955497,True,ok
36.52250431853475,BARO,-0.1273212053093613,,0.13220994879784212,True,ok
36.52544786309714,CAMERA,0.16125781113142068,0.15172679076552464,3.0625558010826412,True,ok
36.52679342215687,FLOW,0.10135579722250032,-0.04335227146855447,4.407092306380924,True,ok
36.530005209116915,FLOW,-0.05210538655726027,0.053889536110114614,2.1774575179795117,True,ok
36.53222808869088,LIDAR,-0.018904181170914747,,0.3475958764105479,True,ok
36.53864432193624,LIDAR,0.02210366367997807,,0.47808552826159795,True,ok
36.5439287943677,BARO,0.2026184522471084,,0.3348214594402259,True,ok
36.55215238247726,LIDAR,0.02723494202478971,,0.7216013121789382,True,ok
36.5601385731044,LIDAR,0.03367978355635248,,1.1075133704389273,True,ok
36.564648291350785,FLOW,4.2166061638981844e-05,0.07231312930541638,1.894641202638698,True,ok
36.56947281151246,LIDAR,-0.023726752493887115,,0.5501138711663248,True,ok
36.57368981577865,CAMERA,0.09503344449894513,0.007810306031814651,0.5803324720400623,True,ok
36.579749996159755,FLOW,-0.08706155881793154,-0.11294446034883956,7.567735607734239,True,ok
36.58333670079003,LIDAR,-0.05216717651999225,,2.642788011390474,True,ok
36.586178079626656,LIDAR,-0.02768136204831917,,0.7529185455306246,True,ok
36.59115007862591,BARO,0.4194857665403404,,1.4351699423456323,True,ok
36.597845677244976,LIDAR,0.0024798872580147346,,0.006019961927129161,True,ok
36.59835200246032,FLOW,-0.040385571107531604,-0.02089619060289387,0.7716212246076195,True,ok
36.614688595184596,LIDAR,0.009524727223276575,,0.08782050636269231,True,ok
36.61484229221333,FLOW,0.059386782127204496,0.02046790761412695,1.4868946793638547,True,ok
36.6181996422188,LIDAR,-0.013099262765689623,,0.1680168383644814,True,ok
36.633771383508616,LIDAR,0.005296982336171485,,0.02722133873740378,True,ok
36.63580265957917,LIDAR,-0.010597342979780322,,0.11040044326931756,True,ok
36.64694432521361,FLOW,0.08319485011715089,0.01015288993351296,2.5261257805470394,True,ok
36.64854010236303,LIDAR,0.006896922224914892,,0.046500763465583156,True,ok
36.64904754454455,BARO,0.04256221541575256,,0.014774962357210928,True,ok
36.65270588951738,FLOW,0.008851442635182671,0.03006569506571541,0.3753488955779637,True,ok
36.66209494343694,CAMERA,0.07019599683928845,0.027617692650837355,0.36142432445243655,True,ok
36.66284423028743,LIDAR,-0.009348095861233752,,0.08484052539205468,True,ok
36.67489134203929,LIDAR,0.0215668913168523,,0.45058083152219314,True,ok
36.6751230850104,LIDAR,0.01532242154732888,,0.231149921063075,True,ok
36.67873684167593,BARO,-0.2482699106639199,,0.502724402754342,True,ok
36.68784589780547,LIDAR,-0.009501405118621964,,0.08837388734020131,True,ok
36.689871599463274,FLOW,-0.019269543624719443,-0.09038102742558343,3.0419825489965273,True,ok
36.70030813001155,FLOW,0.016277603614344383,-0.017047679259487247,0.20829395001362264,True,ok
36.70057163572566,LIDAR,-0.056709025799168256,,3.1329900355943865,True,ok
36.705421762321954,BARO,0.062319026932146304,,0.031672786978282276,True,ok
36.71076993838084,LIDAR,-0.04080827280826371,,1.622480215326484,True,ok
36.72485866800402,LIDAR,-0.015104572796155402,,0.22094261590707215,True,ok
36.72489403558015,FLOW,-0.012041516150349318,0.03843145894097609,0.5946664569669999,True,ok
36.72666788171135,LIDAR,0.07485684767773026,,5.50263102659444,True,ok
36.74111908968857,LIDAR,-0.016289165321503596,,0.25848076604349635,True,ok
36.7495036661029,FLOW,-0.015420780725243999,0.07705842241210681,2.2416141697898424,True,ok
36.75026848796769,LIDAR,-0.030894201524692466,,0.9312464239892461,True,ok
36.751596788853554,CAMERA,0.1757669548543106,-0.02973639240313153,2.0324077396765907,True,ok
36.75360290942129,FLOW,-0.08742899410503524,0.037140651626220766,3.493157581850295,True,ok
36.75482984435295,BARO,-0.28980272501972637,,0.6849451065158086,True,ok
36.75778559788649,LIDAR,-0.012095668228961465,,0.14329743986795015,True,ok
36.774603754864685,LIDAR,0.013717333563095568,,0.18224486919869673,True,ok
36.78244883179738,FLOW,0.07922283466924895,0.018120044606729432,2.4400393683589225,True,ok
36.783775610436145,LIDAR,-0.005282600510142288,,0.02710105060776106,True,ok
36.790546362169366,LIDAR,0.043242833017525406,,1.8266003491249232,True,ok
36.79200414130351,BARO,-0.36882588796361526,,1.1094648196197754,True,ok
36.79300473796752,FLOW,0.052010263106946786,0.029841572137090072,1.3752119375891376,True,ok
36.79930259427481,LIDAR,0.013550776952660826,,0.17967845613593803,True,ok
36.814016101214925,FLOW,-0.032731220713486664,-0.03777361077210928,0.9406620189485009,True,ok
36.81428696334605,LIDAR,-0.035997771394086886,,1.2576464806733185,True,ok
36.82413880534619,LIDAR,-0.018348315422092032,,0.3271449619663951,True,ok
36.82490329523024,BARO,0.05425676964175441,,0.02400864424180399,True,ok
36.82582158071719,LIDAR,-0.025613575282759538,,0.6461487328481033,True,ok
36.83388374375219,FLOW,-0.008785429797873112,-0.0652543150602709,1.6206154308088427,True,ok
36.83734303409574,LIDAR,-0.011916606641610095,,0.13929231730433136,True,ok
36.85319266508003,LIDAR,-0.016275542884275573,,0.2572567357142601,True,ok
36.86268589544081,LIDAR,0.018693382265214886,,0.3399303208393254,True,ok
36.86283979725371,FLOW,0.06481735669588384,0.021548641151441755,1.6894861279002285,True,ok
36.873409913734115,LIDAR,0.020452299895738157,,0.40668302888366026,True,ok
36.87717843054759,LIDAR,0.0033333292009825044,,0.010912410453137775,True,ok
36.87790161525069,FLOW,0.07643820915265254,0.01287731532051703,2.2390801859205323,True,ok
36.879167336203,CAMERA,-0.053360725912369844,0.1411283582362466,1.4202549481834519,True,ok
36.88995841505762,BARO,-0.053666685827467475,,0.023487390218263973,True,ok
36.89224083519795,LIDAR,0.03259656584777382,,1.034352199514899,True,ok
36.902251578764286,FLOW,-0.0923876657897722,-0.023827625821976117,3.3422262081473444,True,ok
36.903625139710165,LIDAR,-0.0006479499867872995,,0.0004080038109944603,True,ok
36.908947980602875,LIDAR,0.003910642584313173,,0.014979348659605528,True,ok
36.91532150547547,BARO,-0.39039647815971845,,1.2429796165768292,True,ok
36.91820710796772,FLOW,-0.08922841388197134,-0.03706721167896397,3.4929939989269325,True,ok
36.92369403966929,LIDAR,-0.03996188698841063,,1.5518795656290376,True,ok
36.927775786068956,LIDAR,-0.04398175756497569,,1.8982026785539694,True,ok
36.93526380686846,LIDAR,0.003528701938573242,,0.012251243868443276,True,ok
36.939977513982754,FLOW,0.040933031133508324,-0.05297389187102944,1.6591299805697304,True,ok
36.94088825688749,BARO,-0.32425877720557184,,0.8575367015367741,True,ok
36.949970887987575,LIDAR,-0.02028606245225273,,0.4014156843896005,True,ok
36.95498695055796,FLOW,-0.005050929912927549,0.03444979174641931,0.45671826306823354,True,ok
36.959446856317015,LIDAR,0.031027176389104127,,0.9397938096467597,True,ok
36.97456388235206,LIDAR,0.015756897909859457,,0.2404456791368435,True,ok
36.98048646676807,LIDAR,0.02876195480275623,,0.8073307734893389,True,ok
36.98802822303683,FLOW,0.027727709521166766,0.0030650675593470456,0.27978558173189744,True,ok
36.9917987111681,LIDAR,0.016044343012260764,,0.25069967072372895,True,ok
37.001771591552064,FLOW,0.024194813445347352,0.03112464511903687,0.578733137697251,True,ok
37.00498228117839,LIDAR,0.015602583868493447,,0.23600621402400349,True,ok
37.00858619863686,LIDAR,-0.04118470958908116,,1.6625337721565216,True,ok
37.00891523154649,BARO,-0.23501976938021718,,0.45050032333409745,True,ok
37.0139188789689,CAMERA,-0.08066383853189052,-0.13777523838600336,1.5792667499498045,True,ok
37.023421198467744,LIDAR,0.00926800063584654,,0.08350698715728067,True,ok
37.02440780497286,FLOW,-0.02536060763515824,0.030147795319038412,0.5726631012723791,True,ok
37.02446543258833,BARO,0.12337632365764062,,0.12414328391601723,True,ok
37.0319597162681,LIDAR,0.0018148315945683002,,0.0032116732690830123,True,ok
37.034381519962714,FLOW,-0.006516388386667016,0.004934753456875968,0.02560456778099865,True,ok
37.042884203240625,LIDAR,0.06485195413974898,,4.095687788812172,True,ok
37.05311990072681,LIDAR,-0.0028818703298609805,,0.008087628883704484,True,ok
37.05400865551036,FLOW,0.08860465655305405,0.11179319092822426,7.715426328433154,True,ok
37.05817719274129,LIDAR,-0.05172913374996124,,2.6263116315166393,True,ok
37.06506124457009,LIDAR,0.018703570641579237,,0.34455297970520166,True,ok
37.07641353665739,BARO,-0.05371250087353774,,0.0235283934811547,True,ok
37.083015679090366,LIDAR,-0.020933397305851198,,0.425704884658837,True,ok
37.085690152999355,FLOW,0.023175538600245238,0.06148887406617441,1.5594579062631149,True,ok
37.09415006265846,LIDAR,0.08687341887516675,,7.3248712453928,True,ok
37.09856232351225,LIDAR,0.03514360548284934,,1.2101776776203632,True,ok
37.10709321324651,LIDAR,0.039865215150397315,,1.5593363156152908,True,ok
37.107911207868746,FLOW,-0.020316605753307737,-0.020846395828470407,0.30862077700453694,True,ok
37.10886710804761,CAMERA,-0.01180929391805563,-0.08059510955293758,0.4098298005262807,True,ok
37.10950635910478,BARO,0.4441156499243033,,1.6086830006980686,True,ok
37.11665043366255,FLOW,-0.002012336477387189,-0.11955078845168549,5.458209896216094,True,ok
37.11907955108658,LIDAR,-0.01629532062686856,,0.25949768366495835,True,ok
37.13497497874919,LIDAR,-0.024512011081524232,,0.5816857290963338,True,ok
37.13928504316238,LIDAR,-0.020249887382152387,,0.40106043586948664,True,ok
37.145569742112926,FLOW,0.0019025314216900568,-0.042608297806080206,0.6660853963655613,True,ok
37.147999999696665,BARO,-0.25885712033129193,,0.5464564012447102,True,ok
37.15142017994277,LIDAR,0.015787819442855344,,0.24290164506142567,True,ok
37.154323534545284,CAMERA,-0.0651743152080897,0.13893469294706495,1.4776510920460593,True,ok
37.15504776226176,FLOW,-0.03251915412641049,0.006879746125682207,0.42296310500926837,True,ok
37.16198201929369,LIDAR,-0.034224773178867185,,1.1407238973515894,True,ok
37.172252508037936,LIDAR,-0.021471344596802222,,0.44893238203947006,True,ok
37.17694629037781,FLOW,0.017480474116155387,0.03575598504239756,0.5944064331042805,True,ok
37.1835658477994,LIDAR,0.007772093732463681,,0.0587240927565952,True,ok
37.188526803032815,LIDAR,-0.06644616666338088,,4.328122525846001,True,ok
37.191648704594954,FLOW,-0.04710759342928106,-0.031226030327401635,1.2160423749518579,True,ok
37.19454122829911,BARO,-0.14103752923415191,,0.16222805276989485,True,ok
37.20276398541474,LIDAR,0.034671335777332946,,1.1698871279002203,True,ok
37.20515370913379,LIDAR,0.006464356382147152,,0.04115764015029866,True,ok
37.22057119484904,LIDAR,0.02585904226581981,,0.6520561018328019,True,ok
37.22843969834571,FLOW,0.010194757239625263,-0.028337504415409567,0.32322033493419844,True,ok
37.230977235605934,LIDAR,0.029871061374911356,,0.8696076805522771,True,ok
37.24161466546526,LIDAR,-0.0026525251327087496,,0.006851668319748453,True,ok
37.242435287736946,FLOW,-0.027522329186429717,-0.0185183359453627,0.40851063120526887,True,ok
37.244405243192816,BARO,0.25141351366718157,,0.5155041336558434,True,ok
37.24637663132325,LIDAR,-0.05598404055539552,,3.0778434937598163,True,ok
37.25861840552437,LIDAR,0.011630403695307656,,0.13221679420047008,True,ok
37.26100095079915,FLOW,0.04423747413769541,-0.000932819567899118,0.7315560256835267,True,ok
37.26557352470402,LIDAR,0.03876153413935457,,1.4747854672536218,True,ok
37.273263859133046,BARO,0.20801101587319737,,0.3528775158842535,True,ok
37.27775758474741,FLOW,-0.02475976412746661,0.04162862109567807,0.8850054936836265,True,ok
37.27813719641504,LIDAR,-0.011873927915811766,,0.13770881080648678,True,ok
37.2933657217279,LIDAR,0.032070995090041965,,0.9963404610117916,True,ok
37.295460136568956,LIDAR,0.012385981965988169,,0.15061724668007812,True,ok
37.29964430102701,FLOW,0.010551250382518695,-0.0007638338209411399,0.041803356161340975,True,ok
37.30658472803923,LIDAR,-0.024042004282463836,,0.5658321118369132,True,ok
37.3172766615839,BARO,0.2330788106226147,,0.44302943544891,True,ok
37.31790761624236,LIDAR,-0.012789132844080342,,0.15970364683307647,True,ok
37.329867163151775,FLOW,0.016929690167700073,-0.0068827976768857935,0.12041255089675451,True,ok
37.33052543594886,FLOW,0.01590330933495454,-0.07551419526003098,2.3242844722793863,True,ok
37.331657366478616,LIDAR,-0.0234644731231608,,0.5344181532858797,True,ok
37.34067749274642,LIDAR,0.05197176197510478,,2.628295930377827,True,ok
37.346327011235196,CAMERA,0.1293763223690263,0.07246493422391342,1.3794184329528876,True,ok
37.346349636231,BARO,0.012948558555264889,,0.0013673507878095696,True,ok
37.35122485376112,LIDAR,0.00443876924786224,,0.019167487665884064,True,ok
37.354912058150504,FLOW,0.019477071379450095,0.05500058826770464,1.28497732323495,True,ok
37.36494034761379,LIDAR,0.01956792995356027,,0.37058089499569863,True,ok
37.3703454495954,LIDAR,0.03270382994620524,,1.0440813215372682,True,ok
37.374763281879716,FLOW,0.010775613793498229,0.09297393099347799,3.2923889096845578,True,ok
37.380434856729806,LIDAR,0.0003842734237560208,,0.00014411279267189013,True,ok
37.38794878133339,LIDAR,-0.045857646831368726,,2.059906701291919,True,ok
37.397434383013476,LIDAR,-0.035234373841083855,,1.2160563886933475,True,ok
37.40387164476427,FLOW,-0.017374492242667516,0.05556106184508097,1.2292922803045416,True,ok
37.405810426159285,BARO,0.06404012698356487,,0.03344613312224618,True,ok
37.40607705660681,LIDAR,-0.05097550840999521,,2.548833641083853,True,ok
37.41802594120215,FLOW,0.01464554808414431,-0.07729727554252125,2.3148541825405102,True,ok
37.42347746558228,LIDAR,0.02755144285999478,,0.7354348049689543,True,ok
37.42843180073642,LIDAR,0.0019813232978171946,,0.003838007013272523,True,ok
37.43016830077781,BARO,0.29240490942242303,,0.6973343380060151,True,ok
37.4414452344542,CAMERA,0.02566292107850643,-0.08271588949065523,0.46489110018107976,True,ok
37.44159482069276,FLOW,-0.03212459586640204,-0.021155443651028713,0.5466601749643551,True,ok
37.444604763073116,LIDAR,-0.00175140036321908,,0.002969743468092642,True,ok
37.454824219803676,LIDAR,-0.06350741934183457,,3.9093741984409482,True,ok
37.46227355473215,LIDAR,0.002861100743987599,,0.007975826620049635,True,ok
37.4637342221189,FLOW,0.03615901441341185,0.03071247639037171,0.8278031296512229,True,ok
37.46760971816804,LIDAR,0.037478368640532,,1.3786181871244778,True,ok
37.467864714974,BARO,0.4183223643333158,,1.4272914355601487,True,ok
37.47593076514465,FLOW,0.059977929458884915,0.061030179728564345,2.7833311521077353,True,ok
37.480628086151626,LIDAR,0.019598176494986852,,0.37485957548887516,True,ok
37.48582549134132,LIDAR,0.006173554594089303,,0.0374645415888546,True,ok
37.49011586685211,FLOW,-0.05580073315074685,0.041200777847678255,1.8527323271059788,True,ok
37.50160527876592,LIDAR,-0.009948006335229298,,0.09629108864717088,True,ok
37.5055413472304,LIDAR,0.02172558681458625,,0.463731535536549,True,ok
37.50990560384407,BARO,0.1498744432595247,,0.18320061726995243,True,ok
37.5128415416561,CAMERA,0.0671559333657612,0.06452879562061575,0.5423043345261023,True,ok
37.51983183284325,LIDAR,0.023910524545081913,,0.5573588520176449,True,ok
37.52400967580197,FLOW,-0.015904217999700654,-0.07117503674791605,1.927531848564903,True,ok
37.52833019031166,LIDAR,-0.03523014260344892,,1.2129103463479667,True,ok
37.53081449698792,FLOW,0.01312223086716613,0.06738855217697877,1.8084785331615394,True,ok
37.53856510400015,LIDAR,-0.010406278526934098,,0.10575103081677545,True,ok
37.55024697302913,LIDAR,0.01678420798489233,,0.27433992686114705,True,ok
37.55130596101038,FLOW,-0.061349115157431466,-0.03708179124292543,1.947825552697174,True,ok
37.55507674125988,BARO,0.5806713643702497,,2.7498232579002537,True,ok
37.556931648185284,LIDAR,-0.019851472838383177,,0.38588114690927716,True,ok
37.57179975601695,LIDAR,0.0039828995665183164,,0.015407258139641179,True,ok
37.575212493697364,FLOW,0.008152323026816122,0.012320543645463283,0.08103420578676947,True,ok
37.58398652710898,LIDAR,0.034270648277837434,,1.1378491704703158,True,ok
37.587392264520865,BARO,0.5794798118207516,,2.7385057364645133,True,ok
37.593430185867255,FLOW,0.0010941846030072533,-0.038524284053109065,0.5561245660034706,True,ok
37.59362594869022,LIDAR,-0.007397149204703357,,0.05311992837094943,True,ok
37.604203193503395,LIDAR,-0.007735774619098468,,0.05809913110656728,True,ok
37.61468130507412,LIDAR,-0.03862674491996776,,1.448879990982342,True,ok
37.61827316494116,FLOW,-0.01347821833533036,-0.060218483728104,1.3990669257298507,True,ok
37.61837672866455,LIDAR,0.01891868750513792,,0.3512289771444948,True,ok
37.62588677041428,LIDAR,-0.04730618994231239,,2.201830356333679,True,ok
37.63387877316467,CAMERA,0.001083186693669802,0.023712085910852387,0.03477937512925721,True,ok
37.63431726550893,FLOW,-0.08730543409086633,0.010271056969064774,2.901058159970456,True,ok
37.635046552082585,LIDAR,-0.06509084852336189,,4.167144252805494,True,ok
37.645035744790235,BARO,0.17637422855594664,,0.2536968278778671,True,ok
37.64648191921622,LIDAR,-0.06952378839855466,,4.73698674066302,True,ok
37.65068119119707,FLOW,0.016814206901709206,-0.07083883765442689,2.0029295792720236,True,ok
37.65746185386295,LIDAR,0.09759594752470457,,9.312541068030535,False,gate
37.667338844576655,LIDAR,-0.005616090932725637,,0.03037177551789243,True,ok
37.67536839241075,LIDAR,0.015781643563697045,,0.241200060448727,True,ok
37.67784698052267,FLOW,0.007515482790838579,-0.062355500339320996,1.4464449044425849,True,ok
37.67935622159785,BARO,0.04575843183975481,,0.017075563356694003,True,ok
37.68799264601196,LIDAR,-0.011667654109861036,,0.1315120253737494,True,ok
37.69299914129713,CAMERA,-0.0530221879227426,0.03904562318697424,0.2752881207407454,True,ok
37.69842046068296,FLOW,0.06921165438500454,-0.01422920647988557,1.8438733084257708,True,ok
37.70340384147115,LIDAR,0.021295403717541017,,0.4352840860818921,True,ok
37.70549595366559,LIDAR,0.05757801404787122,,3.2319188608002523,True,ok
37.71497278002988,BARO,0.28787593244263565,,0.675822097818941,True,ok
37.71709135188226,LIDAR,-0.04371940344073133,,1.8593418816726737,True,ok
37.724110188358196,FLOW,0.015785028240848265,0.06380257506457285,1.5714123298278408,True,ok
37.73203971652478,LIDAR,0.014197384779590205,,0.1947029452571374,True,ok
37.74004330722293,FLOW,-0.0712095711248516,-0.07051064653223646,3.7502298567283283,True,ok
37.74165746702022,LIDAR,-0.05684474074859436,,3.1294314745440492,True,ok
37.75475293312469,LIDAR,-0.02948243096237846,,0.8390310214133649,True,ok
37.75602890402376,LIDAR,0.020554318400269,,0.41416379099102957,True,ok
37.76061019683043,BARO,-0.2735568511727755,,0.6103227075793493,True,ok
37.764222482958495,FLOW,0.029745019602056777,-0.014174812086443223,0.39973237344832857,True,ok
37.77459414941338,LIDAR,0.05380222842138327,,2.798587320645498,True,ok
37.775530766360866,LIDAR,-0.02027416062530163,,0.4036481095375123,True,ok
37.781575041762764,BARO,-0.4256654594989797,,1.4777410475067563,True,ok
37.784975475410036,FLOW,-0.02461818925877801,-0.044311834439622416,0.9492697072256818,True,ok
37.78913046720661,LIDAR,-0.016093129041458987,,0.25266502552616704,True,ok
37.792930345727584,CAMERA,-0.05882817897561665,0.08561380492199167,0.6789536960970954,True,ok
37.80419259199842,LIDAR,0.04547100561714412,,2.001556856381818,True,ok
37.80515892182377,FLOW,0.004024635332350313,0.14074567496033571,7.357542798622746,True,ok
37.80700705517919,LIDAR,0.018939580458653182,,0.35161370703234435,True,ok
37.82060716831148,LIDAR,0.009513069935354945,,0.08814605133438264,True,ok
37.82217779840317,FLOW,0.07058861060696042,0.008591238944357898,1.9053809168817832,True,ok
37.829140775828044,LIDAR,0.022763997496445754,,0.506017293857678,True,ok
37.8359513043263,LIDAR,-0.021293375576820317,,0.4448087662489289,True,ok
37.83689249890199,FLOW,-0.06613719308763988,-0.03271772821846822,2.0826811605840714,True,ok
37.839920382017525,BARO,0.09001404995323092,,0.06608307807159086,True,ok
37.850374728545546,LIDAR,0.016518095505165586,,0.2656254910252261,True,ok
37.854385425767724,CAMERA,0.18284178970960596,-0.2615399820737454,6.431191247529208,True,ok
37.8553530314987,LIDAR,-0.047842846379236637,,2.2462865646798322,True,ok
37.865198121405015,FLOW,-0.0067018850315963,-0.025289891577891688,0.25181181893381605,True,ok
37.86809340002286,BARO,-0.054228357593823606,,0.023981484492676886,True,ok
37.870917669598555,LIDAR,0.01539614373471343,,0.23043159247158781,True,ok
37.8729635247769,FLOW,0.08421469804403436,-0.06939031891701475,4.60619987093888,True,ok
37.87787810984778,LIDAR,0.007549611319455973,,0.05570292003488138,True,ok
37.88622120207761,LIDAR,0.02504262000480173,,0.6142221500699256,True,ok
37.89823984404972,FLOW,0.01796821522450287,0.08173976135726362,2.623731307472877,True,ok
37.899847091014756,LIDAR,0.03315035089498597,,1.0695823991525957,True,ok
37.909016611070115,LIDAR,-0.005025434433125753,,0.02462238873914314,True,ok
37.91742716513901,BARO,0.005732377504293229,,0.0002679768452086752,True,ok
37.920999945056764,LIDAR,0.020168720910587634,,0.39548022875033645,True,ok
37.92774906051505,FLOW,0.03738556289959538,0.03271208900676165,0.8960991144935827,True,ok
37.92932284844141,LIDAR,0.013847665745487792,,0.18703472378864058,True,ok
37.934325932446505,FLOW,-0.036063425713210195,0.03457568035215275,0.9621141742149901,True,ok
37.93799484163601,LIDAR,0.012815669755770642,,0.1605247224204197,True,ok
37.944208855421316,BARO,0.3134257703992751,,0.8011544728934236,True,ok
37.94994811506721,LIDAR,-0.06652398154298389,,4.311357244545041,True,ok
37.950777483983764,FLOW,0.012145768362713527,0.01267783831426647,0.11872116747271377,True,ok
37.96204049913915,LIDAR,-0.005220241888540755,,0.026470393415509306,True,ok
37.96659254016242,LIDAR,0.024746885763030857,,0.6003220663806765,True,ok
37.97836537216861,FLOW,0.015119165587281547,0.02412099190621196,0.30057193804343124,True,ok
37.98152905878567,LIDAR,-0.014216681525122343,,0.1964602060371993,True,ok
37.98608362256351,LIDAR,0.01235991659856861,,0.14983312709299226,True,ok
37.98949959697813,BARO,-0.6113969255320912,,3.0487258493378797,True,ok
37.99754976745747,FLOW,-0.011238870918347299,-0.036989350840138796,0.5578006737043821,True,ok
37.99890344302868,LIDAR,0.024804103538941025,,0.6002954236323875,True,ok
38.01480875497243,LIDAR,-0.0007717137605576241,,0.0005758036130056669,True,ok
38.015992671022346,LIDAR,0.011607848347988892,,0.13227454321862972,True,ok
38.01897341935707,FLOW,-0.033157297432929944,-0.051822671427350475,1.4086122971087258,True,ok
38.01928505498189,CAMERA,0.23430085842026926,-0.13041940905534677,4.565973967039632,True,ok
38.02089925142093,BARO,0.2736330601309418,,0.6106659545262607,True,ok
38.031958535130826,FLOW,-0.0793612100664789,-0.029447702700113737,2.741618038915557,True,ok
38.03278732548427,LIDAR,-0.002077977925924568,,0.004190714858822319,True,ok
38.04429444268868,LIDAR,-0.024358130706810588,,0.5750817679716362,True,ok
38.04625748359306,LIDAR,-0.01403483228656377,,0.1935158351909677,True,ok
38.05563202987381,LIDAR,0.043417033780063896,,1.8512006863474206,True,ok
38.066273956331756,FLOW,0.06576924947945861,0.06825462096245626,3.2440005382156674,True,ok
38.06884953631278,LIDAR,0.04222818023971309,,1.7404958485068165,True,ok
38.079398055700665,BARO,0.24528206578080702,,0.49062621457973643,True,ok
38.082118787753416,LIDAR,0.006074066357852015,,0.035831413757427724,True,ok
38.082782251778234,FLOW,-0.06578421080710961,0.027770388879737554,1.897607788122133,True,ok
38.08578290211974,LIDAR,0.007253374587886441,,0.051635143324597406,True,ok
38.09137371318188,CAMERA,0.2197567502552218,-0.23649797620474855,6.584903302113816,True,ok
38.09538209500209,FLOW,-0.02335698276974285,-0.003529705313913417,0.21371053777928375,True,ok
38.103239412108366,LIDAR,-0.022807935531384604,,0.5041933065101294,True,ok
38.111935553932646,LIDAR,0.011496654031448283,,0.12852732206525955,True,ok
38.11960937157415,LIDAR,-0.008103866599797449,,0.06412833862404553,True,ok
38.120340644724465,BARO,0.028544334600114407,,0.006645282775266035,True,ok
38.12269851822274,FLOW,-0.030967112987865142,-0.002999153659001691,0.3585073126102948,True,ok
38.13056937246694,LIDAR,-0.025473573670092176,,0.6326620951882296,True,ok
38.13187094214221,FLOW,-0.0024259122699885616,-0.02332211418503574,0.21203770127145963,True,ok
38.13796818774425,LIDAR,0.04240124737615725,,1.759998092018855,True,ok
38.15417599909605,LIDAR,-0.03941191630282104,,1.5052121347503802,True,ok
38.16433476707215,LIDAR,0.017461340548113213,,0.2957796136905651,True,ok
38.16682862342854,BARO,-0.2098666838975709,,0.35919701189631914,True,ok
38.16704388367137,FLOW,0.02758010932950672,0.03846337848962007,0.8110790441387556,True,ok
38.170336899601494,LIDAR,-0.005264763351598756,,0.027086458443869442,True,ok
38.172078269687724,FLOW,-0.014271739002517547,-0.0646236487905835,1.6943732173091954,True,ok
38.17214303029811,CAMERA,-0.150405531988568,-0.003733981264635755,1.44463881601981,True,ok
38.18076955732574,LIDAR,0.01668554590561344,,0.2717977106178543,True,ok
38.18914099356798,LIDAR,0.008248830315464417,,0.06658254755301868,True,ok
38.19120390158575,FLOW,0.08822408455763076,-0.02471212885089491,3.2215178559534765,True,ok
38.20057683920147,LIDAR,-0.008104638272953935,,0.06409725579445753,True,ok
38.20659220746182,BARO,-0.18920018098116875,,0.29193520730466094,True,ok
38.20972980012239,LIDAR,0.005772511917792489,,0.03255995889219682,True,ok
38.21553766064388,LIDAR,0.06519409754089756,,4.178111477987517,True,ok
38.216353193149416,FLOW,-0.017390318991585607,-0.06026551393189536,1.4690687417167994,True,ok
38.22830370910995,LIDAR,-0.009209195584614083,,0.08290139858588326,True,ok
38.231570415126,FLOW,0.03093008750092352,0.10844873786318217,4.835611940955896,True,ok
38.23674155977105,BARO,0.210828705183276,,0.36248882047158,True,ok
38.239722111350886,LIDAR,-0.02457622238484891,,0.5889637859552043,True,ok
38.2544416185434,LIDAR,0.05596496891800884,,3.0323258196406386,True,ok
38.26041480414548,LIDAR,-0.025848099989032036,,0.6518314106120112,True,ok
38.262366657677845,FLOW,0.07525054174141288,0.07901535610940569,4.342356454931792,True,ok
38.26635271233584,BARO,0.5386000218597093,,2.3657884620929415,True,ok
38.27083992770549,LIDAR,-0.017456932490814925,,0.29714866663220524,True,ok
38.28109888278009,LIDAR,-0.06841277672531243,,4.562249916004883,True,ok
38.28873877567269,LIDAR,-0.02048998680085301,,0.4107802383766027,True,ok
38.28910473837741,FLOW,-0.09221956291620759,-0.04397236190029993,3.7647558511406825,True,ok
38.292302775196205,FLOW,-0.034935114106579124,-0.0034497024858683445,0.47929847220538224,True,ok
38.300831615469015,LIDAR,-0.02972833879132164,,0.8614637759980625,True,ok
38.307445004678804,LIDAR,-0.02347272570264325,,0.5399076067788717,True,ok
38.315595093895475,LIDAR,0.013861036783556546,,0.18863425630080255,True,ok
38.320430437473576,BARO,-0.6542773401742885,,3.4913313571178755,True,ok
38.32350694114457,FLOW,-0.016920982430525422,0.0406850858449027,0.7149918055696916,True,ok
38.32827095847663,LIDAR,-0.006900326097338372,,0.046507277247745185,True,ok
38.32964458418588,CAMERA,0.11948464485134025,0.10747294329144674,1.6106159154041995,True,ok
38.33335236734836,FLOW,-0.08714336173574222,0.07171395276777673,4.899734362274395,True,ok
38.33722913156867,LIDAR,0.031484870123259956,,0.969533036149956,True,ok
38.34559697798626,BARO,-0.04542271479756321,,0.01682609336500056,True,ok
38.35228153217515,LIDAR,0.0011203464675166863,,0.0012176961437571992,True,ok
38.35980305159863,LIDAR,-0.029125103365100546,,0.8269695438013548,True,ok
38.36281633552728,FLOW,0.06956969251898792,0.010380493392411663,1.8247678803989325,True,ok
38.37101431551841,CAMERA,-0.03004648454929537,0.011542782169515764,0.06616263900770301,True,ok
38.37360369692541,LIDAR,-0.008466292760050287,,0.0694805569644739,True,ok
38.37557233633122,FLOW,-0.03200037806174283,-0.1336756656848634,7.190260524791339,True,ok
38.38235449945921,LIDAR,0.0007618436724396993,,0.0005644030371358331,True,ok
38.38621055725519,LIDAR,-0.01385060223628054,,0.18841361193560038,True,ok
38.38943055460469,BARO,-0.2608322299263004,,0.5548803634973715,True,ok
38.392724455132324,FLOW,0.017394351047505863,-0.04317480886030056,0.8279446814206247,True,ok
38.395672128306856,LIDAR,-0.0019371825444016721,,0.0036843003380016724,True,ok
38.40632132984154,LIDAR,0.031194755011085817,,0.9532854009464871,True,ok
38.416537891102834,LIDAR,-0.03584005289131831,,1.2569049194424278,True,ok
38.425436768442545,LIDAR,0.04889334285656677,,2.3416889005180326,True,ok
38.42930441331026,FLOW,0.009259468525083303,-0.0368740949135887,0.5184619561172629,True,ok
38.43121178686434,BARO,0.3621603515241061,,1.0696888054161318,True,ok
38.43935192726607,LIDAR,0.0200905237536797,,0.39275537141787253,True,ok
38.44054224761759,FLOW,0.010634125627859037,0.048306723159821305,0.9231600180060497,True,ok
38.450694150286516,LIDAR,-0.011309800240979495,,0.12427004817129492,True,ok
38.4595713864446,LIDAR,-0.005573207220750387,,0.030252501938667,True,ok
38.46343584111836,FLOW,0.010078103345569689,-0.026587801232251684,0.30153192671201146,True,ok
38.46503331425923,LIDAR,-0.015163828380828193,,0.22557446601573675,True,ok
38.47297381470323,FLOW,0.002700895401555714,0.011059558171918615,0.05024851778856075,True,ok
38.48011225160643,BARO,-0.23277681326260735,,0.44186386368732306,True,ok
38.48188045539675,LIDAR,-0.0028294898433447457,,0.007765054220438782,True,ok
38.491540789317085,LIDAR,-0.020047580690130573,,0.39045840815168525,True,ok
38.49601424550995,FLOW,-0.06213340570704484,0.061365354628884095,2.89038462095209,True,ok
38.4995835021254,LIDAR,0.06830639497260949,,4.550138163262694,True,ok
38.505939148833406,BARO,0.5657645122125978,,2.6104245740982424,True,ok
38.50762809954088,LIDAR,0.024764015752418267,,0.5999440310022031,True,ok
38.521201878680145,LIDAR,-0.001041269558986535,,0.0010543699483454,True,ok
38.52707135695171,FLOW,0.047336909437208474,-0.009653406552726757,0.8512316186726507,True,ok
38.53137587618591,LIDAR,-0.08197073772898023,,6.536395475508401,True,ok
38.53402134795775,CAMERA,0.16597226142278032,0.1330722285494188,2.8259207202167436,True,ok
38.53855609808195,LIDAR,-0.03894008181459574,,1.4822408507240583,True,ok
38.541727640841465,FLOW,-0.01748999878337465,-0.06356535810231673,1.6311174200107121,True,ok
38.55358601834392,LIDAR,0.008837273962830405,,0.0757271337786884,True,ok
38.55693928726499,LIDAR,0.00675416574537735,,0.04473757769569621,True,ok
38.561143678817885,FLOW,-0.024556999212376862,0.022752941851375746,0.4222810045596076,True,ok
38.56491180922498,BARO,-0.3814797793819631,,1.1868346284413476,True,ok
38.569249316536414,LIDAR,-0.0016161801511862528,,0.002550365669145701,True,ok
38.57577764312315,FLOW,-0.007545223718466665,4.260101046849041e-05,0.021847560720367063,True,ok
38.582694761892235,LIDAR,0.007479825219024683,,0.05433059395338668,True,ok
38.58918260350927,LIDAR,0.016713868927604736,,0.27298127034668324,True,ok
38.59051353010523,CAMERA,-0.1606890342723304,0.002259366019952136,1.6469270999306325,True,ok
38.59443223174956,FLOW,0.02176788383270467,0.024853533689302404,0.4172128067984496,True,ok
38.595762929139134,BARO,0.22670171238000503,,0.41913501781845297,True,ok
38.60319903383233,LIDAR,0.06040195289340744,,3.5426148810029816,True,ok
38.61373962799656,LIDAR,-0.011516027776549365,,0.12878540161367535,True,ok
38.615384945509525,LIDAR,-0.032149130491839095,,1.0173860558833352,True,ok
38.62346847438559,FLOW,-0.07532984693047018,0.0639681097011606,3.600568878564932,True,ok
38.623828821840625,BARO,-0.23928925284792513,,0.46698389967068604,True,ok
38.63134761653493,LIDAR,-0.00723270273916965,,0.050949823622485714,True,ok
38.64398088479536,LIDAR,-0.011995611621111735,,0.13962720733924572,True,ok
38.64509177603102,FLOW,0.08390069608472106,0.05528184518203752,3.732512867517625,True,ok
38.64588841094816,LIDAR,0.030877309161277733,,0.9375483910573799,True,ok
38.655432636048126,LIDAR,-0.025634025809842864,,0.6456424891884448,True,ok
38.658926534630424,FLOW,-0.04169388529969931,-0.05534003687572123,1.8267885217033362,True,ok
38.67315849905814,FLOW,-0.02951069002360096,-0.08392230741188159,3.057022508465661,True,ok
38.673313331104005,LIDAR,-0.05337350350781733,,2.7618748303088045,True,ok
38.67362757910438,BARO,0.10343422421059678,,0.08725379173894764,True,ok
38.68211363273108,LIDAR,-0.01300182840761499,,0.164414739436507,True,ok
38.6864540759726,LIDAR,-0.020489738270446978,,0.41208788435545723,True,ok
38.690094343730486,CAMERA,0.09426096898293679,0.20547483534209832,3.173401534010046,True,ok
38.695898694448836,LIDAR,-0.02709970969265818,,0.7206116062982603,True,ok
38.70657139401033,FLOW,-0.011104474445953416,0.02452314745237652,0.26410499358808265,True,ok
38.70817747823785,LIDAR,0.04724116239882381,,2.179869406289776,True,ok
38.713797244398016,FLOW,0.029208299844477703,-0.0046696732047039335,0.3385827164944868,True,ok
38.716356028183185,LIDAR,-0.019474266631353654,,0.3713650533382257,True,ok
38.72823463614095,BARO,0.1707566731393957,,0.23778076889287825,True,ok
38.72896831470844,LIDAR,0.021367015901220476,,0.44501768020803345,True,ok
38.73017577496653,FLOW,-0.008999452662522667,-0.022314480198989517,0.22412352265147137,True,ok
38.74081933770925,LIDAR,0.042967528718819814,,1.7947516303825697,True,ok
38.74697919689588,LIDAR,0.0389213487785276,,1.4822929951364754,True,ok
38.75313287403972,FLOW,-0.03824703916339334,-0.009294962952257013,0.5885072826963927,True,ok
38.76037085199269,LIDAR,-0.004956408869498663,,0.023899681848794693,True,ok
38.765988342331205,BARO,-0.6716153159887135,,3.678561641981357,True,ok
38.76800899993644,LIDAR,-0.042749539947496196,,1.7855173921360012,True,ok
38.78259721044167,FLOW,0.0649724636454031,-0.038997835468663505,2.104500892091335,True,ok
38.78390947072628,LIDAR,0.02058672616563806,,0.41022134543871924,True,ok
38.78970657839307,BARO,0.7875731554324403,,5.058283073337173,True,ok
38.79071543932352,FLOW,-0.03862481537732809,-0.004471026983847548,0.584770183944619,True,ok
38.792229181669796,LIDAR,0.07989279353258505,,6.204589405063187,True,ok
38.79862779002131,LIDAR,0.00838455648580938,,0.06876124073708692,True,ok
38.79950061377567,CAMERA,-0.09371389446380363,-0.06371537181977782,0.8067532542992175,True,ok
38.812902382159315,LIDAR,-0.050930056149916414,,2.519302464742751,True,ok
38.81495090058822,FLOW,0.038130306082044596,0.08599179544327554,3.3362858009457455,True,ok
38.821224554536826,BARO,-0.010397036255962888,,0.0008815284076708593,True,ok
38.82484523631217,LIDAR,0.0612842207110349,,3.640541561550573,True,ok
38.831542973316395,LIDAR,-0.045151958412155135,,1.9886982798150326,True,ok
38.83214604391063,FLOW,-0.048810668726316564,-0.028111097407778646,1.2093323984675624,True,ok
38.83731939627019,LIDAR,0.04193089141617534,,1.726101642047126,True,ok
38.85294598270783,LIDAR,0.03062561023116439,,0.9118713134863538,True,ok
38.858664402253616,FLOW,-0.05581915171644991,-0.05384413583479547,2.2344636556699857,True,ok
38.859616783926256,LIDAR,0.06384384148212163,,3.9856136554266577,True,ok
38.870929638448835,LIDAR,0.008820079448124574,,0.07588234911724574,True,ok
38.87636983016489,BARO,-0.26078298697358804,,0.5546306278986154,True,ok
38.87889780026526,LIDAR,-0.04481661604332077,,1.9654925537103665,True,ok
38.88788659783474,FLOW,0.008968430105226077,0.01227959167293527,0.08383139120485009,True,ok
38.89357223464511,LIDAR,-0.05843797345229529,,3.3160903089439118,True,ok
38.90076897794436,LIDAR,0.03352848196903668,,1.0972831376712713,True,ok
38.904398275211264,FLOW,0.04112349663038961,0.0058404121338653525,0.6449072550324677,True,ok
38.90864829373095,CAMERA,0.028569673199413614,-0.03507589714728132,0.12896788365985276,True,ok
38.91462084271615,LIDAR,-0.014427493876799868,,0.20196008266835871,True,ok
38.91616020529169,LIDAR,0.016897677530548716,,0.2809156182455486,True,ok
38.91926463578438,BARO,-0.46553529871505184,,1.767614725524884,True,ok
38.919626098506185,FLOW,0.01748743621409965,-0.08739810741265061,3.028611018492345,True,ok
38.93077742071681,LIDAR,-0.03419783176134761,,1.1408698423403778,True,ok
38.93986397781195,LIDAR,0.01526974660427216,,0.22777428549009934,True,ok
38.94886636378233,FLOW,0.030690829776496065,0.0560074710996199,1.499511485230487,True,ok
38.94991883368203,LIDAR,0.015292712603994119,,0.22837901059746385,True,ok
38.95867552000891,LIDAR,-0.028438596039702002,,0.791105599031892,True,ok
38.96086357497491,BARO,-0.21235243462491082,,0.3677776032354079,True,ok
38.96688559613757,LIDAR,0.011238514380032427,,0.12383026316066281,True,ok
38.96798858718305,FLOW,0.06840528695249792,-0.016489518949664883,1.8497096224713236,True,ok
38.97542160179121,LIDAR,-0.0005535230574280625,,0.00030076170710895703,True,ok
38.98338055590232,FLOW,0.008007872355774048,0.03535998274369859,0.5005384691358267,True,ok
38.985659813903716,LIDAR,-0.031058246662196698,,0.9454306811723882,True,ok
38.990859476373615,FLOW,-0.04364829142230087,0.011427487113500306,0.8073926192374486,True,ok
38.99410817668167,BARO,0.257178553886106,,0.5394017257250984,True,ok
38.99610434870272,LIDAR,-0.028827974212219498,,0.8133289078557813,True,ok
39.00511031209679,LIDAR,0.033624085184527086,,1.10743220937051,True,ok
39.0222422114284,FLOW,-0.0014199269676952175,0.009032300704904267,0.031223802028201863,True,ok
39.02231234518331,LIDAR,-0.03466303549863703,,1.1630924227322554,True,ok
39.02785839257792,LIDAR,-0.017268429784770944,,0.29108187689576615,True,ok
39.03848105437088,LIDAR,0.01454942489054556,,0.20641098785658923,True,ok
39.041268106737945,CAMERA,-0.1652027616420213,0.056139796880418036,1.9358901202653889,True,ok
39.04831908071869,FLOW,0.01632720565300827,0.032520070144386626,0.48628079822906906,True,ok
39.049550305974265,BARO,-0.1340046969194284,,0.14643787361548422,True,ok
39.05021519991059,LIDAR,-0.008881583675269589,,0.07672937628955,True,ok
39.057788403474596,LIDAR,-0.05062660503954053,,2.5037415797014444,True,ok
39.068003912926535,FLOW,-0.049839469574903705,-0.051070612436916296,1.8938020050648303,True,ok
39.069741250922156,LIDAR,0.037539015464041814,,1.3721073859114,True,ok
39.079401860781914,LIDAR,-0.009318846460960373,,0.0846309904172112,True,ok
39.08253629468883,BARO,-0.20913401973301093,,0.35670120685203766,True,ok
39.083039729105266,CAMERA,-0.23766384430717125,-0.1514001495899162,5.003213537551343,True,ok
39.08552857822043,FLOW,-0.011682666992568369,-0.04691973776260827,0.8826746898894016,True,ok
39.08640215978861,LIDAR,0.012097054906277105,,0.14330878563668312,True,ok
39.09641743184257,FLOW,0.05947099340037221,0.08159707749805144,3.9748590243113884,True,ok
39.10277663285977,LIDAR,-0.07764232294159656,,5.841948608790348,True,ok
39.104137592546664,BARO,-0.059324452453877186,,0.02870227967062261,True,ok
39.105021286691674,LIDAR,0.06432056276531117,,4.062583229654798,True,ok
39.11560987842909,LIDAR,0.011645178527181166,,0.1328820000849033,True,ok
39.117090336728666,FLOW,0.02980103446903537,0.02625598224275688,0.6058960942585265,True,ok
39.12854698355617,LIDAR,0.033622125754351195,,1.1018286081438153,True,ok
39.134779934849064,FLOW,0.009968033278647925,0.04435786083318494,0.7948632606423662,True,ok
39.13700556998822,LIDAR,-0.035838984624723125,,1.2550585663348957,True,ok
39.14163637267725,BARO,0.5703039156209639,,2.652573283243557,True,ok
39.145980856175434,LIDAR,-0.014887126420019214,,0.21684824726893523,True,ok
39.1538711209826,FLOW,0.04357416696731786,0.09413700319824159,4.118552419986647,True,ok
39.156980488304235,LIDAR,-0.010353812898665549,,0.10467028691691702,True,ok
39.17193574674373,LIDAR,-0.005255838044980532,,0.02676277015806034,True,ok
39.17897085197002,LIDAR,0.005560313239338477,,0.030130967378346248,True,ok
39.18081130188157,BARO,-0.02014410122123289,,0.0033094665526707885,True,ok
39.18989051891398,FLOW,0.030200460652366257,-0.07957362464177445,2.6106728303756332,True,ok
39.19125679205776,FLOW,0.01750700673008687,-0.03326166605251335,0.5549808298597504,True,ok
39.19405540821556,LIDAR,0.003913780104168207,,0.014816471483625233,True,ok
39.194957420523195,CAMERA,0.0762332748425365,0.0656938078978091,0.6345744844294634,True,ok
39.198600999455394,LIDAR,-0.013556187148692445,,0.17955220046221176,True,ok
39.212226405417496,LIDAR,-0.000164031493798511,,2.6135939011451745e-05,True,ok
39.221172776616534,LIDAR,0.030506865502561542,,0.9062485432098915,True,ok
39.22293605714097,FLOW,0.013157906002404518,0.028336011892375057,0.362593432255534,True,ok
39.23403669343153,LIDAR,-0.005650526418740309,,0.030965703329511846,True,ok
39.2376920395282,BARO,0.19983222359878905,,0.3256639924624126,True,ok
39.24098251344089,FLOW,0.03856443961115974,-0.01338202180445966,0.6291281041660147,True,ok
39.24105193952076,LIDAR,-0.01860747419242248,,0.33776689916047825,True,ok
39.254482246221414,LIDAR,0.008894176090985972,,0.07676781818855202,True,ok
39.261478694011544,FLOW,0.004369497518084575,-0.0002078663134583436,0.007223778656673039,True,ok
39.262425553332676,LIDAR,0.002112581262251556,,0.004349255926565285,True,ok
39.265010083330964,LIDAR,-0.0009611377942237986,,0.0009105558099869745,True,ok
39.27374818290792,BARO,-0.2003381673828164,,0.327329633695616,True,ok
39.276479674259214,LIDAR,0.022708937211894042,,0.5062699845473674,True,ok
39.277391845416886,FLOW,0.00800604031945884,0.00056210619258934,0.02470773709269156,True,ok
39.286140327168276,LIDAR,-0.0679477291908479,,4.529386440309649,True,ok
39.2920280406848,FLOW,-0.021306733434227842,0.024850955555870177,0.41593228108867375,True,ok
39.29540927436764,LIDAR,0.006215374053742284,,0.03789965833790114,True,ok
39.31306337554354,FLOW,-0.02715514179680789,-0.0578679489777319,1.56298374434334,True,ok
39.31445333586835,LIDAR,-0.04310349215421594,,1.7957416250161728,True,ok
39.3241662248885,LIDAR,0.0001122861352267357,,1.2214332762807559e-05,True,ok
39.32878224460521,BARO,-0.3498420039150205,,0.9981002815887283,True,ok
39.33411299106053,LIDAR,0.019870458050901263,,0.3831109732980056,True,ok
39.335325182711045,LIDAR,-0.0037056857592618897,,0.013517342469536647,True,ok
39.34174091210683,CAMERA,-0.13269158244792578,0.13162497610531076,2.202732487838487,True,ok
39.347293752282795,FLOW,-0.011874327408308183,0.04704907331087747,0.8534572327280384,True,ok
39.350652132473684,FLOW,-0.045302728991450936,-0.09269569680994122,4.167008443697097,True,ok
39.352561568365346,LIDAR,0.006814407295836933,,0.045134699331578654,True,ok
39.35842216933165,LIDAR,0.02551300865069983,,0.637126717542464,True,ok
39.365126193246915,BARO,-0.24143965735304285,,0.47540714350301,True,ok
39.36683039378469,LIDAR,-0.030637485489445115,,0.9204946394771293,True,ok
39.37047062885356,CAMERA,0.08039413431222897,0.1891503778069299,2.6303243707991397,True,ok
39.3755816866799,LIDAR,-0.028534884643117486,,0.7991912225775346,True,ok
39.38770829028478,FLOW,0.048532354475055994,-0.015422464677122466,0.9455792073073955,True,ok
39.39119967031158,LIDAR,0.0056226771658214325,,0.030730215183204408,True,ok
39.397567851413314,BARO,0.054690483962496206,,0.02439235774873797,True,ok
39.398510040797774,LIDAR,-0.004506951771807266,,0.0198419016442601,True,ok
39.40943368827671,FLOW,-0.02764630060195339,-0.04162581879195551,0.9196523338415621,True,ok
39.4096002446291,LIDAR,0.046655681565553664,,2.122225653076647,True,ok
39.41843009878989,LIDAR,-0.017141167077997288,,0.2870015878920479,True,ok
39.42078122634956,FLOW,0.038304573309891454,-0.004663029227664817,0.5731166445266223,True,ok
39.424576027008065,BARO,-0.35600772967263206,,1.0336282667963572,True,ok
39.4256111962652,LIDAR,0.013811274499070603,,0.18709477350002943,True,ok
39.43219943806042,FLOW,-0.038429773638428255,0.029959613576827776,0.935842324262147,True,ok
39.435141743121044,LIDAR,-0.005522517170838626,,0.029903701276709826,True,ok
39.448254431117014,LIDAR,-0.05760819529930794,,3.2354934822782537,True,ok
39.46147119581702,LIDAR,-0.02931437562950512,,0.833758344010639,True,ok
39.46489237786698,FLOW,-0.028942900464016486,-0.0222925985583364,0.4947435243488999,True,ok
39.4656596487822,LIDAR,-0.02501907571620965,,0.613380189113809,True,ok
39.48366477183702,FLOW,-0.06387573725715401,0.03512401350715663,1.9984462201925584,True,ok
39.48462043799418,LIDAR,0.04332200328049485,,1.8124502031676895,True,ok
39.487636599710534,BARO,0.3451705198969557,,0.9716224584836938,True,ok
39.490690653824004,LIDAR,-0.024697496565023958,,0.5939022748476087,True,ok
39.4995166218091,LIDAR,-0.0032634243769358307,,0.010391944344539219,True,ok
39.502231570049794,FLOW,0.027601068518637417,-0.01036169215010771,0.3299185577075422,True,ok
39.50980584439597,LIDAR,0.0767677555272277,,5.7477242618004185,True,ok
39.519819483970245,LIDAR,0.06739751865477217,,4.430344968225309,True,ok
39.52128927032247,FLOW,0.09756789949350453,-0.03436126470472384,4.084903347720384,True,ok
39.52451402825765,CAMERA,0.10147472379316014,-0.07650767677024906,1.0234426933325953,True,ok
39.52477077594679,BARO,0.6420140092170619,,3.3615276739515125,True,ok
39.526950924327494,LIDAR,0.005907513714578538,,0.034191243378085226,True,ok
39.534940740086206,FLOW,0.0026134557658521462,0.007697883842684133,0.025704981060479876,True,ok
39.535788692158114,LIDAR,0.036179017788475765,,1.283584659194124,True,ok
39.542217801934456,BARO,0.25066152544945375,,0.5124254677771962,True,ok
39.54912762997088,LIDAR,-0.04634883964929637,,2.094114087271435,True,ok
39.55808190674945,LIDAR,0.05269131535025462,,2.711136062348241,True,ok
39.559077481410526,CAMERA,0.14092457015127735,0.2783490848696517,6.069962518123136,True,ok
39.564018841699564,FLOW,-0.003331424917242698,0.01955310024904311,0.14693277771603605,True,ok
39.574963828614536,LIDAR,0.024371563154517162,,0.5738029310657001,True,ok
39.578339812687474,LIDAR,-0.031249072264714517,,0.954830921109231,True,ok
39.58245580945898,FLOW,-0.013525240691234508,0.025247039030587337,0.31039223123440435,True,ok
39.586542723848396,LIDAR,0.007037162785487716,,0.04853264064233539,True,ok
39.59497346776789,FLOW,-0.0006574227685995915,0.006278792986543241,0.015494682467314095,True,ok
39.59610631304621,LIDAR,0.008980217081306918,,0.07901629532239107,True,ok
39.597405021035584,BARO,0.13841960082559446,,0.15626992338716467,True,ok
39.60803366536909,LIDAR,0.0523114943301235,,2.6714316057675855,True,ok
39.613894838132246,FLOW,-0.01992900651457008,0.01949865970930409,0.3009760177388369,True,ok
39.61771738403053,LIDAR,0.009876905667274727,,0.0952658759882728,True,ok
39.63116543276363,LIDAR,0.005618937018871506,,0.030663634639132267,True,ok
39.63160291206492,BARO,0.39628523869337107,,1.280783764352805,True,ok
39.63384615532068,FLOW,-0.022240705039389352,0.059853601482873164,1.5661329697492428,True,ok
39.63527300531452,LIDAR,-0.0033009138844519725,,0.01068802662390248,True,ok
39.645472370402466,LIDAR,-0.045670364681787756,,2.0432000549950646,True,ok
39.66478772401507,LIDAR,0.024264480579637482,,0.5681052843659645,True,ok
39.66921108895411,FLOW,0.028598814590901522,0.05096800148119009,1.2380882706154348,True,ok
39.67110799281089,BARO,0.127424225355802,,0.1324077859649849,True,ok
39.67485017437373,LIDAR,-0.007690187188372111,,0.05719213026515825,True,ok
39.67810337901589,FLOW,0.005721231727294329,-0.08957623616261115,3.098374319561886,True,ok
39.68290577775804,LIDAR,-0.06912964749552497,,4.643545201641739,True,ok
39.691033713796735,LIDAR,-0.007014031439267487,,0.047977788738516866,True,ok
39.70331702304868,LIDAR,0.026935466690341858,,0.7051309581598781,True,ok
39.70486045779984,FLOW,-0.03232667251458077,0.007397890198848234,0.41153850052154906,True,ok
39.70627087252009,LIDAR,0.014558777654996469,,0.20836661480542198,True,ok
39.71396634508874,FLOW,-0.031110584009051312,-0.03174898355838998,0.7725557489306032,True,ok
39.71511700155209,CAMERA,-0.1804064790004105,-0.27116401560322756,6.5782724208192995,True,ok
39.71767933449135,BARO,0.0992980196751514,,0.08041124585674136,True,ok
39.72408234459176,LIDAR,0.013859002883929161,,0.18634064745863033,True,ok
39.73166136591658,LIDAR,0.01894268627988449,,0.34979381502306284,True,ok
39.7383298563234,LIDAR,-0.0017470556962062567,,0.0029908838076839876,True,ok
39.73926961579648,FLOW,-0.0004232245922572986,0.07275143554475857,2.0078408997093953,True,ok
39.749318304229455,BARO,-0.2227623665484968,,0.4046802983198129,True,ok
39.75354006618983,LIDAR,-0.03882604150523283,,1.464431330913566,True,ok
39.75777788550239,LIDAR,0.022550666735108305,,0.49877287192958897,True,ok
39.768757875159004,FLOW,-0.04977964784569777,0.047155065914514446,1.7295388830661382,True,ok
39.77023772076395,LIDAR,-0.02025123350380742,,0.4003350313673167,True,ok
39.77332474206822,FLOW,0.06337079025802761,0.0018318919332151462,1.5830655075646647,True,ok
39.78385860787678,LIDAR,0.008067139979660798,,0.06316851349589345,True,ok
39.788499888927426,BARO,-0.24582099908550292,,0.4928033061024136,True,ok
39.79415640259306,LIDAR,-0.02830371896312478,,0.7780959544679004,True,ok
39.797112434158294,LIDAR,0.03599931008178503,,1.2733543501384912,True,ok
39.79796452152113,FLOW,-0.022736246846696062,-0.04321147236251749,0.9101484015034451,True,ok
39.81310619374661,LIDAR,0.02346670638628856,,0.5354557737788712,True,ok
39.81641852473131,LIDAR,0.05068916268586143,,2.5253973086822765,True,ok
39.822568649409526,FLOW,-0.023299628752785684,0.034558246579506485,0.6528086691234147,True,ok
39.829291756494335,LIDAR,0.011456977603673035,,0.12827394153666347,True,ok
39.83194938044542,BARO,-0.6346984663803215,,3.28549226795546,True,ok
39.84348281536884,LIDAR,-0.061072978916513865,,3.620863053255939,True,ok
39.84454732785136,CAMERA,0.2647275525364776,-0.1065613079930241,5.175347156889285,True,ok
39.84873380319332,FLOW,0.023052054270707556,-0.04845895164680539,1.0641907288013457,True,ok
39.85155020046837,LIDAR,-0.027550088380711824,,0.7397127514589864,True,ok
39.8544103517662,FLOW,-0.0558285598100039,0.030416888051602572,1.5912253751243073,True,ok
39.85913616794252,LIDAR,0.002701233871932107,,0.007138655346843206,True,ok
39.86650888514181,LIDAR,-0.045179882319416276,,2.0038438040828326,True,ok
39.871808926198774,BARO,0.007049512405048919,,0.0004053056248415593,True,ok
39.8783689532224,LIDAR,-0.005911622256952409,,0.03417355658630144,True,ok
39.881514074820025,FLOW,0.04876072196290915,0.010234291865379039,0.9399947846716414,True,ok
39.892142698563205,LIDAR,-0.031160520176200635,,0.9435868137347306,True,ok
39.9043328218184,LIDAR,-0.03814758292979459,,1.410492448411801,True,ok
39.909007469670165,LIDAR,0.021623662960200463,,0.45748920790764486,True,ok
39.90908740349825,FLOW,0.06999197576007021,-0.016168042907168362,1.9078119320637235,True,ok
39.91851898333831,FLOW,-0.05898402930151658,0.024103454979655117,1.5778379985935325,True,ok
39.92067794035306,LIDAR,0.012444911060695674,,0.15106285549160073,True,ok
39.924280758726496,BARO,0.13321704579441018,,0.14473537943482107,True,ok
39.9296923070424,LIDAR,-0.018284312529741165,,0.3266193406234966,True,ok
39.93732347628176,LIDAR,-0.013782944015149567,,0.18620914313295672,True,ok
39.93952233150854,FLOW,0.04063086158652762,-0.015525331160342604,0.7265544914318771,True,ok
39.94070601167818,CAMERA,-0.04436053297022369,-0.09692815561663237,0.7013512001707786,True,ok
39.95067950406679,LIDAR,0.02098329230459317,,0.428995345159293,True,ok
39.95210348545843,FLOW,0.040886150304192626,-0.11669492027148398,6.001549539717331,True,ok
39.953983939790014,BARO,-0.21771901635954505,,0.3865862197181596,True,ok
39.96241945077643,LIDAR,-0.0005092691517560866,,0.00025211258445066427,True,ok
39.969437983939976,LIDAR,-0.030616549870293053,,0.9159845219414554,True,ok
39.972391106017916,FLOW,-0.034289487299540955,-0.003210366359845118,0.45970125964921454,True,ok
39.98375479206967,LIDAR,-0.042009442515348994,,1.712622680710672,True,ok
39.991692064137936,FLOW,-0.035553974507796626,-0.03150789416928651,0.8694897358605966,True,ok
39.9924941866268,LIDAR,0.004003886034190884,,0.015603427377216168,True,ok
39.999778346872176,LIDAR,-0.0015538780811450437,,0.0023609066358682563,True,ok
40.00927456154922,BARO,-0.3726982901018534,,1.1327785867585651,True,ok
40.01427489675024,FLOW,0.0108923985440601,-0.04475010415126393,0.8056426857276916,True,ok
40.01477678868019,LIDAR,0.04093460253064096,,1.6254356563270465,True,ok
40.024521281635415,CAMERA,0.09823905404052624,0.06317442110664029,0.8560857823170076,True,ok
40.02461739310836,LIDAR,0.04418382279163913,,1.896310918592179,True,ok
40.03269258304164,LIDAR,0.007257550535668678,,0.051358169837978584,True,ok
40.035520082648766,LIDAR,-0.029772630382543852,,0.8737799232870442,True,ok
40.04147117355113,FLOW,-0.08334991613396436,0.10073039955552299,6.354563991784179,True,ok
40.04289757464776,BARO,0.5752502018236636,,2.6988513976898947,True,ok
40.04940921727145,LIDAR,0.011907087097279057,,0.13868754800850447,True,ok
40.06114484774373,BARO,-0.30087169904080824,,0.7382131516173541,True,ok
40.06246383710225,LIDAR,-0.010843507089504545,,0.11443817082708159,True,ok
40.06548075382447,FLOW,-0.057769905181726866,-0.06431111741990517,2.769803056997068,True,ok
40.07360320450621,LIDAR,0.10691674927431638,,11.11123398120699,False,gate
40.07849486376864,LIDAR,-0.032444945125341906,,1.0155121577372042,True,ok
40.08241355464157,FLOW,0.01954048396743502,-0.010730898461679877,0.18860469930240348,True,ok
40.09353819062599,LIDAR,-0.0006623309199835781,,0.00042083509312370085,True,ok
40.09518864907957,FLOW,0.03310017520550401,-0.014637897412977469,0.5111277141827999,True,ok
40.09868175011962,LIDAR,-0.02196089134445156,,0.46777424331550993,True,ok
40.107252955336705,BARO,0.33328339054575284,,0.9058144695488882,True,ok
40.114411208907164,LIDAR,0.01942565348174119,,0.3632495735303608,True,ok
40.11458979886658,FLOW,0.009126406813610988,0.04839938096129051,0.938676995571083,True,ok
40.11641863212289,LIDAR,0.0458524441646011,,2.054421161969255,True,ok
40.1257610795296,CAMERA,-0.11751369825860536,0.07625554496140907,1.246348603714548,True,ok
40.127398393926484,LIDAR,0.015612944870252665,,0.2377721824488481,True,ok
40.144189808951566,LIDAR,0.045178323233985296,,1.9703507157616993,True,ok
40.145774556252476,FLOW,0.053405949356525984,0.026290096033041443,1.3154218499953592,True,ok
40.15309719898155,LIDAR,0.02080592692057559,,0.41948895328893915,True,ok
40.15591067767585,FLOW,0.01592676064570364,0.0134919957940422,0.16949604092755194,True,ok
40.15784045557525,LIDAR,-0.02864893797443102,,0.8028413909468001,True,ok
40.16672657929544,BARO,-0.4991112432724578,,2.0315592077616706,True,ok
40.16699169193279,LIDAR,-0.0173327786217774,,0.29413283448286154,True,ok
40.17621910161248,LIDAR,-0.03279174741422253,,1.0533004463212412,True,ok
40.181487622217595,FLOW,-0.08767184631716185,-0.04436093375221484,3.653634940549427,True,ok
40.19127658400994,LIDAR,0.0017082219457642545,,0.002834220893841932,True,ok
40.194791951849226,BARO,-0.12822009488722275,,0.1340774798024062,True,ok
40.20488388325962,LIDAR,-0.017472649639531213,,0.29517675923976616,True,ok
40.20586160225424,CAMERA,-0.1293927804149817,0.037210308264333136,1.1569829992912366,True,ok
40.206815059989204,LIDAR,0.014077870489118904,,0.19433983896075263,True,ok
40.20893719900576,FLOW,0.021656939600494862,0.05652840035171118,1.3553042577215015,True,ok
40.220334902773594,LIDAR,0.005321463246551694,,0.02759375759914812,True,ok
40.22686964717309,FLOW,-0.08720568765538173,-0.04078842935635557,3.5061453190035237,True,ok
40.231734022591915,LIDAR,-0.00020185643769954353,,3.96284658994438e-05,True,ok
40.2379625413921,BARO,-0.0732812873421178,,0.043794426108945184,True,ok
40.2382427549346,FLOW,0.1704920115158053,-0.06617703305405162,13.100981429217644,False,gate
40.238418501184974,LIDAR,0.014154666431824392,,0.19598682090683836,True,ok
40.251608668152876,LIDAR,-0.025899669396372893,,0.6526542191116365,True,ok
40.25225006126052,FLOW,0.10374702774715672,0.030543313841254055,4.363713866805677,True,ok
40.25887482792118,LIDAR,-0.01824828506129972,,0.325517220672574,True,ok
40.27023306191292,LIDAR,-0.005842951155199394,,0.033291206840099195,True,ok
40.27469737823192,BARO,-0.06069851817696659,,0.0300473336714386,True,ok
40.279291144038176,LIDAR,0.00944610504334964,,0.08715201863524868,True,ok
40.285560782807636,FLOW,-0.031004350290999794,0.0007632279262204389,0.3468287426989111,True,ok
40.2925973534057,FLOW,0.03995493639538239,0.002562987576627762,0.62083730442486,True,ok
40.292734911068735,LIDAR,0.03772805741219809,,1.382662410591743,True,ok
40.29981198761655,LIDAR,-0.02124847965188348,,0.44090704397849195,True,ok
40.31007429695171,BARO,0.08112203000320406,,0.05366608472443816,True,ok
40.31303124968216,LIDAR,0.01271232890998375,,0.15702771670342677,True,ok
40.3142374251306,CAMERA,0.0714177487643326,0.03383136727877534,0.3937970521887049,True,ok
40.32039631070097,FLOW,-0.07377616315620084,0.10291475928008936,6.014195476361332,True,ok
40.32263215232224,LIDAR,-0.04206792395053327,,1.7220027907795648,True,ok
40.33321049728349,LIDAR,0.011602913342414922,,0.13094898842320757,True,ok
40.33668730634602,LIDAR,-0.04734110936944225,,2.202861321103866,True,ok
40.33989378289224,FLOW,0.05796611775988514,0.04055396986438692,1.8939034110855364,True,ok
40.341904781599226,BARO,-0.15496874898673463,,0.1958649623231756,True,ok
40.353447449212936,LIDAR,0.001314375007751778,,0.0016784905552514337,True,ok
40.35762128359388,FLOW,0.013680892730477678,-0.029230294213990676,0.39904402836897657,True,ok
40.35950489450674,LIDAR,0.0274526571178777,,0.7372333197288425,True,ok
40.3700675387291,LIDAR,0.026829882332047195,,0.7031925562259564,True,ok
40.37301851242111,FLOW,-0.08374696843636442,-0.06459551789256349,4.357193686739177,True,ok
40.38201945829421,LIDAR,-0.04862534325845136,,2.3022656508486006,True,ok
40.392336812978535,LIDAR,-0.00038768611869688385,,0.00014633177073961303,True,ok
40.39881976258386,LIDAR,0.008068029554497258,,0.06373863873144278,True,ok
40.40221362982897,BARO,-0.23615185529379623,,0.45483099942770944,True,ok
40.40388619610797,CAMERA,0.022793470294779183,-0.12275153643890113,0.9700771449572723,True,ok
40.40587773459886,FLOW,-0.047991172068671095,-0.05276895062357942,1.879722770437034,True,ok
40.40765720772787,LIDAR,0.014373726352974181,,0.20253615837934077,True,ok
40.41071241292132,FLOW,0.019289823006452766,-0.023051558216137247,0.35760043396282226,True,ok
40.423829372148774,LIDAR,0.029745971318482223,,0.8584707742892227,True,ok
40.42740430308992,LIDAR,-0.015621828580794528,,0.23935691014171442,True,ok
40.43334267342095,FLOW,0.006096365335529708,0.0954094035234244,3.533904848559591,True,ok
40.44035680929495,LIDAR,0.04569613653702831,,2.0368062603384396,True,ok
40.449340855727606,BARO,-0.6069900675244255,,3.0046168994557902,True,ok
40.451645164154364,LIDAR,-0.026571173880975518,,0.6874155390571358,True,ok
40.4561076873707,FLOW,0.01067124873919878,0.005196180115139726,0.05379497159846171,True,ok
40.45836780798607,LIDAR,0.010011046297560444,,0.09810333256894606,True,ok
40.469873298361975,BARO,0.1441461180310637,,0.16944482119865703,True,ok
40.4739619680967,LIDAR,0.04846642019497471,,2.2785787579444636,True,ok
40.4839123269364,LIDAR,0.08409235033493889,,6.867757038613964,True,ok
40.48519783352641,FLOW,0.021385864787638154,-0.036872998677452945,0.6747605356272528,True,ok
40.493969886770685,LIDAR,0.0075271672515411225,,0.055069381834663776,True,ok
40.49628735324818,LIDAR,0.02700677193248291,,0.7177240035153313,True,ok
40.50233153332682,FLOW,0.05555871999558626,0.06605263536923302,2.834918956428175,True,ok
40.50557292555337,LIDAR,-0.030494010612243994,,0.9145332338327752,True,ok
40.522576498012214,FLOW,-0.06710300335009456,0.040281636291542036,2.3381888136370215,True,ok
40.5239392665403,LIDAR,-0.053000140751882974,,2.723494712120618,True,ok
40.526911203782475,BARO,0.1361428161270024,,0.15115795695843567,True,ok
40.534165808599305,LIDAR,-0.010528855383189928,,0.10758764359719869,True,ok
40.535595411361456,FLOW,0.009613030525799537,0.017622059773626117,0.15759526018230297,True,ok
40.54065114045616,LIDAR,0.029524115567928888,,0.8513884898752907,True,ok
40.543572340586344,CAMERA,-0.15097398873441392,-0.16973126256939297,3.2054622454931643,True,ok
40.5452198426796,LIDAR,-0.013106200918794109,,0.16911444461245806,True,ok
40.554219339679015,BARO,-0.6057909760368094,,2.9929444420193945,True,ok
40.559198649435444,LIDAR,-0.03957755966448717,,1.530436827503168,True,ok
40.56517859744181,LIDAR,0.012648087148422693,,0.15720658395011894,True,ok
40.56579369663787,FLOW,-0.026736161854395535,-0.05348743277353961,1.3377006114893153,True,ok
40.57643144941885,FLOW,0.05273147881362594,-0.09164145329015824,4.368661960184262,True,ok
40.58223698292777,CAMERA,-0.0189151866302808,-0.16415260570167534,1.6972520845495405,True,ok
40.583249661633104,LIDAR,-0.03254994834507974,,1.0270095573832316,True,ok
40.58589671447585,BARO,0.09254937244308437,,0.06985373495009943,True,ok
40.58920800135824,LIDAR,0.021134408995073795,,0.4362485865161658,True,ok
40.599400919248446,LIDAR,0.02982531480000139,,0.8683494907221261,True,ok
40.600843646441334,FLOW,0.12779161901042735,-0.03018804253882923,6.592145549940668,True,ok
40.614190112029846,LIDAR,-0.042936432007091074,,1.7862076870823114,True,ok
40.621360931791,BARO,-0.29625668450393006,,0.7157360742920679,True,ok
40.62446955011747,LIDAR,-0.018174501951274014,,0.3203781398824774,True,ok
40.6253193757824,FLOW,0.01625835701067513,0.010706393148987164,0.14264222352815195,True,ok
40.63125063017667,LIDAR,-0.014799861755427468,,0.21374105537036048,True,ok
40.6363368769943,FLOW,-0.015846574495593346,0.014185205869697182,0.17718455986847226,True,ok
40.63679021749422,LIDAR,-0.01339306400884821,,0.17621259442089335,True,ok
40.65118683768222,FLOW,-0.031085781284667213,0.127016485334572,6.754395940906946,True,ok
40.653407267607356,LIDAR,-0.027787098913321095,,0.7499301540676937,True,ok
40.659776230376266,LIDAR,0.006031205187574162,,0.0355568566444502,True,ok
40.666238073959406,LIDAR,-0.0037277347271138517,,0.013650772911761103,True,ok
40.675132347774856,BARO,0.11050901563444349,,0.09959615163931797,True,ok
40.6760029533039,CAMERA,-0.006591691331330196,0.19945085434267962,2.4789584341037596,True,ok
40.677682172228586,LIDAR,0.010518949512925424,,0.10832808255697095,True,ok
40.681913380863705,FLOW,-0.021215311766542566,-0.006873566992056407,0.18710892941890994,True,ok
40.68728550674154,LIDAR,-0.01718946211357908,,0.28925524777352163,True,ok
40.695493764579304,LIDAR,-0.043252590534432755,,1.8351130788151042,True,ok
40.69953562491571,FLOW,0.010533880608401658,0.06341009875963372,1.5774313729464582,True,ok
40.71458990886222,LIDAR,0.02953578713633931,,0.8430014429083442,True,ok
40.71653929226169,BARO,0.17155786960697839,,0.24002644428714962,True,ok
40.720023103384634,LIDAR,0.03314253417380719,,1.0710775927107996,True,ok
40.72178288059717,FLOW,0.053618734600289875,-0.10190415724651489,5.040462134178846,True,ok
40.734080186211884,LIDAR,0.05845942201180465,,3.3120331905367664,True,ok
40.73579071190619,LIDAR,0.004208755237777417,,0.01740725584297331,True,ok
40.741299207243145,FLOW,-0.10685456499139334,-0.006915787805092499,4.395900924758865,True,ok
40.7496386579503,LIDAR,-0.009617356677503075,,0.09024118765239945,True,ok
40.7576515100482,BARO,-0.39365828583093654,,1.263777909605264,True,ok
40.76495077647315,LIDAR,-0.019432005031243094,,0.3654527007819121,True,ok
40.76548724338309,LIDAR,-0.02954151640013558,,0.8582148153457326,True,ok
40.76562677904587,FLOW,-0.005659436047289912,-0.014636027089655654,0.09285247064598573,True,ok
40.77952643333968,LIDAR,-0.0396322073052362,,1.5329156965328807,True,ok
40.78676096323878,FLOW,0.018051589463307982,0.050781793752295815,1.0987609365760458,True,ok
40.79324354033572,LIDAR,-0.002237333373463546,,0.004857108894926143,True,ok
40.79845945731601,LIDAR,0.03485640823784264,,1.1888009783011038,True,ok
40.799731838758646,BARO,-0.5472248788085943,,2.4423512672301833,True,ok
40.803499315491884,FLOW,0.09248263636969623,-0.07186014941193501,5.291791579782743,True,ok
40.808799011766105,LIDAR,-0.002292598081775843,,0.005137708344854083,True,ok
40.823058712236964,LIDAR,0.04449423670465524,,1.9218814338878782,True,ok
40.82428224581613,BARO,0.11872562029341971,,0.11495912209611545,True,ok
40.82820473999448,FLOW,-0.09030231672422595,-0.05347824881183033,4.177567374361919,True,ok
40.832108594857864,LIDAR,0.022345058146631125,,0.4859385948470876,True,ok
40.83451606162308,CAMERA,0.016209061456265772,-0.20393311765146582,2.5867029549993727,True,ok
40.839761970537005,LIDAR,-0.03275406632140099,,1.0483387854843673,True,ok
40.84702493634593,LIDAR,0.033251186564428714,,1.0845332689940979,True,ok
40.84972474389609,FLOW,-0.027849049793699177,-0.019615662163671443,0.4405428571278882,True,ok
40.86387691988865,LIDAR,-0.027877711492635182,,0.7536163636431877,True,ok
40.86786626814064,FLOW,0.032182199599310346,0.10637963561713734,4.740417484207561,True,ok
40.87348588778709,LIDAR,-0.020050899593878402,,0.39055469001272725,True,ok
40.87486633688955,BARO,-0.19518870224388696,,0.31071696019152956,True,ok
40.874913129445986,CAMERA,0.00015692179021442598,0.014804618827978455,0.013633867529835812,True,ok
40.87776885056683,LIDAR,-0.0295847204038151,,0.8584783700324653,True,ok
40.88051471185785,FLOW,0.046352984290570554,0.012904304533494532,0.9129638924004742,True,ok
40.89312566322412,LIDAR,-0.025180117445369632,,0.6162025614852805,True,ok
40.90275925469558,LIDAR,0.029226042481504066,,0.8312159046174172,True,ok
40.90734392598303,FLOW,-0.005517707191944998,-0.012490045546920736,0.07096755052539974,True,ok
40.91316827782462,LIDAR,0.024589359462652283,,0.5883115356304331,True,ok
40.91410883064115,BARO,-0.10158211124161465,,0.08415829788719476,True,ok
40.917300395503595,FLOW,-0.03148697588747851,-0.042037785250268966,1.0932612072106256,True,ok
40.92039787850918,LIDAR,-0.017481390725953894,,0.2987891371875346,True,ok
40.93256031106934,LIDAR,0.0638291989794948,,3.9685998120419685,True,ok
40.937065594086896,LIDAR,0.070532979735062,,4.887888471450636,True,ok
40.94785283606654,FLOW,-0.044771182532863385,-0.031733118144113975,1.1389337304468685,True,ok
40.94870330479941,LIDAR,-0.05535075158206704,,2.998654083628261,True,ok
40.95531519798638,LIDAR,-0.09649374647030218,,9.154168327622571,False,gate
40.956244762630824,FLOW,0.028766746272583132,-0.02106239962671061,0.5044289308310664,True,ok
40.966939284131485,BARO,0.27667119225381187,,0.6241834587950919,True,ok
40.97032697650271,LIDAR,0.01002354097297431,,0.09654520780078985,True,ok
40.9782454632972,LIDAR,0.007435704369445517,,0.053466582323544676,True,ok
40.98680501561454,FLOW,0.018852696258816914,0.033625856468907145,0.5610211847185599,True,ok
40.98903547384786,LIDAR,-0.041443997547709,,1.661886607031136,True,ok
40.99078550173486,FLOW,0.04564552294832458,0.011967533806200248,0.8975092322133189,True,ok
40.998277999273455,LIDAR,-0.011370475668035063,,0.12544780382667187,True,ok
41.00822847888285,BARO,-0.39203187696518516,,1.25328003614735,True,ok
41.01365809209774,LIDAR,0.01689580746788133,,0.2750340249521176,True,ok
41.014076405529586,FLOW,-0.04661919444075191,0.02954355759336938,1.1918496599932453,True,ok
41.01518340885744,LIDAR,0.0738283699158746,,5.333541320900549,True,ok
41.034910468373674,LIDAR,-0.07405298345838451,,5.283606316536425,True,ok
41.03724193569468,FLOW,-0.0047720844077963065,-0.010489321143797109,0.050978396937190674,True,ok
41.03889595262574,LIDAR,-0.05302793046756893,,2.741398806273071,True,ok
41.04324781332381,CAMERA,0.10062335568477465,0.01730096875932796,0.6603027908909724,True,ok
41.04578264716286,LIDAR,0.03685912271851599,,1.3309658873595833,True,ok
41.0478198387493,BARO,0.10395489800086066,,0.08813853431919554,True,ok
41.055300602165985,LIDAR,-0.023330915781540895,,0.5332847175134219,True,ok
41.06613803011884,FLOW,0.03470999597592095,0.01690335250976291,0.555814023956734,True,ok
41.07358813325534,LIDAR,-0.01958459424058656,,0.370744619009409,True,ok
41.08344889912448,BARO,-0.6722740182322415,,3.6854235843307244,True,ok
41.084821842077275,LIDAR,-0.022087990436550076,,0.4716310792510646,True,ok
41.0873118335183,FLOW,-0.04834331863185504,0.06986161022219724,2.716694691128037,True,ok
41.08887693060334,CAMERA,-0.11765534064601724,0.030397350361609954,0.9433441975664962,True,ok
41.094146756390856,LIDAR,0.008772466701586268,,0.07460857875322742,True,ok
41.096687502108225,FLOW,0.026777424184633247,-0.044187008563850994,1.0538182759007821,True,ok
41.09886728397633,LIDAR,0.016225946955747528,,0.25763396341142347,True,ok
41.10686427766304,LIDAR,0.003447967482880898,,0.011662028771999556,True,ok
41.11567796408063,FLOW,0.008562354388403914,-0.04800272146264074,0.9323572057766762,True,ok
41.122554692723874,LIDAR,0.017385347385344918,,0.29363479891922056,True,ok
41.12723637045072,BARO,-0.2106085672025122,,0.3617345647190016,True,ok
41.12833427780247,LIDAR,0.06559399774554908,,4.210842197958291,True,ok
41.138025554959604,LIDAR,-0.022305662565468953,,0.4868677279300828,True,ok
41.14320298327251,FLOW,0.0026615099606093207,-0.05605565565378989,1.1949705832973303,True,ok
41.149669418725146,BARO,0.317846205379678,,0.8238625614181067,True,ok
41.15030756691717,LIDAR,-0.004558410244242861,,0.020253599316333897,True,ok
41.159840916334645,LIDAR,0.014694706707298888,,0.21065888667336177,True,ok
41.166477990276285,FLOW,-0.03764225244044472,0.06532493397219932,2.1493260997969856,True,ok
41.17465686870946,LIDAR,-0.026991854429696094,,0.70553339370451,True,ok
41.184613124633096,LIDAR,-0.00023478274067878502,,5.3463093480076706e-05,True,ok
41.189240234432134,FLOW,-0.04322911396567952,-0.0006500102308594768,0.7068419200895469,True,ok
41.193358118563516,LIDAR,0.00899270651131312,,0.07867612135083857,True,ok
41.19621882491042,FLOW,0.06688465341957661,-0.019941262031484677,1.946062126273584,True,ok
41.198350944334884,BARO,-0.21982805753728085,,0.39410012148177653,True,ok
41.201613248281376,LIDAR,-0.008364661167882037,,0.06829684188255933,True,ok
41.2131362109837,LIDAR,0.014114649960835557,,0.19399516701447872,True,ok
41.21376334044391,CAMERA,-0.049084912669520975,-0.07403224038671685,0.4896242551918034,True,ok
41.21486833857781,FLOW,-0.06062106591019589,-0.01610739100133285,1.55770875877307,True,ok
41.223247841012224,BARO,0.0686423346175804,,0.03842367315745658,True,ok
41.22367806328575,LIDAR,-0.04832310901623904,,2.273086022684422,True,ok
41.23231779547549,LIDAR,0.014427428008815024,,0.20312881954685502,True,ok
41.23423269714625,FLOW,-0.048771227924020666,0.018363740245766924,1.066287922392387,True,ok
41.23752383310019,LIDAR,-0.019528835821600143,,0.3748562957177053,True,ok
41.25070087846275,LIDAR,-0.02433490737849997,,0.5784576828292372,True,ok
41.25188592145265,CAMERA,0.14298950382165287,-0.0022526005146750183,1.308185650495089,True,ok
41.262180128773245,LIDAR,0.03547680530205266,,1.2263462869121402,True,ok
41.26561981864723,FLOW,0.046336462916887866,-0.060758805221771156,2.185994567819399,True,ok
41.26743125866941,LIDAR,0.008707710421763437,,0.07443152780466027,True,ok
41.28031773390436,FLOW,0.015503317943590611,0.039157121195127945,0.6854712586890118,True,ok
41.280346818357316,LIDAR,0.03031129783358688,,0.8968636529431564,True,ok
41.28518910980282,BARO,-0.4971745235960463,,2.0158973576661885,True,ok
41.289850224340206,LIDAR,-0.017959924691193674,,0.3150989383132466,True,ok
41.304810389937046,LIDAR,0.01096362131860218,,0.1165013933306444,True,ok
41.30753159110707,LIDAR,0.016602396089822946,,0.27047907217488426,True,ok
41.3075676996003,FLOW,0.03505618952342138,-0.07705588908555336,2.701947116864951,True,ok
41.30926799010007,BARO,-0.5444180293994119,,2.417392369596504,True,ok
41.310476875957065,FLOW,0.02375201852004105,-0.03979555822721981,0.8695860573818589,True,ok
41.31774102996456,LIDAR,0.10380666849573927,,10.559954823032921,False,gate
41.33051707898368,LIDAR,-0.002788619347104504,,0.007472346295801709,True,ok
41.334173019443,FLOW,0.04510024837096571,-0.017782553342014118,0.9224307197282959,True,ok
41.33936783176794,LIDAR,-0.049499206714085364,,2.365918160286856,True,ok
41.34825723975314,BARO,-0.10305250139388056,,0.08659929189805946,True,ok
41.35272553401936,LIDAR,0.04918083664770112,,2.328597452366206,True,ok
41.36128067042722,LIDAR,0.010586337718377692,,0.10842882497157545,True,ok
41.3636989055637,FLOW,-0.07327018457045809,0.03494063548800441,2.4876195377939307,True,ok
41.365937675908064,LIDAR,-0.02564878463804332,,0.642776719333903,True,ok
41.37382431390171,FLOW,0.017208535720145912,-0.07346296364928465,2.2450526447296566,True,ok
41.37774752924107,LIDAR,0.019040040795806235,,0.35313982786975573,True,ok
41.38024490404995,BARO,0.11619190704044469,,0.11010553402547518,True,ok
41.391455775188064,LIDAR,0.0375049303120214,,1.363017381817533,True,ok
41.39246947421723,FLOW,0.06986309421695847,0.06573141356649718,3.6199279318234048,True,ok
41.39940345439182,LIDAR,0.035590712209122355,,1.232973194366236,True,ok
41.40552261726269,LIDAR,-0.02694575682982636,,0.7112389169825051,True,ok
41.41633047051756,LIDAR,0.01790123176092573,,0.3132824005358755,True,ok
41.417715180307916,FLOW,-0.03980358487531599,0.003141225646301926,0.6125660751938028,True,ok
41.42609622378441,LIDAR,-0.04151848999522256,,1.6851374323590982,True,ok
41.432367417098874,FLOW,0.01775405208684333,0.05224638454439508,1.1933761323234235,True,ok
41.436384194182374,BARO,-0.115906754955994,,0.10955766971303106,True,ok
41.4399454942662,CAMERA,-0.21868966468089468,-0.26120720056954516,7.1926924016425895,True,ok
41.44015413572754,LIDAR,0.05333258695624554,,2.7626944769117445,True,ok
41.44859612127235,LIDAR,-0.061514419527490816,,3.68734899721995,True,ok
41.45869891132292,FLOW,0.07242888698616978,0.04206286073326601,2.676587503401819,True,ok
41.45920657645483,LIDAR,-0.011906510013519611,,0.1380461009393446,True,ok
41.467049040599306,LIDAR,0.04192533086081607,,1.7178756852996102,True,ok
41.47423129514153,FLOW,-0.0323230550729281,0.018291002722490443,0.5385235151414263,True,ok
41.474887417021314,BARO,-0.07059393766113065,,0.040641782539165,True,ok
41.479775047173575,LIDAR,0.03575601269812534,,1.244041802368173,True,ok
41.49224701529675,LIDAR,-0.03773105308962865,,1.3807323220796186,True,ok
41.50140510112949,LIDAR,-0.03489445153094062,,1.1838370121382067,True,ok
41.50393946098707,FLOW,-0.005242775474152195,0.0014800508813013757,0.011161792295290919,True,ok
41.5104185882014,LIDAR,1.6096874843718467e-05,,2.5246994858500024e-07,True,ok
41.510829691394434,FLOW,0.03834922330639201,-0.03342163199966594,1.0321381577220563,True,ok
41.515805497659535,BARO,-0.2033442250527746,,0.3372145007181334,True,ok
41.5229629001437,LIDAR,-0.04367928926165554,,1.8524385442658455,True,ok
41.52724464649907,CAMERA,0.10056324802272343,-0.0704913619969445,0.9561550600858448,True,ok
41.529856694751444,LIDAR,-0.01574747196141546,,0.24214884962343883,True,ok
41.535773376480236,LIDAR,-0.00457617092523277,,0.02057154724665935,True,ok
41.537692405493665,FLOW,-0.06453465530017966,0.002800585049923615,1.6045454365372454,True,ok
41.55066634736908,FLOW,-0.02048054216589179,0.019591261430040127,0.31748149189729363,True,ok
41.55325452403595,LIDAR,0.8397666543238027,,684.0176080211279,False,gate
41.56353320510379,LIDAR,0.0072966631176680785,,0.05081951559889387,True,ok
41.56573558052158,BARO,0.28239744791286414,,0.6503149077103061,True,ok
41.57002144181042,LIDAR,0.005191349003868417,,0.025988289840774993,True,ok
41.58000055466687,FLOW,0.011736220398578912,-0.0028754132538491295,0.05544023738191511,True,ok
41.58382098796413,LIDAR,0.002254484621160735,,0.004884030111971015,True,ok
41.58593424467563,LIDAR,0.01974329700771671,,0.38031527323643527,True,ok
41.588023515691226,BARO,-0.2613857862832307,,0.5572217054304988,True,ok
41.59218880855712,CAMERA,0.02697364155549309,0.2708326225101647,4.590975656385829,True,ok
41.593110561140435,FLOW,-0.027521102558717647,-0.01815222830780744,0.4265698894910842,True,ok
41.599732133806455,LIDAR,-0.0008075811443899461,,0.0006327146987272294,True,ok
41.606225123736046,LIDAR,-0.06018451483551779,,3.5368598130139457,True,ok
41.617049465398466,LIDAR,0.0424154147989646,,1.75423073312925,True,ok
41.62752531790541,LIDAR,0.018147037209345296,,0.32091294941794263,True,ok
41.62781400828569,FLOW,0.05135143923518748,0.1367074934094291,7.8996388671303235,True,ok
41.63007852705332,FLOW,0.02173676524457191,0.1007500863743572,4.27562209826755,True,ok
41.636649326690176,LIDAR,-0.02409359726805871,,0.5665773374249309,True,ok
41.64851017216908,BARO,-0.31437271987729387,,0.8059379709403591,True,ok
41.648611216985124,LIDAR,0.024513845972832904,,0.5847964438397898,True,ok
41.65304177525768,FLOW,-0.008870588664140477,-0.16151143359753684,10.25681367676164,False,gate
41.662529718948804,LIDAR,-0.005387738301245726,,0.028093061846395775,True,ok
41.66702513870737,BARO,0.35244992976740974,,1.013031640155144,True,ok
41.66728913989232,LIDAR,-0.00880533493711555,,0.07577146509114026,True,ok
41.68432367661429,FLOW,-0.02553356964883502,0.0366320061098888,0.701747488297879,True,ok
41.68455548463102,LIDAR,0.03720006706035761,,1.3369831053210757,True,ok
41.685765464375145,LIDAR,-0.014128154244773317,,0.1958294600929519,True,ok
41.6918130557754,CAMERA,0.08726810973679022,-0.10265234591518957,1.1461210409526,True,ok
41.69691348185551,LIDAR,-0.030290686200909356,,0.8976622764441743,True,ok
41.70485045944599,FLOW,0.0868575621963592,-0.05280986520003622,3.8033432812991745,True,ok
41.70538088080657,LIDAR,0.04015807122119641,,1.580562936962487,True,ok
41.71740558029595,BARO,-0.27856554704645786,,0.6328169250950849,True,ok
41.71999851475247,LIDAR,-0.052914824083543976,,2.722968185667681,True,ok
41.722047381431764,FLOW,-0.01823545988900266,-0.032408215728046225,0.5259586222189809,True,ok
41.72725081056235,LIDAR,-0.02207563069789975,,0.47621218797599074,True,ok
41.7377935211159,LIDAR,0.009638949877985858,,0.09068532291073529,True,ok
41.748579789461694,FLOW,-0.05179839018624488,-0.02361956182715727,1.2166963480563286,True,ok
41.7524038149116,LIDAR,0.013700960902171211,,0.18191586581793356,True,ok
41.76061174899593,LIDAR,0.005945926643938559,,0.03440134813585863,True,ok
41.76573179564076,BARO,0.05252675051436295,,0.022500966904662266,True,ok
41.769051760799805,FLOW,0.0200851126187096,-0.0182825094636698,0.28071511597208076,True,ok
41.77020708415952,LIDAR,-0.008814522455367957,,0.07569601805753205,True,ok
41.78475238881679,LIDAR,0.0535096831697901,,2.770928432500393,True,ok
41.78693419678206,FLOW,-0.013819895993662179,-0.004079868557341229,0.08043079406340048,True,ok
41.793008177529856,LIDAR,-0.008862595659115513,,0.07633918337682641,True,ok
41.79390930552674,BARO,0.3492580015500959,,0.9948377891031702,True,ok
41.80023093005382,FLOW,-0.048423689872811426,0.0036446499020513223,0.9368854726912648,True,ok
41.800235133244435,LIDAR,-0.03799149406181934,,1.4099505836741513,True,ok
41.80189484013042,CAMERA,-0.09577147356864657,0.0636015495940121,0.8396529345701831,True,ok
41.80696203139603,LIDAR,-0.004873701629395821,,0.02331246806427197,True,ok
41.81700349294601,LIDAR,0.02653483535413459,,0.6902099797439709,True,ok
41.82589594217827,LIDAR,0.004112201724805864,,0.0165890925941027,True,ok
41.82638398125995,FLOW,-0.014597467777959894,-0.01986819384394857,0.23382979540120086,True,ok
41.842441760943515,FLOW,-0.06123107816823625,0.013749118043843545,1.5448570896769651,True,ok
41.842461601007,LIDAR,-0.0150582272772537,,0.21999521812583253,True,ok
41.847897032720134,BARO,0.5503685863534789,,2.4702294589544316,True,ok
41.851315225591854,LIDAR,0.03372195430691205,,1.1065656983008891,True,ok
41.8573941220813,FLOW,-0.012666226349268062,0.014243460947511583,0.14447127381409608,True,ok
41.859423021047434,LIDAR,-0.005379821811549945,,0.028258845167191106,True,ok
41.8603355462657,BARO,-0.261128508712007,,0.5561359046009389,True,ok
41.87268439037901,LIDAR,-0.03850728379639401,,1.4404997368242236,True,ok
41.88496041160132,LIDAR,0.020007869386056143,,0.3878550547150209,True,ok
41.88872145712257,FLOW,0.11669738516917527,-0.07339359227289094,7.1957953461509945,True,ok
41.890728576426156,LIDAR,-0.020369516536199672,,0.40516613901708876,True,ok
41.90017508703239,FLOW,0.0483854272352342,-0.04415037485950739,1.6935826895244208,True,ok
41.902916421991264,LIDAR,-0.048727743540468715,,2.3104493609704533,True,ok
41.90740765267159,CAMERA,-0.0438597516932262,0.23032296017581455,3.411723717318037,True,ok
41.9129382319193,LIDAR,0.09242546728315704,,8.316320898513403,True,ok
41.91637695083197,BARO,0.42717695580761195,,1.488216903182684,True,ok
41.9230928008522,LIDAR,0.048300905747360456,,2.2718657825724966,True,ok
41.929528314108886,FLOW,-0.039997987287207826,-0.0032700998440327173,0.6129047008860192,True,ok
41.93067335761474,LIDAR,-0.04839032351717032,,2.2895001933152184,True,ok
41.93491599659277,FLOW,0.020021757776255367,0.04287241848629891,0.9043528920455599,True,ok
41.939428309091966,LIDAR,0.04737342831156699,,2.1974829506518456,True,ok
41.950270651271666,LIDAR,0.024528783675938914,,0.5879577495444586,True,ok
41.95194156313015,BARO,-0.14381747407779732,,0.1686918451571264,True,ok
41.95595158984447,FLOW,-0.01929585089967567,0.02416881073070329,0.3795482556365086,True,ok
41.96211126474651,LIDAR,-0.03495931850829326,,1.1907013690783421,True,ok
41.96659242294302,LIDAR,0.004025066527853394,,0.015920624799315813,True,ok
41.97946599150853,LIDAR,-0.005829408231179389,,0.0332029495809833,True,ok
41.982503619642905,FLOW,-0.003932780098284017,-0.06900734378361374,1.834606791896194,True,ok
41.987409838021456,LIDAR,-0.030009110774523062,,0.8823723950619704,True,ok
41.99101447563988,BARO,0.06775724791474058,,0.03744376798481697,True,ok
41.99505370735231,LIDAR,-0.0103457857551148,,0.10517024598413033,True,ok
41.999522062744106,FLOW,-0.03051727823761685,-0.031251606905423696,0.7446761713348607,True,ok
42.005132469672304,LIDAR,0.012763966524485415,,0.15984202558055163,True,ok
42.0206882533337,LIDAR,0.007737183556303151,,0.05817467939291042,True,ok
42.020722797715145,FLOW,-0.017425326563723642,-0.00621066569824813,0.13298853521780496,True,ok
42.02931707040876,BARO,-0.11793306217879973,,0.11341961715744686,True,ok
42.03207118418174,CAMERA,-0.0036921342804419055,0.07550293814485998,0.35259147350174097,True,ok
42.0321962230451,LIDAR,-0.008867627998570438,,0.07630573886140672,True,ok
42.035843038250185,FLOW,0.02983702352006845,0.016788182876010513,0.46373634243304734,True,ok
42.040929937519735,LIDAR,0.06251035072419375,,3.8031323521618554,True,ok
42.046618788081325,LIDAR,-0.05412471245001704,,2.871224031117489,True,ok
42.05032055023258,FLOW,-0.019986961442973072,-0.043849527272143224,0.9301500730690779,True,ok
42.06437051328629,LIDAR,-0.05630431354205001,,3.0677629916447673,True,ok
42.067760854938605,BARO,0.39304492229680843,,1.2598482723049067,True,ok
42.073109163383,FLOW,-0.04371858152290953,-0.01883994762077118,0.8883864812775056,True,ok
42.073396964097505,LIDAR,0.0006406342108227214,,0.00039843912162242773,True,ok
42.08452806545641,LIDAR,0.002783070362138318,,0.007513679049607791,True,ok
42.08863825993104,CAMERA,0.011465390184270063,0.09876855796222883,0.6125708425744969,True,ok
42.08892682431589,LIDAR,0.006167901069380921,,0.03726218488286319,True,ok
42.093030611496786,FLOW,0.01621575122480401,-0.02227033262615019,0.29668249131373337,True,ok
42.09544936037893,LIDAR,0.0005402520142223644,,0.0002871616904233138,True,ok
42.10604276083441,LIDAR,-0.059170486944031264,,3.4360802488569666,True,ok
42.11989398504095,FLOW,0.04930516568364296,-0.046030804146062365,1.7327445569790296,True,ok
42.12171401401899,BARO,-0.045767493212216515,,0.017081313565135106,True,ok
42.122400444518505,LIDAR,0.037200382943057164,,1.34370189459551,True,ok
42.12759781662754,LIDAR,-0.005862283304061577,,0.03364483434780426,True,ok
42.140008249123575,FLOW,0.04022211405113185,0.07250548572018116,2.6427703226473134,True,ok
42.14302963334594,LIDAR,-0.005817532137671222,,0.03283707582321749,True,ok
42.15149291315555,LIDAR,-0.025168507579424126,,0.6167230789579976,True,ok
42.157210129405925,BARO,-0.04924914548890502,,0.019780434205877627,True,ok
42.15789139187527,LIDAR,0.002620224432591023,,0.006724319916979517,True,ok
42.166136536375234,FLOW,-0.014544117339577056,-0.030266002644592893,0.4264548669734037,True,ok
42.16868285316944,LIDAR,-0.021177421202247082,,0.43839569864312705,True,ok
42.180476984653104,LIDAR,-0.04484305684832135,,1.9595421665769994,True,ok
42.18678038548522,FLOW,-0.03323027021503089,0.010984798658961903,0.4687308850826014,True,ok
42.19033360139632,LIDAR,-0.02247808534920992,,0.4925725245700909,True,ok
42.19856588999986,BARO,0.41436258925814107,,1.4001983414975872,True,ok
42.19905771920752,LIDAR,-0.0012331153243421156,,0.001485628824603983,True,ok
42.20541211852054,FLOW,-0.025060828833790794,0.030946874222197496,0.614237528207352,True,ok
42.20920466174862,LIDAR,0.01692116191433346,,0.27960059022758293,True,ok
42.21611938586605,LIDAR,-0.05952922194211974,,3.476007676080948,True,ok
42.22588084711637,FLOW,0.020103111574839128,0.056470085764796354,1.391074437096894,True,ok
42.22728424624001,LIDAR,-0.0025392720223256227,,0.0063069508333578874,True,ok
42.237471490683106,FLOW,-0.03191021413793238,0.08866275238017957,3.553836408555256,True,ok
42.23781158371679,BARO,-0.46271450438001516,,1.7460304447337773,True,ok
42.23885518645178,LIDAR,0.032041637203955364,,1.0014295482926296,True,ok
42.24002074985802,CAMERA,0.024782204903708305,0.051834359742851444,0.20348261600201226,True,ok
42.2528121624669,LIDAR,0.024450381717105785,,0.5796104237445828,True,ok
42.26112568400431,LIDAR,0.007942597755405956,,0.061396520168873335,True,ok
42.26196892756113,FLOW,-0.0375458392315533,-0.043964992863295624,1.303418929172285,True,ok
42.27112536126263,LIDAR,-0.015047134194859701,,0.22045880864684983,True,ok
42.273912697267534,BARO,-0.012492597759663937,,0.0012727997533661093,True,ok
42.276647184837344,FLOW,0.07122499949344574,-0.029863220450724356,2.3736345431432673,True,ok
42.28028829684874,LIDAR,0.010771680557037477,,0.11317495479905246,True,ok
42.29383075092543,LIDAR,0.027979255036278072,,0.7594757919845764,True,ok
42.298841753731125,LIDAR,-0.02642974051566549,,0.6836070899368603,True,ok
42.3046963061479,FLOW,0.028857028762921733,0.010210118907565763,0.3597384021265385,True,ok
42.31120817809617,BARO,-0.21865425133315197,,0.3898816722606922,True,ok
42.31374220867021,LIDAR,0.017645334922361755,,0.30229238979431583,True,ok
42.32257616039096,LIDAR,0.031142200383268648,,0.9441771531207901,True,ok
42.324427103888034,FLOW,-0.06623602792780203,-0.020860501968706827,1.8695754195603838,True,ok
42.32644586332747,CAMERA,0.034993974445796994,-0.11033895450775422,0.8326941855865339,True,ok
42.32865303493061,LIDAR,0.011994808704546056,,0.1409626422365468,True,ok
42.33026918863301,FLOW,0.031193634100866285,0.004471427738658593,0.4064548920682845,True,ok
42.34064802938463,LIDAR,0.05880400629123583,,3.3749043053009053,True,ok
42.351274823567906,LIDAR,0.018389206643224743,,0.3297012871511748,True,ok
42.35920347749534,LIDAR,0.004893279571514864,,0.023421277585507293,True,ok
42.36290116134177,FLOW,0.0041064507826247265,0.039484948871907524,0.6051776009254787,True,ok
42.3684311671607,BARO,-0.029321104266585518,,0.0070112178568265725,True,ok
42.371915527446525,LIDAR,0.011505525512652603,,0.12890175765417203,True,ok
42.37626100373515,FLOW,-0.012628549467229133,-0.05930919957082996,1.4570947165362782,True,ok
42.38155327219043,LIDAR,-0.004370841960605887,,0.01861968521998806,True,ok
42.386357871142295,LIDAR,-0.021434316325695146,,0.4513915918924139,True,ok
42.39063115180211,BARO,-0.0558205247362058,,0.025413247170478846,True,ok
42.39182617245146,FLOW,-0.03456021112965946,-0.011545446809100746,0.5319573171054413,True,ok
42.3984025338117,LIDAR,-0.036625334281748856,,1.3122476409313648,True,ok
42.4079422755798,LIDAR,0.05468514973861982,,2.9259017553082707,True,ok
42.412787687445984,FLOW,-0.033645848262635614,-0.017970002006996916,0.5752433887198968,True,ok
42.418411657817785,LIDAR,-0.0023045085910262664,,0.005189433133727144,True,ok
42.42810081412561,LIDAR,-0.03242546891534159,,1.0275389608816399,True,ok
42.428676863943984,CAMERA,-0.059025178219116015,-0.09089122638188818,0.7275960637428462,True,ok
42.431594330469316,BARO,0.26005161849170344,,0.55154428418248,True,ok
42.44149113470706,LIDAR,0.003980524979165789,,0.015401063258991274,True,ok
42.44228463537006,FLOW,-0.012229517203075524,-0.009847828821228838,0.09377569408344039,True,ok
42.45131183373357,CAMERA,0.017493846475453267,-0.07702570595341296,0.39039189347783193,True,ok
42.45425847745353,LIDAR,-0.03557323446797511,,1.225677339382147,True,ok
42.458783548486906,LIDAR,0.07184687813672141,,5.048891687201766,True,ok
42.46116857699901,FLOW,-0.03078181711032213,0.07055604821072352,2.29126965204909,True,ok
42.473842494588695,LIDAR,0.07412294025026078,,5.329805559988366,True,ok
42.476045595595416,LIDAR,0.04209876034815174,,1.7416788687092248,True,ok
42.47699164980019,FLOW,0.07377891094502775,-0.03947605106709055,2.7697757635239904,True,ok
42.48659153051419,BARO,0.035577276927959645,,0.010322495318908394,True,ok
42.488258946825034,LIDAR,-0.03380630708931287,,1.1179516574603021,True,ok
42.49532256699153,FLOW,-0.0073024042097415975,-0.027792293647130012,0.3266636167124152,True,ok
42.500524794250104,LIDAR,-0.022434812046401298,,0.49039590947666817,True,ok
42.51428719143471,LIDAR,0.010977594889791664,,0.1167656675925852,True,ok
42.51431683444519,BARO,-0.5563737765587426,,2.524579236809833,True,ok
42.51578892237627,FLOW,0.009293824590106636,0.10305027149254492,4.207170115362182,True,ok
42.523694133510176,LIDAR,-0.0131947273761579,,0.16909551354976055,True,ok
42.53355395706036,LIDAR,-0.0005840126755356501,,0.00033162648708842646,True,ok
42.53717631831013,LIDAR,-0.011419048322026448,,0.12809938100809426,True,ok
42.5401296568605,FLOW,0.08385814958078641,-0.05891391772167011,4.0615666925223,True,ok
42.54901929172278,LIDAR,0.029792754069699168,,0.868415676689311,True,ok
42.55582787267097,BARO,0.07563809829888424,,0.046658183414995426,True,ok
42.55609599596011,FLOW,-0.025289130210143007,-0.029071483135206577,0.5855918673171957,True,ok
42.564792858745776,LIDAR,-0.044516984975743856,,1.9210261499345271,True,ok
42.56632186899291,LIDAR,0.004759240027352174,,0.022268515768292425,True,ok
42.5809698996259,LIDAR,0.0005264659685733086,,0.00027018772484338656,True,ok
42.58282671817214,FLOW,0.0022695836546202663,-0.0007200070393072189,0.0021786398087976075,True,ok
42.58603808159892,LIDAR,-0.03267992603035719,,1.049034456368462,True,ok
42.59395162864923,BARO,-0.45739011099961835,,1.7061833812752534,True,ok
42.60040882135659,LIDAR,-0.010916183830484538,,0.11613784377630465,True,ok
42.6057539925908,FLOW,0.037062601361451675,0.0660053749864556,2.19324733171636,True,ok
42.61463843021059,LIDAR,0.04239912534014234,,1.7410277560262477,True,ok
42.6166146297434,LIDAR,0.005884414825293227,,0.03399600550675053,True,ok
42.62405502145584,BARO,0.5328841312329522,,2.315895248732931,True,ok
42.62433372061396,FLOW,-0.038610070449514255,-0.06626939624195081,2.2878735965997663,True,ok
42.63040654930008,LIDAR,-0.0042117362545068815,,0.01729692292475623,True,ok
42.633718499690985,FLOW,-0.0902774100504421,0.03398645690078897,3.7756042235215914,True,ok
42.63661045546112,LIDAR,0.0157766973343354,,0.24412589081737995,True,ok
42.64844076021915,CAMERA,-0.14617905217900073,-0.13014415251270273,2.3840895674468388,True,ok
42.65158850564436,LIDAR,-0.032516838730358266,,1.0281649972389728,True,ok
42.66115803015545,FLOW,0.04789628839976645,-0.029497094197713708,1.2323712318792865,True,ok
42.662105850213344,LIDAR,0.039988349163193604,,1.554683755126746,True,ok
42.667033203954446,LIDAR,-0.013058665711740858,,0.16718885915492965,True,ok
42.67135601229875,BARO,-0.40958406298654415,,1.3682077800465535,True,ok
42.675988618869944,LIDAR,0.014357205813277929,,0.2022391549210869,True,ok
42.687170980221204,FLOW,0.014161166604850672,0.04132457917818175,0.729237499002988,True,ok
42.69054554174218,FLOW,-0.07277498116054415,-0.028533218346782463,2.5093714576292476,True,ok
42.6945962093528,LIDAR,-0.03316514567473261,,1.063900275065474,True,ok
42.70269807494053,LIDAR,0.014612531826863062,,0.20749024042256717,True,ok
42.706950220675786,LIDAR,0.00771616787873608,,0.058408422471052025,True,ok
42.71172099739679,BARO,-0.027460917251532546,,0.006150287080065631,True,ok
42.71787291998266,FLOW,-0.020796035143646252,0.07127920561556245,2.1618001756890903,True,ok
42.72338822029334,LIDAR,-0.03610688508856397,,1.265252629329806,True,ok
42.73108389039928,LIDAR,0.03315045455656529,,1.0713996515903295,True,ok
42.735240082111204,CAMERA,-0.06655684911456206,0.008635665338931009,0.2868727375551808,True,ok
42.74090644276203,LIDAR,-0.02307279143343921,,0.5192112754871726,True,ok
42.74627330042658,BARO,-0.22543232106578337,,0.4144553630844242,True,ok
42.74638136646892,FLOW,0.07690396298868007,0.007817957377148604,2.27645385215118,True,ok
42.75373467561634,LIDAR,0.04046749692356055,,1.5905561063426528,True,ok
42.75907429157842,FLOW,-0.015988100422679175,-0.05962528836186204,1.5088061021742407,True,ok
42.7642036050234,LIDAR,0.01279788279398053,,0.15910326900984792,True,ok
42.771427941792844,LIDAR,-0.004681069826313777,,0.02139429457233152,True,ok
42.777019151184376,LIDAR,0.009818249377304689,,0.09473259588024566,True,ok
42.78290733038689,FLOW,-0.0832922589462165,-0.04524270790358659,3.5007913138394966,True,ok
42.78982297276212,LIDAR,-0.035663217344383824,,1.2428892223719823,True,ok
42.79235330478991,FLOW,0.08668411315213298,-0.004318825928305181,3.0581661251764656,True,ok
42.80256377102589,LIDAR,-0.0013517403793650296,,0.001777538561186794,True,ok
42.80977905335324,BARO,0.03838525397971004,,0.012015913507573556,True,ok
42.81029082617142,LIDAR,0.026228118162185954,,0.6719873358337691,True,ok
42.812517007271175,FLOW,-0.0057882378812439406,0.049841570044659736,1.0066730836452087,True,ok
42.81483339903194,CAMERA,0.05747518981161903,-0.02525696168813929,0.2510815303086448,True,ok
42.818593986089446,LIDAR,-0.03914472687684123,,1.5002982651015302,True,ok
42.822382247804335,BARO,-0.2604054280557673,,0.5530508390385347,True,ok
42.826573229584405,LIDAR,-0.08838703066296505,,7.667837626928878,True,ok
42.8355328879659,FLOW,-0.0015757938062102017,0.03625474928543218,0.5157015079678453,True,ok
42.837531992521015,LIDAR,0.09832899730591249,,9.465087450324484,False,gate
42.8472194695418,LIDAR,-0.02738317726071582,,0.7232260387935684,True,ok
42.85528470837703,FLOW,0.06193727612597999,-0.023603470395228948,1.7255535386584981,True,ok
42.85766011517936,LIDAR,0.01987933314449908,,0.38178065033210146,True,ok
42.86319740425044,BARO,-0.2957923832176861,,0.7134955973611905,True,ok
42.86816448887119,LIDAR,0.06882894371581827,,4.582749416988941,True,ok
42.87772943015523,LIDAR,0.008695218666142868,,0.0733121038068823,True,ok
42.88006600340616,FLOW,0.10689792997727587,-0.010185731761401862,4.463563948031047,True,ok
42.88104932974816,CAMERA,0.12648672966556518,-0.11202523263558306,1.8116322825999824,True,ok
42.88786443313695,LIDAR,-0.03467505537159399,,1.1670503487860917,True,ok
42.89160914569982,FLOW,-0.03094795347766066,0.014331297245763638,0.46706780925162944,True,ok
42.8959728241613,LIDAR,-0.004037398550901905,,0.015883851945353505,True,ok
42.9083171059144,LIDAR,-0.013543644202155924,,0.17814458733655505,True,ok
42.91562654821243,LIDAR,0.03196697562602413,,0.9974212497035284,True,ok
42.91643335874587,FLOW,-0.0015833980671815517,-0.02078978010058352,0.16982330935892626,True,ok
42.92087651015785,BARO,-0.23606075227774026,,0.4544601700183079,True,ok
42.933632914097615,LIDAR,-0.024425895127445862,,0.5752368275824259,True,ok
42.939141719404546,FLOW,-0.028919467635067697,-0.024902137993655385,0.5652190897938355,True,ok
42.94333472305986,LIDAR,-0.005869696639122068,,0.033313616710339965,True,ok
42.9440505329251,BARO,0.10535950412652584,,0.09053022824140274,True,ok
42.953359545344256,LIDAR,-0.02883443737150415,,0.805438768519036,True,ok
42.96092246038934,LIDAR,0.011069315459467877,,0.1193132360202419,True,ok
42.96429213978782,FLOW,-0.017204711777878856,-0.06616435048940161,1.7886843139573436,True,ok
42.96873177471221,LIDAR,-0.007435594233079712,,0.05403712128610853,True,ok
42.974523347437305,FLOW,-0.027024037787623856,0.049320266066607235,1.2689829486316446,True,ok
42.979912786764146,LIDAR,0.011609588069002363,,0.13145277870253988,True,ok
42.98941036902878,LIDAR,0.03274066360626415,,1.046340688868523,True,ok
42.995338391573355,LIDAR,-0.04503455894424224,,1.9916784993079912,True,ok
42.99862765836853,FLOW,-0.1310490579987995,0.011328679167741634,6.792703141887029,True,ok
43.00819458635494,BARO,-0.5882233143198441,,2.8216886663597704,True,ok
43.008431261084496,LIDAR,0.05582247008090313,,3.0424805044208507,True,ok
43.020314089273676,LIDAR,-0.008012264994797125,,0.06248960914029834,True,ok
43.026791100189676,FLOW,0.08999167603992064,-0.014747881741585867,3.178478613797981,True,ok
43.029560965811235,LIDAR,-0.013728051227542615,,0.1837398327216829,True,ok
43.03247992126748,FLOW,0.01776371650196573,0.08920761705490654,3.367641204383644,True,ok
43.03605270157868,LIDAR,0.043230516902108995,,1.8320138304259856,True,ok
43.04419440674543,BARO,-0.31438886392360477,,0.806082247481803,True,ok
43.04612554041803,CAMERA,-0.015395172734791629,0.37354819588350563,8.612640712569766,True,ok
43.05322481426559,LIDAR,-0.043002636740100186,,1.7915761742595147,True,ok
43.06096442760587,BARO,0.07939917109052619,,0.051409711446225415,True,ok
43.06389770488657,LIDAR,-0.05141923546860605,,2.5627333278448328,True,ok
43.065020542597466,LIDAR,0.03946500314050638,,1.5320819538323656,True,ok
43.066264176049586,FLOW,-0.04223762183738855,-0.02648441258543613,0.9503334126601176,True,ok
43.06641220052352,CAMERA,0.07638034908394786,0.1801568829964173,2.383292801172935,True,ok
43.07856453873977,FLOW,0.05830718801207002,-0.05851075841704269,2.717524222832836,True,ok
43.08137646940752,LIDAR,-0.004778706100273755,,0.02221357137178398,True,ok
43.09160610713651,FLOW,-0.03967438131523893,0.06901778247550244,2.5750222539793164,True,ok
43.09477396803028,LIDAR,-0.04159585351088246,,1.6752484133870225,True,ok
43.10122691665904,LIDAR,-0.025580979842047213,,0.6380105922168744,True,ok
43.108502262893744,LIDAR,-0.005006652134528888,,0.024543506062634647,True,ok
43.1175421742638,LIDAR,0.030423859972620093,,0.9069813315164204,True,ok
43.11775465841499,FLOW,-0.02642563734228842,0.03534742336072101,0.763722634267497,True,ok
43.12347643706753,BARO,-0.7475424350635043,,4.557508243747065,True,ok
43.13172434550516,FLOW,-0.027962466192282376,-0.08348041835686128,3.1089326895929283,True,ok
43.134318014632235,LIDAR,0.014412211152413423,,0.20128956334220563,True,ok
43.14279315443098,LIDAR,0.036066249512865856,,1.2651856862771917,True,ok
43.146260693548626,LIDAR,0.05546535961759247,,3.023764037119569,True,ok
43.159924879858124,BARO,-0.035383730920346856,,0.010210099533959328,True,ok
43.16126070389346,FLOW,-0.024405262709970676,0.0966606875519676,3.8297873006589924,True,ok
43.16339962316723,LIDAR,-0.008739235908528986,,0.07416185386778537,True,ok
43.16544635220822,LIDAR,-0.00047884699545397424,,0.00022555819629038607,True,ok
43.171516527870814,FLOW,0.032249844252244086,-0.017357520822832512,0.5412409208681415,True,ok
43.17432026784914,CAMERA,0.023873859697097544,0.19160402851358715,2.3135938599110233,True,ok
43.1825432722933,LIDAR,-0.006340764777573948,,0.03906516398941224,True,ok
43.18562284105129,LIDAR,-0.008000226035145275,,0.06289415174646844,True,ok
43.19363655489074,BARO,0.2743459987727972,,0.6138328026253321,True,ok
43.19561784160346,LIDAR,0.02794532506709091,,0.7664388991745034,True,ok
43.20069857140998,FLOW,0.005235355923343121,-0.002177830917998405,0.01244844523454034,True,ok
43.21348416280571,LIDAR,-0.051782288972414214,,2.5972238574296886,True,ok
43.22142611273693,LIDAR,-0.0017203573658428617,,0.0028798651812726034,True,ok
43.226777342433294,FLOW,0.026729442726548314,0.04466051215734438,1.0329053358604539,True,ok
43.22917745400956,LIDAR,0.007309366484387958,,0.05219148374587378,True,ok
43.23714754291467,BARO,0.035548910378868204,,0.01030595999672426,True,ok
43.23728563834829,FLOW,0.024386207607532073,0.0019927431450481176,0.24008809595557212,True,ok
43.24338909391121,LIDAR,-0.005207961632168967,,0.026321894723128837,True,ok
43.25114725910349,FLOW,-0.056653142653862565,-0.11149203534955007,6.36203477869919,True,ok
43.25294435832855,LIDAR,-0.023356321497888466,,0.5303172987773123,True,ok
43.261555482308545,LIDAR,0.013988132571387979,,0.19075155903101304,True,ok
43.26489530305152,BARO,0.11972863063933437,,0.1169098454074809,True,ok
43.267744946263605,LIDAR,-0.001330575425320557,,0.0017363662905275196,True,ok
43.2814769715932,FLOW,0.006565203209530246,-0.014893093586837491,0.10250369978333271,True,ok
43.28255130861966,LIDAR,0.020398636328752495,,0.4047173968262787,True,ok
43.291178936364574,LIDAR,-0.01869942206096553,,0.34101272505651226,True,ok
43.297712835135115,FLOW,0.03342388586526157,0.0011614511391362659,0.44315316266228455,True,ok
43.29911775301247,LIDAR,0.019059336989163622,,0.3553983489316938,True,ok
43.310885580404204,LIDAR,0.003571457878096762,,0.012438954302091297,True,ok
43.31417254408132,FLOW,0.015268513012258955,-0.04842546055744558,1.0322935771693205,True,ok
43.31505857619071,LIDAR,-0.023520839033262853,,0.5443140321924663,True,ok
43.32577091567835,BARO,0.31867653337761936,,0.8282129908052983,True,ok
43.32784370605582,LIDAR,-0.021202570345341343,,0.4397941768554452,True,ok
43.34062335181003,FLOW,-0.07855522804262649,-0.061432968499888385,3.867879450191692,True,ok
43.341647720691185,CAMERA,-0.04233495458831982,-0.11867186544521235,0.9770583912505888,True,ok
43.34450186819304,LIDAR,0.00866867575706154,,0.07272966951309294,True,ok
43.345645218460696,BARO,-0.14692456667607923,,0.176049729152794,True,ok
43.34700322491829,LIDAR,-0.012984781741951501,,0.1653382848307362,True,ok
43.35033009367242,FLOW,-0.027594573099491204,0.0519092987775278,1.4035380389390941,True,ok
43.36366569739523,LIDAR,-0.0019976529078395977,,0.0038699051751304413,True,ok
43.370104211815075,LIDAR,0.013770538668678167,,0.1851136410549747,True,ok
43.37105393049524,FLOW,0.0040420413037234315,0.03399196007772119,0.4689128132614827,True,ok
43.37333064439605,CAMERA,0.02087491153816501,0.04221572709453625,0.13798110135918418,True,ok
43.37866542747861,LIDAR,0.03099647081747392,,0.939837876864061,True,ok
43.389930069898526,LIDAR,0.03790875267233362,,1.4023135458180365,True,ok
43.3987130906432,BARO,0.3166864172948949,,0.8178753242173853,True,ok
43.40404403896692,LIDAR,0.04459575528934501,,1.9286204682259414,True,ok
43.40757759523897,FLOW,0.023174619059501023,0.04007037266388026,0.8058143675005675,True,ok
43.409304901035846,LIDAR,-0.03311555138729849,,1.072449484169652,True,ok
43.41640995486267,FLOW,0.09201525949854128,-0.0021944385585108833,3.3952772305761423,True,ok
43.42040984341223,LIDAR,-0.029017631897696905,,0.8216809874357709,True,ok
43.42946973270939,BARO,0.28873085644440666,,0.6798501597083505,True,ok
43.43093421140681,LIDAR,-0.0582911603481433,,3.3133315151430223,True,ok
43.432470292148956,FLOW,-0.041151972003226844,0.08138432673673372,3.3549259687098063,True,ok
43.43557870722199,LIDAR,0.01981387801348289,,0.38596661621056455,True,ok
43.449075139544135,LIDAR,0.0077298043158444685,,0.05834671244994503,True,ok
43.45445386860586,FLOW,0.014816211423686942,0.030856973638531,0.4652422691392754,True,ok
43.4607166667623,LIDAR,0.010946812492447222,,0.1167029493034053,True,ok
43.46582492533051,LIDAR,-0.057346252456997426,,3.2275950776380773,True,ok
43.4718738877286,BARO,-0.09195209878392996,,0.0689577479627024,True,ok
43.47203442905416,FLOW,-0.002704496602762063,-0.1140082012696569,5.194502105737164,True,ok
43.481354968969974,LIDAR,0.005845016093906086,,0.033215009041667944,True,ok
43.48870337736246,LIDAR,0.06385143373553603,,3.9824418983636822,True,ok
43.494208829731775,FLOW,0.014053659798139329,-0.053812794515986195,1.222035606106319,True,ok
43.4991643645652,LIDAR,-0.009518860492310655,,0.08842256470489458,True,ok
43.50428118518445,BARO,-0.08682157399153922,,0.061475730028568466,True,ok
43.5123498622216,FLOW,0.017368539314126297,-0.03475496321515126,0.6008373709852435,True,ok
43.513141735779755,LIDAR,-0.03288178042761292,,1.0487659732560934,True,ok
43.52291089673969,LIDAR,0.06500485324644156,,4.1049189373124735,True,ok
43.53434503908358,LIDAR,-0.004332987126697052,,0.018213564331609047,True,ok
43.53857319737122,CAMERA,-0.1301357017816258,0.0469013647634533,1.2167573150480901,True,ok
43.53870753073304,LIDAR,-0.0016293508460374362,,0.0026005146765039964,True,ok
43.544713667272006,FLOW,0.05147350908050652,0.015767385937646677,1.1031095805539495,True,ok
43.54507594178214,BARO,0.4363497506385796,,1.5528230424128862,True,ok
43.54894689771984,LIDAR,-0.015266038443007446,,0.2280524328326861,True,ok
43.55099012879366,FLOW,-0.03559837652566866,0.004314252762113391,0.5235678779475744,True,ok
43.56196747043493,LIDAR,-0.034302997223191856,,1.14549936634008,True,ok
43.56629734174534,LIDAR,0.0404270541512779,,1.6054017168521957,True,ok
43.57439142490281,CAMERA,-0.1079970587307102,-0.20558720732841973,3.3563112822322934,True,ok
43.57749875551544,LIDAR,-0.015577914295659578,,0.23763201069810264,True,ok
43.58385310609774,FLOW,-0.034182644270896345,0.002344507747176927,0.4514965220370818,True,ok
43.59030885142673,BARO,0.672835706891989,,3.6917675640149055,True,ok
43.590503120796726,LIDAR,-0.006524178784346191,,0.041466097612952835,True,ok
43.59863432427255,LIDAR,-0.010078863086727896,,0.09926944485575265,True,ok
43.59875656223158,FLOW,0.03765483606981612,0.07975538890790165,3.082316611234339,True,ok
43.60956674861885,LIDAR,-0.05651206953122756,,3.115396414448837,True,ok
43.61840115598707,FLOW,-0.03432310368600833,-0.051223848038577005,1.5068442116107579,True,ok
43.62279510368453,LIDAR,0.04270508144962948,,1.7702981421360446,True,ok
43.62618016868572,BARO,0.003802431427732955,,0.00011791401936771252,True,ok
43.631844648576255,LIDAR,0.022503561386198356,,0.4928316548616467,True,ok
43.63581891198021,LIDAR,0.022049116618469977,,0.47769154378753903,True,ok
43.64477999157728,FLOW,-0.018069357535678066,0.020962865442624115,0.2972379749945082,True,ok
43.64656824542459,LIDAR,-0.009441350767105394,,0.08736830266140086,True,ok
43.65028651761044,FLOW,0.0318577664288171,-0.011025042015959427,0.46933693425937884,True,ok
43.65749816493673,LIDAR,0.007978605493774271,,0.06224968317897653,True,ok
43.66180286821215,BARO,0.6379829755976254,,3.319531518839597,True,ok
43.66521222927883,CAMERA,0.1374111960270028,0.059111466029215576,1.418360876303678,True,ok
43.66593005928294,LIDAR,-0.015809264232669484,,0.24489556745636093,True,ok
43.67042719165278,FLOW,-0.04389231475127586,-0.05417145186848438,1.9713943634357285,True,ok
43.68207668055068,LIDAR,-0.06131220454435038,,3.645925292728907,True,ok
43.691587138098,LIDAR,0.013337565756224912,,0.17285953777489865,True,ok
43.69246163693586,FLOW,0.01306589859342866,-0.024311737732141486,0.30348598282447126,True,ok
43.700471966426896,LIDAR,0.03607008328358274,,1.2673909160156844,True,ok
43.70584835818554,LIDAR,-0.002558107441068991,,0.006421250266188382,True,ok
43.71645463365114,LIDAR,-0.030126471779624353,,0.888789920440442,True,ok
43.72331109857694,FLOW,-0.007768736969243406,0.03696787280696065,0.5454441020017768,True,ok
43.727793994832126,BARO,-0.7872582271131874,,5.054275946142704,True,ok
43.73001598235992,LIDAR,-0.031179744708561774,,0.9463000841791894,True,ok
43.738757515014235,LIDAR,0.0046992987895357885,,0.021546161699388337,True,ok
43.74215131322842,FLOW,0.05831007128147969,0.003540259342245944,1.3332135467681079,True,ok
43.748663166978645,LIDAR,0.015133491356801976,,0.22347650629457416,True,ok
43.756315076263476,FLOW,0.042156977290234154,0.040790630633145294,1.3816900875431843,True,ok
43.75691306835783,LIDAR,0.025144888461503978,,0.6185641358107461,True,ok
43.75729357581852,BARO,0.48993658872933077,,1.9577648390431046,True,ok
43.76572223851615,LIDAR,-0.01706263541769859,,0.2852086584415074,True,ok
43.77857549817581,LIDAR,-6.580388174581842e-05,,4.2202660720119066e-06,True,ok
43.78801555110287,FLOW,0.029821806697875708,0.013968665096292354,0.41593262944147036,True,ok
43.79061820818514,LIDAR,-0.020890029580896474,,0.4240678754522473,True,ok
43.79115805349088,FLOW,-0.009399446610017126,0.03358668316350909,0.5029642967365122,True,ok
43.79619621726661,LIDAR,0.01949372519415382,,0.3720494554800516,True,ok
43.80044761390223,BARO,-0.0009900949326571151,,7.994955713068404e-06,True,ok
43.81245477663503,FLOW,-0.0354526606850567,0.037187609080354095,1.0690379728174468,True,ok
43.81271838380626,LIDAR,0.007957198911836105,,0.061340550376396435,True,ok
43.813381111297105,CAMERA,0.0955036406713603,0.0698698058967584,0.8772816085599544,True,ok
43.82089504669821,LIDAR,0.01935501705340892,,0.36444418633724684,True,ok
43.83160958522638,FLOW,-0.07446919883301462,0.005080558218804557,2.247302819522135,True,ok
43.83431455731981,LIDAR,-0.03395069067445666,,1.1160880866770677,True,ok
43.84345133675743,LIDAR,-0.012117806134158915,,0.14258609979752593,True,ok
43.84793896436649,LIDAR,-0.002779380372337492,,0.0075712301654649455,True,ok
43.848544583372366,BARO,-0.031598117224004074,,0.00814342498068062,True,ok
43.85509937123823,LIDAR,-0.04348112532412163,,1.8594572135168235,True,ok
43.86898111817567,FLOW,-0.032850727538262015,-0.01208227016291738,0.4607921799233781,True,ok
43.87396437792274,LIDAR,0.00011274001995120742,,1.2314500347592932e-05,True,ok
43.87503028900353,LIDAR,0.007519605583872657,,0.05560783091143072,True,ok
43.87742350270018,BARO,0.19439803238413544,,0.3082255847957432,True,ok
43.883040095675646,FLOW,0.003803617161410422,0.04794402745813533,0.9099163739499672,True,ok
43.885010490688764,LIDAR,0.012932705347936668,,0.1642561514191889,True,ok
43.896358204301436,LIDAR,0.01635596377617876,,0.2618556485654293,True,ok
43.90426133846302,FLOW,0.09198262379774613,-0.013095267793140658,3.403027777168845,True,ok
43.906256468928305,LIDAR,-0.021059993466846727,,0.43392012640731975,True,ok
43.91752732077816,LIDAR,-0.008978963367928472,,0.07867998235931163,True,ok
43.9223760631236,FLOW,0.1075078457522265,0.038219662170461015,5.185125334060223,True,ok
43.92615132474617,BARO,-0.0027816023606490603,,6.309856567328906e-05,True,ok
43.93022718413038,LIDAR,-0.0049042708441287,,0.02337685731591271,True,ok
43.938981051515775,FLOW,0.009272875167614547,-0.007128641216429241,0.05511026074192882,True,ok
43.941696789125864,LIDAR,0.004100519023273019,,0.01631737946575341,True,ok
43.94978111443109,CAMERA,0.2785020630204116,0.05044737904076291,5.072680954982542,True,ok
43.953568975033434,FLOW,-0.034099771911643595,-0.04667918478588991,1.3646872888034556,True,ok
43.95437614344728,LIDAR,-0.01825812145514094,,0.32250988042484974,True,ok
43.962310753941495,LIDAR,-0.007486023060373714,,0.054480060127978555,True,ok
43.968201894859796,LIDAR,0.060006604963632526,,3.5249032303362284,True,ok
43.96953344995675,BARO,-0.16226893678441767,,0.2147574635364337,True,ok
43.97518472504876,LIDAR,-0.00341454068409508,,0.011458970787534226,True,ok
43.9825218301297,CAMERA,0.08477335847276635,-0.12683293118974115,1.4640409739449591,True,ok
43.988596744577876,FLOW,-0.09086807448738055,-0.010419735305656111,3.207804198400647,True,ok
43.99103459713342,LIDAR,-0.024652262117922152,,0.5911944143802115,True,ok
44.0000242755478,LIDAR,-0.01935685266865983,,0.36525622405060454,True,ok
44.00105616680521,BARO,-0.2591253302771057,,0.547629698353549,True,ok
44.00156871123324,FLOW,-0.06777661027773174,0.03702979802521848,2.3830884984282186,True,ok
44.00905660497547,LIDAR,0.02224784966621618,,0.48333853589373194,True,ok
44.0229806518764,FLOW,-0.01944258925203446,-0.020913867609616263,0.3233766583678524,True,ok
44.02382232592403,LIDAR,0.06430377747369542,,4.007735308814403,True,ok
44.03196390193161,LIDAR,-0.010640472596792794,,0.11019143941871119,True,ok
44.03586958124118,FLOW,0.0016693368186513347,-0.054746205206987406,1.2227461198684146,True,ok
44.03620435472825,BARO,0.05884971301282649,,0.028244518350879193,True,ok
44.042254546188936,LIDAR,0.026064911945536284,,0.6612998624985245,True,ok
44.04908886485075,LIDAR,-0.030112686191100302,,0.8872897771282714,True,ok
44.0623763956218,LIDAR,-0.014429489167394394,,0.20260273445754126,True,ok
44.06918523250499,FLOW,0.08579036998590839,0.0056539424260582255,2.848702673823908,True,ok
44.06968452607519,LIDAR,0.055728556786936334,,3.0359636428412458,True,ok
44.081325683904666,LIDAR,0.012656154323591906,,0.15613159419106346,True,ok
44.08734683373097,LIDAR,0.02508429078547092,,0.6171352869261035,True,ok
44.08779528456985,FLOW,-0.013796903447056419,-0.026256293186523616,0.34591220874765194,True,ok
44.089422491481024,BARO,0.5605169637200844,,2.562456384243172,True,ok
44.09746634815815,LIDAR,0.004454806138579848,,0.019442677301850973,True,ok
44.09784805764547,FLOW,-0.015799486571743238,-0.03364687464753176,0.5664699128680543,True,ok
44.10625970619347,LIDAR,-0.0818324528935328,,6.567287228256252,True,ok
44.112633656594085,FLOW,-0.015219113047441724,-0.023181770987201894,0.3171245190353833,True,ok
44.112866100000744,BARO,0.47743740318133376,,1.8590344570125772,True,ok
44.12020055732874,LIDAR,-0.010212391003512789,,0.10157801033831476,True,ok
44.1321513919671,LIDAR,0.007707635077200958,,0.05770652150195149,True,ok
44.136777844075915,LIDAR,0.0004451216049505824,,0.00019420249559844958,True,ok
44.1425889374206,CAMERA,0.17846506184466904,-0.09152903186575956,2.552067171358776,True,ok
44.144815541005315,FLOW,0.04026216541923544,0.04026678394417739,1.261480346403692,True,ok
44.1462083026928,LIDAR,0.013054413500193096,,0.16702964171946635,True,ok
44.15052559478594,FLOW,-0.060129612466428006,0.005959331959405595,1.513991267837928,True,ok
44.15575845949581,BARO,0.6273635001806861,,3.2097808829297323,True,ok
44.164915988857864,LIDAR,0.058591811133531735,,3.3175996750848826,True,ok
44.166103670471216,LIDAR,-0.022090501853584854,,0.47887043837844634,True,ok
44.17884419490519,FLOW,0.023520574298877994,-0.04159917875178121,0.9038353511898755,True,ok
44.18035478018796,BARO,-0.2588678065122805,,0.5464755416156549,True,ok
44.18140964497528,LIDAR,-0.04958538164165471,,2.3910065363195905,True,ok
44.1815063236448,CAMERA,0.016787941937110418,-0.15170138807038303,1.4483262456251487,True,ok
44.19339232070858,LIDAR,-0.03643717968406035,,1.2879883186608765,True,ok
44.20130423633052,LIDAR,-0.03296625547096976,,1.0588424558510319,True,ok
44.20523774691337,LIDAR,0.009339324783026903,,0.08578566265181696,True,ok
44.20541266905446,FLOW,0.06820783106324435,-0.0022723310755143056,1.8055509962919176,True,ok
44.211108499972134,FLOW,-0.05757117547557544,0.012144325083810359,1.4318571022848638,True,ok
44.2178488050438,LIDAR,0.007180663153297129,,0.05043568495749497,True,ok
44.22793531011814,LIDAR,0.009146372574426298,,0.08177591757536563,True,ok
44.23774258117298,FLOW,0.019204078964679017,-0.037336950672354596,0.7005327678799576,True,ok
44.24441195043919,LIDAR,-0.008424758080350259,,0.06866925246118682,True,ok
44.247589943914065,LIDAR,0.0080957293293622,,0.064180253258435,True,ok
44.249020288617075,BARO,0.10798105231457766,,0.09509835094143378,True,ok
44.25417326731441,FLOW,-0.01706504476324122,0.018551531731193588,0.2563236496501872,True,ok
44.26321305161993,LIDAR,-0.024889173418068733,,0.6010553434586854,True,ok
44.273199960173855,LIDAR,0.0071908277602061865,,0.05022587827119959,True,ok
44.27338285735299,BARO,0.718799308191223,,4.213830247101831,True,ok
44.28496450841482,LIDAR,-0.003684869714144945,,0.01316609824098691,True,ok
44.2880561874057,FLOW,-0.07194507575118392,-0.009566514434042689,2.0139742206526146,True,ok
44.2888318177763,LIDAR,0.04102889100070195,,1.6495748840599378,True,ok
44.29704967988548,CAMERA,0.08096790374517582,0.1104993962343861,1.1682846289262623,True,ok
44.29865804610739,LIDAR,-0.014437113366561505,,0.20412653287279167,True,ok
44.30391559408639,FLOW,0.07420367226813784,0.0005992066824228037,2.1806974152733694,True,ok
44.3075878987491,LIDAR,0.006180098742347706,,0.03743772752532278,True,ok
44.316274589791455,BARO,-0.05756240719116423,,0.027022142154811687,True,ok
44.32345739629511,LIDAR,0.025192020381051616,,0.6160483635750121,True,ok
44.3264822587694,FLOW,0.009117290918148058,0.02599548424321145,0.29861179781086283,True,ok
44.33494463351072,LIDAR,0.0358802960259621,,1.2480597080368174,True,ok
44.34287733799881,LIDAR,0.029041806461452158,,0.8212760424516237,True,ok
44.347766495768774,BARO,-0.05055466949771015,,0.02084327344500025,True,ok
44.34792740956794,FLOW,0.015272210173518097,-0.06803758562186558,1.9177564692917475,True,ok
44.352250285834394,LIDAR,-0.028275118000117505,,0.7796072795707477,True,ok
44.35586768213584,CAMERA,0.002261628066058563,-0.007680676220645388,0.004008660447423183,True,ok
44.36284380485219,LIDAR,0.03132463844770106,,0.9560579120925351,True,ok
44.36888325968752,FLOW,0.009739416225519104,-0.03957064624140452,0.6565006854182973,True,ok
44.37210487359479,LIDAR,-0.043574416964715645,,1.8525544806261203,True,ok
44.3761071454423,FLOW,-0.050918729787740036,0.06329674162495212,2.7456352157782558,True,ok
44.37755942166714,LIDAR,0.013129875165767135,,0.16935685797000133,True,ok
44.388301484027885,LIDAR,-0.021053097969418122,,0.4343655979220258,True,ok
44.39433739763802,FLOW,-0.1578558814697174,0.014867314673744803,10.359291595926935,False,gate
44.403016770863864,LIDAR,-0.033178870987719655,,1.0701660646936326,True,ok
44.4073517030702,LIDAR,-0.009855397106020458,,0.09530341011232825,True,ok
44.407818488111516,BARO,-0.6692173806317048,,3.6527757879738862,True,ok
44.41625401983403,FLOW,0.07383736912950534,0.014183557615841141,2.1515745145293907,True,ok
44.42223367111789,LIDAR,0.016599480410143475,,0.2680955010389805,True,ok
44.43397990842687,LIDAR,-0.011294014467039037,,0.12383928454729984,True,ok
44.4402148110029,LIDAR,-0.02023182017472447,,0.4000712928799769,True,ok
44.44743681579408,FLOW,-0.02766670092164092,0.007323820911101064,0.30659249197575,True,ok
44.44785711650218,BARO,-0.18956962517960374,,0.2930735857481309,True,ok
44.45035888806687,LIDAR,0.02613492972984499,,0.6672794146674138,True,ok
44.45824755638524,FLOW,-0.06257554709292079,0.028947656934994015,1.8971634003069353,True,ok
44.464429068219545,LIDAR,0.006646859176465014,,0.042882259824667965,True,ok
44.4693608914706,LIDAR,-0.004692709547982066,,0.02156152385013392,True,ok
44.472531824606634,BARO,-0.09895534100960024,,0.07986321105014804,True,ok
44.475223482719635,LIDAR,-0.027303688366260737,,0.7340383615032544,True,ok
44.47667997094519,CAMERA,-0.13464799215689283,-0.020889705124830682,1.182237005249828,True,ok
44.485572234510464,FLOW,-0.06575709768055171,-0.05180944822691441,2.724368519292968,True,ok
44.49264196688955,LIDAR,0.001272133563307687,,0.0015728868281762785,True,ok
44.49834571158319,FLOW,-0.007440279105862757,0.0043162897368534126,0.029920652188256045,True,ok
44.49913737250996,LIDAR,0.06849847103711593,,4.588054251039516,True,ok
44.50844441423309,BARO,0.0959625236721906,,0.07509909843926592,True,ok
44.50892425450392,LIDAR,-0.00195604234071034,,0.0037412544090419755,True,ok
44.5195332908679,LIDAR,0.0004645972608514626,,0.00021077294966244522,True,ok
44.527946056501385,FLOW,0.02807937432961438,0.09038545768668384,3.4823130412986227,True,ok
44.52970979066312,LIDAR,0.011903728409811354,,0.13830196263825184,True,ok
44.53507844121876,FLOW,-0.044901346989166147,-0.02307046459651664,1.0528548539310645,True,ok
44.54143111658707,LIDAR,-0.02352542974666738,,0.538707384611419,True,ok
44.545848910365564,BARO,-0.0915375135994898,,0.06833497778744345,True,ok
44.54585833695457,LIDAR,0.0019116404903813944,,0.003589171788246689,True,ok
44.55571602107744,LIDAR,-0.04121858215993646,,1.6668775442034445,True,ok
44.56174255397189,FLOW,-0.018952104068738262,-0.03550904779570123,0.643518631998758,True,ok
44.56552688297776,CAMERA,0.08843044368030206,0.05681258619539786,0.6964410764821656,True,ok
44.56883889613998,LIDAR,0.030592111673029,,0.9128650283336182,True,ok
44.571947763831616,FLOW,-0.002670025516255503,0.02083557954050183,0.1823100423401323,True,ok
44.57515326146922,LIDAR,-0.038713104703475665,,1.470064531320673,True,ok
44.593508284221656,BARO,0.5477987949484264,,2.4469912068068216,True,ok
44.59370745046508,LIDAR,-0.0027964629033365718,,0.007564187660917112,True,ok
44.60124195471389,LIDAR,-0.006104817332092338,,0.0362472241667819,True,ok
44.608000157055145,FLOW,-0.018716055968742262,-0.019245523065335418,0.27718095011665067,True,ok
44.614195458321,LIDAR,0.023284618357516162,,0.5252384536809389,True,ok
44.62145393793383,BARO,0.09905223847643718,,0.08001000710440748,True,ok
44.62394387955926,LIDAR,-0.002963093479094514,,0.008521932529360402,True,ok
44.62944835860252,FLOW,0.08929925921820825,-0.048800495971892205,4.041698334268395,True,ok
44.63053714400704,LIDAR,-0.004408724135756881,,0.018983183289816262,True,ok
44.6320019328246,FLOW,0.050870524053632904,0.059736732955755614,2.5891203430412597,True,ok
44.63973311754427,LIDAR,-0.003041133621184411,,0.009041731994238144,True,ok
44.64759731164417,LIDAR,0.0038359266389633717,,0.01442601509363442,True,ok
44.65695231898446,FLOW,0.03802713334617547,0.02203365754544738,0.7824817261363578,True,ok
44.65874690949054,LIDAR,-0.030554852587965975,,0.9128536226202986,True,ok
44.66925343733095,LIDAR,-0.008967668848557597,,0.0785370557440635,True,ok
44.67917848702211,LIDAR,-0.014400030391741758,,0.20248864486915183,True,ok
44.68037954265825,BARO,-0.3282928650974499,,0.8790105232282922,True,ok
44.6878554165317,FLOW,0.0213474963484086,-0.02986319283523589,0.5218618537996067,True,ok
44.688238483206824,LIDAR,-0.01966859090594264,,0.37826911481198,True,ok
44.69240337642716,FLOW,-0.08626472656874595,0.010406624509743834,3.1436328632772446,True,ok
44.69929754899797,LIDAR,0.040727872157312106,,1.6186166224213725,True,ok
44.70000246172471,CAMERA,0.06749827190606084,0.022670452287840925,0.32085257630989295,True,ok
44.7083343725584,BARO,0.2743492164648682,,0.6138104052065777,True,ok
44.70900500190921,LIDAR,0.008889853214162802,,0.07715645554601543,True,ok
44.71094031863148,FLOW,-0.042935713812550125,-0.04287878684825955,1.517178158226001,True,ok
44.72095368042753,LIDAR,0.013310400819740664,,0.1724281500568016,True,ok
44.73405417977844,LIDAR,-0.013487124025592045,,0.17627778810454967,True,ok
44.734802245141594,FLOW,0.0842030354451544,0.04780365762676038,3.767440921883724,True,ok
44.74292359260171,LIDAR,-0.015038334830270284,,0.21983068108144446,True,ok
44.75460639779794,LIDAR,-0.03999866449793821,,1.5522756163800944,True,ok
44.75612399943248,FLOW,0.006923494326851243,0.0035803255412671098,0.02426658906936354,True,ok
44.75637091958638,LIDAR,0.004564402739583251,,0.02048988694433453,True,ok
44.76391630997621,BARO,-0.4561885894590334,,1.6972533368620635,True,ok
44.76796445793086,LIDAR,-0.00410588564684744,,0.016516953185462237,True,ok
44.78063227387022,LIDAR,0.04054902038886743,,1.6031063161782846,True,ok
44.785903805971245,FLOW,-0.054514706899658094,-0.028216881219478962,1.4571486288058604,True,ok
44.78765237290862,LIDAR,-0.010275600072557012,,0.1034253484642178,True,ok
44.79060628703121,BARO,0.3596107170842884,,1.054716825495627,True,ok
44.792934952232244,FLOW,-0.03139340526005008,0.07639914158348145,2.810300140648547,True,ok
44.797779461290176,LIDAR,0.044394238927313534,,1.9288057848135678,True,ok
44.80709637629288,LIDAR,-0.03462992313491675,,1.1741385268685405,True,ok
44.82153246661493,LIDAR,0.0009078092828498363,,0.0008008779111958043,True,ok
44.82379238710983,FLOW,0.044681902462164524,0.03212606795334906,1.1868340382983473,True,ok
44.824895554846954,CAMERA,0.015836135466791745,-0.025944830275734354,0.05772264521941618,True,ok
44.83005316727108,LIDAR,0.04297353405047799,,1.8000652735781464,True,ok
44.838441266257554,LIDAR,-0.0010044980765049338,,0.0009860938813971577,True,ok
44.839180999033786,BARO,-0.1660898773001387,,0.22498947333893662,True,ok
44.84020251182845,FLOW,-0.01610740262009247,0.028494202917968156,0.43023917136497425,True,ok
44.84773581092273,LIDAR,-0.020471046224261435,,0.40988112051013564,True,ok
44.86062195155919,BARO,-0.07630485564229161,,0.04748065971223028,True,ok
44.86102007680539,LIDAR,0.0456244674808306,,2.025057509008868,True,ok
44.86528086147745,LIDAR,0.005162940643279157,,0.026172800720087225,True,ok
44.86789586835628,FLOW,-0.04376667220091868,-0.010515860837996577,0.7927488837353678,True,ok
44.884619097615705,LIDAR,0.0025432118420738448,,0.00625303341067956,True,ok
44.88728052937316,FLOW,0.0381519053840651,0.048875798975144026,1.5243231802269166,True,ok
44.892116414285226,LIDAR,0.0191117194808732,,0.3551268705827701,True,ok
44.89213516498057,CAMERA,-0.0670225020365649,0.04599340370945448,0.4194226589476371,True,ok
44.89771468009188,LIDAR,-0.01108084626494854,,0.12026093577549776,True,ok
44.90362518973923,FLOW,-0.005481636865304562,0.03854843936788373,0.6126804451984377,True,ok
44.9082340552095,BARO,-0.06520118318913815,,0.0346689385212384,True,ok
44.914848134992546,LIDAR,0.048799987571437775,,2.305720527707,True,ok
44.91595436973931,LIDAR,-0.005001634781710784,,0.024587605675579435,True,ok
44.925170698007236,FLOW,0.05430464629152887,0.051237053351136985,2.2372760544755126,True,ok
44.92884326091878,LIDAR,-0.044967480024192596,,1.9759871221761516,True,ok
44.93866678194669,LIDAR,0.03469102701450666,,1.1759667039423873,True,ok
44.93876582842727,FLOW,-0.006280804466475942,-0.0867603997006566,3.10897365423944,True,ok
44.94698379089143,LIDAR,-0.027134958284540822,,0.7210879562918067,True,ok
44.9634449598861,LIDAR,-0.017340856636074875,,0.2913813595341027,True,ok
44.96498904698556,FLOW,-0.08159176478469132,-0.05762573231831944,3.971819164602193,True,ok
44.966022548404034,LIDAR,0.021287567692194198,,0.4446915118467523,True,ok
44.968615344344805,BARO,-0.36704369111797375,,1.0987863817549295,True,ok
44.970583981498095,FLOW,0.01813365900768593,-0.003250792937796773,0.14317675677831365,True,ok
44.98178492325214,LIDAR,-0.0007997316571675128,,0.0006215073702144496,True,ok
44.98910312274278,LIDAR,-0.001092006430419179,,0.0011644404942701074,True,ok
44.98952297933324,CAMERA,-0.12197167004545406,-0.005985569432682469,0.9503429509107046,True,ok
44.99227415677173,FLOW,0.030853523549371653,0.010443673963859867,0.43623871264434694,True,ok
44.99747948385585,LIDAR,0.012005305568575153,,0.14105927433367751,True,ok
45.00749619757916,LIDAR,-0.012477911000700281,,0.15228515769191608,True,ok
45.0098761341218,BARO,0.5283630280946894,,2.276849514455878,True,ok
45.01941867745551,FLOW,-0.07896050737682014,0.0286681767837796,2.8030961498968057,True,ok
45.022710365506896,BARO,0.894218614779366,,6.520593745174956,True,ok
45.024783997094644,LIDAR,0.04159104621063525,,1.672669842781483,True,ok
45.03238054425904,FLOW,-0.04831486829610376,-0.005428157957573065,0.9698830318115971,True,ok
45.03412968777516,LIDAR,-0.06097216473620426,,3.604811028106628,True,ok
45.043535770183674,LIDAR,0.019714882959755986,,0.37768400854691353,True,ok
45.0466176699897,LIDAR,-0.011872923560340087,,0.1385311676912245,True,ok
45.05306302801488,CAMERA,-0.2481854087769122,0.15721675279798553,5.498390660005747,True,ok
45.05531140291063,FLOW,0.0214111300282549,0.013175612688075461,0.2542184546900196,True,ok
45.059387073489916,LIDAR,-0.012163765967994955,,0.14459528845511285,True,ok
45.065876372646834,LIDAR,0.02092158762863372,,0.429894712987846,True,ok
45.07676870045939,LIDAR,0.0010826011151210402,,0.0011480799183506418,True,ok
45.08112080798408,BARO,-0.31506498899258784,,0.80958717457377,True,ok
45.08820979271186,FLOW,0.09268905536227878,-0.05818740541424838,4.604059329349072,True,ok
45.09363740227784,LIDAR,0.006890366588309327,,0.045990163109358315,True,ok
45.1003025866502,FLOW,-0.015311353097245073,0.0763882136284168,2.450575607778449,True,ok
45.10467610872154,LIDAR,0.007420458176125688,,0.05332836679220207,True,ok
45.10638008505784,LIDAR,-0.004400651625490415,,0.019021174335026515,True,ok
45.11240167018607,BARO,0.10215281439093093,,0.08510652325336338,True,ok
45.12116803980617,FLOW,-0.047324681996256945,0.03027912521237474,1.2705059291349028,True,ok
45.12144198099539,LIDAR,0.00924397837654567,,0.08319088011695598,True,ok
45.132984182604154,LIDAR,0.0417773268877637,,1.6958595333779807,True,ok
45.13514168655505,LIDAR,0.0005839610749687196,,0.0003355644233836587,True,ok
45.13773357427814,FLOW,-0.017510520363458015,-0.010562737540698697,0.17064100960910475,True,ok
45.14438164571658,BARO,-0.12037463212319022,,0.11817354134334927,True,ok
45.15197536761861,LIDAR,0.016563912976761852,,0.2667943441395408,True,ok
45.15221403319959,FLOW,-0.08363124540431166,-0.03978515394610581,3.5542549617766883,True,ok
45.15900057077503,LIDAR,0.025620567102683456,,0.6416092694893725,True,ok
45.170782741721,CAMERA,-0.041136349509621084,-0.12498493711863579,1.0738805961440079,True,ok
45.17208691689002,LIDAR,-0.006566302411767033,,0.041930442169588175,True,ok
45.17515228003387,LIDAR,0.0021318965610293006,,0.004469375415963681,True,ok
45.178455159237465,FLOW,0.07415328682858091,-0.026383219002155622,2.482690802603552,True,ok
45.18513396896443,BARO,-0.6865775566705534,,3.844355118033535,True,ok
45.18835906910678,LIDAR,-0.042649182048043244,,1.7775796842452134,True,ok
45.193626090182995,FLOW,0.05633436767113775,-0.019350248910249973,1.4507146852323367,True,ok
45.1972302862288,LIDAR,-0.034665648885329414,,1.175982998887654,True,ok
45.21212954229104,LIDAR,0.008995555133822108,,0.07855043571876344,True,ok
45.21384568193768,FLOW,0.01933721628074403,-0.01970395440754684,0.3093490427818847,True,ok
45.21620898885936,LIDAR,-0.005342746905679707,,0.027987039041699184,True,ok
45.23269393622585,LIDAR,-0.04405503979570735,,1.8823803343236383,True,ok
45.235933094537494,FLOW,-0.10477926512736202,-0.01711234917826647,4.526993244950591,True,ok
45.24326218790758,LIDAR,0.02728190808369435,,0.7220857489570229,True,ok
45.24578801713118,LIDAR,-0.024815719860801444,,0.6049216509421315,True,ok
45.247204962878705,BARO,0.18737295331220238,,0.28635224476396004,True,ok
45.26165504613117,LIDAR,0.014560103685719028,,0.2061487874830366,True,ok
45.2681220323434,BARO,0.09725294101019877,,0.07713231414022732,True,ok
45.269987399204005,FLOW,0.04239952362628774,-0.0429615190292731,1.3932593698681495,True,ok
45.270809678163914,LIDAR,-0.04259190021065162,,1.7676408929362055,True,ok
45.27132175343585,CAMERA,0.14230860846970472,-0.05284573762373834,1.469972692943964,True,ok
45.27554648273847,LIDAR,0.022015940291282732,,0.47618170771447793,True,ok
45.281187554709085,FLOW,0.000774996228943059,-0.09648646647788484,3.763405957963018,True,ok
45.28957359380314,LIDAR,0.04647226476562816,,2.106012019375076,True,ok
45.29089456292016,FLOW,0.025108117234481697,0.08768196704129179,3.4912436402622062,True,ok
45.30252795663482,LIDAR,0.010817985913214478,,0.11361532132692856,True,ok
45.311113538215466,FLOW,-0.06441518660372147,0.031861476935055075,2.133564447005339,True,ok
45.31443058238206,LIDAR,-0.026234023121392003,,0.6668382399629057,True,ok
45.32282680062142,BARO,0.5003798375040791,,2.0417825455686565,True,ok
45.32313144792995,LIDAR,0.006613423127797002,,0.04252627877673882,True,ok
45.331796098365636,LIDAR,0.012614464749761023,,0.1551368930552597,True,ok
45.34246981778016,LIDAR,0.01276157914466669,,0.15863439596084153,True,ok
45.34416694925559,FLOW,-0.029373635028878242,-0.005596055523073434,0.3491296937999751,True,ok
45.34998644099627,BARO,-0.15103898068211263,,0.186040766099734,True,ok
45.3522206544784,LIDAR,-0.013258475380484303,,0.17136647684027653,True,ok
45.357908409111104,FLOW,0.024421808227579,0.04068035749165275,0.9118949299304322,True,ok
45.363046143344334,LIDAR,-0.015195825960624187,,0.22485622284388265,True,ok
45.36855138787251,LIDAR,-0.038986945606389156,,1.4907727985608812,True,ok
45.37840840126065,FLOW,-0.0036445948700187802,0.019917285140669233,0.1653621532191201,True,ok
45.37905885279363,CAMERA,0.007278378869912672,0.005140003775987889,0.004991359556838038,True,ok
45.38356461971846,LIDAR,0.013895605503106534,,0.18774956895310901,True,ok
45.3890859847854,LIDAR,-0.04746129266318144,,2.2066837909149117,True,ok
45.39663421946952,LIDAR,0.09255542155042873,,8.416353835786136,True,ok
45.3981804877214,BARO,-0.1666336066095906,,0.22647057737595694,True,ok
45.40477752362184,FLOW,0.005653900761313779,0.024133509248532165,0.24239420290873634,True,ok
45.41390884294736,LIDAR,-0.00748716017527018,,0.0544010931968469,True,ok
45.42228206862726,FLOW,0.10480787048804718,0.05813692197911609,5.785108747332762,True,ok
45.42414124721743,LIDAR,0.042622137149152195,,1.7641645846559129,True,ok
45.42650857130771,BARO,0.24897381409503927,,0.5055413674455863,True,ok
45.43277795538599,LIDAR,-0.05959527519533925,,3.4597007979430376,True,ok
45.43870640972508,FLOW,-0.030286381049583255,0.016767580580260205,0.4898671143278076,True,ok
45.44073641958939,LIDAR,0.0034620042600255196,,0.011715045607543646,True,ok
45.44530632498151,LIDAR,-0.015372352348224982,,0.23278685352975065,True,ok
45.45775589071384,LIDAR,0.011543883238092967,,0.13055401766441865,True,ok
45.45986370453043,FLOW,0.015575511772745187,-0.05999164150184329,1.5548320444527581,True,ok
45.467667174421905,LIDAR,0.010297323753432064,,0.10381015683702793,True,ok
45.482229769462556,FLOW,0.04595509855060809,-0.0693497891405358,2.7774380803908745,True,ok
45.48433711658178,LIDAR,0.021831475167205294,,0.4615601345874029,True,ok
45.48638325263247,BARO,0.18255280148001907,,0.2717817467182239,True,ok
45.48800941043363,LIDAR,0.005141996228316348,,0.025894074913232697,True,ok
45.4993156714869,LIDAR,-0.028994652744249727,,0.8210852369370636,True,ok
45.500112598366464,FLOW,-0.0826322248899184,0.056831195732252426,4.084682308581212,True,ok
45.50614312703527,LIDAR,-0.040251293035223235,,1.5896338870966582,True,ok
45.50726024238323,BARO,-0.6498513970801045,,3.444396619062679,True,ok
45.51765627946172,LIDAR,-0.022825914478500575,,0.5095251753422942,True,ok
45.52695455045415,FLOW,0.00536637713626531,-0.054356691051446374,1.1769831314124821,True,ok
45.52735292162736,LIDAR,-0.02340870084088964,,0.5358654412091853,True,ok
45.539579563748816,LIDAR,-0.043269346092060346,,1.8238242607682167,True,ok
45.54225629091394,FLOW,-0.028053139663196225,-0.019551702943797475,0.4743300880826715,True,ok
45.54538061506829,CAMERA,0.036308691213676525,-0.12014159263838675,0.974220656709911,True,ok
45.548609947192986,LIDAR,0.002365674254838357,,0.005461257564185331,True,ok
45.56066601870227,BARO,0.06746400835669109,,0.03711543034369836,True,ok
45.564945508440935,LIDAR,0.04453205010005945,,1.916593763560648,True,ok
45.56659641973551,FLOW,0.013705561084866646,-0.022606142104082266,0.27883397375780544,True,ok
45.57284483351035,LIDAR,0.03446998363529463,,1.1542175159062529,True,ok
45.5758838326108,FLOW,-0.042493136561649214,0.029576777173334234,1.120705002207526,True,ok
45.58037677910733,LIDAR,-0.04946956224076393,,2.388266851230269,True,ok
45.590149149139215,LIDAR,0.001335472763387191,,0.0017409994893723903,True,ok
45.59659104082837,BARO,-0.01426919403207405,,0.0016605081479719726,True,ok
45.597473706821155,FLOW,0.07199940332516885,0.04519642826466862,2.96102984604953,True,ok
45.6019838370284,LIDAR,0.029677475061490988,,0.8573652380498674,True,ok
45.602136318180385,CAMERA,0.14074331466716217,-0.1281137457031939,2.2892444449872595,True,ok
45.611673197241466,FLOW,0.023320123108981905,-0.06488210348383963,1.9795552951076125,True,ok
45.612932495479434,LIDAR,0.01292748638829666,,0.16251589383936485,True,ok
45.61838787800832,LIDAR,-0.023097365068522002,,0.5227138874070667,True,ok
45.62967136079411,LIDAR,0.033930961798119164,,1.1249378811785335,True,ok
45.62991939123833,BARO,-0.04318733528669716,,0.015212154914951547,True,ok
45.63644958364858,LIDAR,-0.0899951205770324,,7.950583377082149,True,ok
45.64632847060258,FLOW,-0.08133470054010505,0.08651942202455129,5.498973013267117,True,ok
45.647217598718306,LIDAR,0.06209602833945249,,3.7763380036933847,True,ok
45.6517764148346,CAMERA,-0.1772752594162057,0.10738798640279756,2.7382378433892045,True,ok
45.65874979369511,LIDAR,-0.006595232496889203,,0.042468607466476904,True,ok
45.6671508791024,LIDAR,-0.017581997840728114,,0.30250027110226735,True,ok
45.66840341781123,FLOW,0.00676014290073379,0.007989352313030273,0.04313035927914005,True,ok
45.67120022747718,BARO,0.7127490598326127,,4.14319438951132,True,ok
45.672912560794856,FLOW,0.017902109183684844,-0.012437822166826054,0.2008051663596258,True,ok
45.67663531358515,LIDAR,0.013822747546053282,,0.1870264328888162,True,ok
45.69053355764803,LIDAR,-0.007227695207067342,,0.05079840283004487,True,ok
45.69630279518454,LIDAR,0.034661005188555194,,1.1765192658804153,True,ok
45.70428920283576,BARO,0.024026181357367005,,0.004707740031327107,True,ok
45.70636460477912,LIDAR,0.06588299153853017,,4.247667372681457,True,ok
45.70925845639849,FLOW,0.01637111954808057,-0.021932267590598645,0.2935259107298094,True,ok
45.71955391931295,LIDAR,0.020674706591963687,,0.4160163024375085,True,ok
45.72759312225584,FLOW,0.056338517152582424,-0.006967393272265629,1.292366027388976,True,ok
45.73002613492856,LIDAR,-0.02825912030328981,,0.7770197042420972,True,ok
45.73233685636117,FLOW,-0.05377761890993937,-0.03437860588735822,1.735820568196238,True,ok
45.735096895305134,LIDAR,-0.02372551267218581,,0.5520970143336519,True,ok
45.74691735854962,BARO,0.30621501115317074,,0.7646795724239934,True,ok
45.75266588204922,LIDAR,-0.02796782400861675,,0.7576890363528429,True,ok
45.75758586934426,LIDAR,0.021172326889601578,,0.43822044638040286,True,ok
45.76152304174876,CAMERA,-0.022174966289895792,-0.11987511807039675,0.9232934484692469,True,ok
45.76843014620039,LIDAR,0.01610156168722332,,0.2530229948862561,True,ok
45.76924062436977,FLOW,0.034766929121259116,0.022822834531504507,0.6788555262868767,True,ok
45.77174275324048,FLOW,-0.01024304147576438,0.04067838401191651,0.7472925134348508,True,ok
45.778209879057165,LIDAR,-0.032898293115281696,,1.0565302070364442,True,ok
45.790343979611826,LIDAR,0.031766716689612284,,0.9817710199779778,True,ok
45.800512769775146,LIDAR,-0.05159505036138601,,2.590610563878567,True,ok
45.803111154665544,FLOW,0.008339673234268763,0.028317892838267897,0.3477680484260265,True,ok
45.80665714873372,BARO,-0.2806401028475496,,0.6422946630432089,True,ok
45.807553956567645,LIDAR,-0.059652648335521086,,3.4806497720333454,True,ok
45.81905542802897,FLOW,0.07617110320935871,-0.02065564475186589,2.542376293939085,True,ok
45.82266485244934,LIDAR,0.021985264075027988,,0.46887238518558655,True,ok
45.827669442805025,LIDAR,0.013617025425861407,,0.18144718714935446,True,ok
45.829800926442985,BARO,0.4130332220078774,,1.391368489130992,True,ok
45.83312157826112,FLOW,-0.060947848314314435,0.025388923892193466,1.8156666360814797,True,ok
45.83596887838063,LIDAR,0.026092430576889036,,0.6676046321148017,True,ok
45.847824477206856,LIDAR,-0.02399976128926795,,0.5626745731753128,True,ok
45.85007032724817,FLOW,0.014884105199413744,-0.03652986097748957,0.6477301101945306,True,ok
45.86136879763535,LIDAR,-0.0017481167481503412,,0.0029683713715801274,True,ok
45.86293533202968,BARO,-0.3482335369439178,,0.9889983270663298,True,ok
45.86996981193145,LIDAR,-0.009264489322051261,,0.08363078457652848,True,ok
45.87394383170461,FLOW,0.06034230877970381,-0.05812093580580728,2.8510600526970125,True,ok
45.88219480940278,LIDAR,-0.0011709326407656206,,0.0013317186020143014,True,ok
45.89181962632238,LIDAR,0.001979759635041045,,0.003812414118144853,True,ok
45.894898751811866,FLOW,0.02661574353697871,0.008721511755325553,0.3176805773278009,True,ok
45.90206866395669,LIDAR,-0.046290212610258674,,2.084689260478955,True,ok
45.91230373283764,LIDAR,-0.015408663278745127,,0.2310326238727239,True,ok
45.919215164899754,FLOW,0.038971124476568364,0.04635982764943239,1.4615614160815216,True,ok
45.92126352038382,LIDAR,-0.025218701929475618,,0.620152729547797,True,ok
45.923144821201966,BARO,-0.1640925875931991,,0.21960462094628577,True,ok
45.924497422242425,CAMERA,0.018950670020679183,-0.09182514910924666,0.5441798441172492,True,ok
45.92758368219607,LIDAR,-0.02486581249355213,,0.6064086114265461,True,ok
45.941805086315945,LIDAR,-0.001699821949099345,,0.0028128490050220853,True,ok
45.94814419702464,FLOW,-0.054247180950496965,0.014689177797525613,1.2294071441972576,True,ok
45.94858464230852,BARO,-0.10042470529187097,,0.08224576261183233,True,ok
45.950052604312006,LIDAR,-0.03635659206223085,,1.290911426056835,True,ok
45.954643859339754,FLOW,-0.029667325512148124,-0.025348087053386453,0.6343607094624039,True,ok
45.96111030516658,CAMERA,-0.027744480398688154,0.33928326209433335,7.215795027721531,True,ok
45.96314672068996,LIDAR,0.02069191713166285,,0.41609265558707814,True,ok
45.97454148531968,LIDAR,0.014519639367894133,,0.20459780941188332,True,ok
45.976171953074285,FLOW,0.004169281094485222,-0.01741259170159222,0.1313769511582273,True,ok
45.976861992843595,LIDAR,-0.029252400882282537,,0.8410462804824201,True,ok
45.99412115616627,LIDAR,0.0006507684719658791,,0.0004111010817528355,True,ok
45.99741546556859,FLOW,0.003313639561954518,-0.015179838650788938,0.09805590163480306,True,ok
46.00166833303521,LIDAR,0.04361464542810012,,1.8553075974473927,True,ok
46.00877805639653,LIDAR,0.019982464753849793,,0.3911771174393618,True,ok
46.00908672316269,BARO,0.6140890340998539,,3.075726120009605,True,ok
46.0127156940319,FLOW,-0.011794669139636005,0.004359160738403811,0.06552128081627637,True,ok
46.01811100220085,LIDAR,-0.007156516691506631,,0.050189212741862145,True,ok
46.029693119731064,BARO,-0.2782375740687639,,0.6313306128750307,True,ok
46.03083903306498,FLOW,-0.09447344615856268,0.0765373666567436,6.118601637551899,True,ok
46.03087390596239,LIDAR,0.015649956675232612,,0.2388316251793279,True,ok
46.03993671284491,LIDAR,0.005292677847214655,,0.027357146241498344,True,ok
46.04890032932282,LIDAR,0.05442815985738436,,2.8970677551870527,True,ok
46.0523277845835,CAMERA,0.044123330305637865,0.00690338220512976,0.1271718660032268,True,ok
46.05497192061022,FLOW,-0.03653921195305787,-0.051082534155503456,1.596578328832576,True,ok
46.06161666388932,LIDAR,-0.030898493125947724,,0.9293616049334397,True,ok
46.065019568080544,LIDAR,-0.03684457652294437,,1.335284623882816,True,ok
46.07976039942542,LIDAR,0.04678338347783484,,2.134123716382642,True,ok
46.085364082012354,FLOW,-0.01731291786576261,0.05063583723401025,1.1181688091752335,True,ok
46.086487435196844,LIDAR,-0.010157457620020516,,0.10111164364511394,True,ok
46.089702554344186,BARO,-0.4689918927360792,,1.7939128312307195,True,ok
46.09787724312536,LIDAR,0.054213016471298836,,2.8720179049915897,True,ok
46.09816443111521,FLOW,0.02685593774282824,0.026897340367814125,0.5907434554803002,True,ok
46.104409487425734,BARO,0.3961581385808617,,1.279916887203418,True,ok
46.10689177249704,LIDAR,-0.029337834705748467,,0.8421510777388637,True,ok
46.121185010238854,FLOW,0.01882996512171753,-0.011162205283978988,0.1935298848715248,True,ok
46.122828561564866,LIDAR,0.0008957773294953064,,0.0007775730065299011,True,ok
46.128544270446,LIDAR,-0.01634887147460029,,0.26105814817148953,True,ok
46.13799868458891,FLOW,0.011812328367959202,0.014561751133318576,0.14408054683383598,True,ok
46.14332104254313,LIDAR,-0.035803146946905784,,1.2425952929561004,True,ok
46.14960748439226,LIDAR,-0.01349398794861445,,0.17773877460760695,True,ok
46.15873813509178,LIDAR,0.010453970336436136,,0.10680446862021209,True,ok
46.15933710082654,BARO,0.6386443441867624,,3.326555700516692,True,ok
46.167429445571294,FLOW,-0.013610977394140189,-0.10639345532347613,4.536783449971825,True,ok
46.17211845556332,LIDAR,-0.0016205983850485772,,0.002552892648139692,True,ok
46.17545466049565,FLOW,-0.06192131922621802,-0.01979630186992762,1.7691539092084891,True,ok
46.178915318150224,LIDAR,-0.03930705665656964,,1.510257550873122,True,ok
46.19033219978425,LIDAR,0.03226639537086484,,1.0151038171541282,True,ok
46.19274270556618,CAMERA,-0.17957374363094658,-0.06913015002567846,2.34233708193563,True,ok
46.19565122227784,FLOW,0.04732836285311626,-0.03812170106450806,1.5267741277152234,True,ok
46.2008356836196,BARO,0.3013403952348903,,0.740510238253154,True,ok
46.2046045291664,LIDAR,-0.061299884810325445,,3.6407313175006686,True,ok
46.21141250038133,LIDAR,0.031778938007783086,,0.9846123669268211,True,ok
46.21935677369803,FLOW,0.04259983047298388,0.0643979718266091,2.4137050412078898,True,ok
46.22084554872952,LIDAR,-0.03384329434930278,,1.117791839166639,True,ok
46.22838759464579,LIDAR,0.0012796771544221208,,0.0016040002346584263,True,ok
46.23839120074154,LIDAR,0.03286082746862595,,1.0568778702482644,True,ok
46.239521060840836,FLOW,-0.00851779477617598,-0.04335278310213066,0.7917532988516773,True,ok
46.24652679202891,BARO,0.10205055006366726,,0.08493197280426908,True,ok
46.25237319397554,LIDAR,0.030243682567940855,,0.8893697479415041,True,ok
46.2615698791865,LIDAR,0.08707870767463843,,7.3867481434546844,True,ok
46.26754529074491,LIDAR,0.015907658663513402,,0.24809284946767857,True,ok
46.269154067074226,FLOW,0.007928691987321712,0.04505212055241878,0.8228320432084886,True,ok
46.277011502160036,BARO,0.07363608784724596,,0.04422009016700317,True,ok
46.2770334750456,LIDAR,-0.010890452856432642,,0.11627059179766824,True,ok
46.279036340635365,FLOW,-0.0010535334259851314,-0.0005309461651314407,0.0005780558037530055,True,ok
46.29457336845797,FLOW,-0.040567085038536344,-0.02980649661927992,1.0618125966891307,True,ok
46.29483965653482,LIDAR,0.04792661282508526,,2.2230260338356973,True,ok
46.3045336237432,LIDAR,0.010839324799187366,,0.11394426184211537,True,ok
46.30559200316135,LIDAR,0.009029815521726547,,0.08024912950778433,True,ok
46.314356827631514,CAMERA,-0.06216249646094951,-0.10209453117069811,0.8860087464257898,True,ok
46.323057742498015,BARO,-0.2756250652064569,,0.619502503972483,True,ok
46.32479582348814,LIDAR,-0.009737993459046468,,0.09189285149303816,True,ok
46.326335650313254,LIDAR,0.01592514357788888,,0.24926881929330344,True,ok
46.3280983557067,FLOW,0.0002389041107240253,0.0005199335733523935,0.00012916028684566635,True,ok
46.34047847540322,LIDAR,-0.003563589749605356,,0.012386309840902996,True,ok
46.34417477749603,FLOW,0.0027072934881587907,0.0779068226463372,2.4691436690646875,True,ok
46.34599971218933,LIDAR,0.04164709563210556,,1.7033116046135834,True,ok
46.357715634473294,BARO,-0.21804630514619072,,0.3877289913268721,True,ok
46.36267427673943,LIDAR,-0.05486344677035948,,2.9227250833551284,True,ok
46.36274845952888,FLOW,-0.044678769633591964,-0.026399626865726195,1.102864293648934,True,ok
46.37291444280302,LIDAR,0.006558504483074046,,0.041789942167471346,True,ok
46.38232945644885,LIDAR,-0.016819813527193084,,0.27532573815381417,True,ok
46.38611591182502,FLOW,0.06563321769152375,0.017037892436550447,1.8580949505865338,True,ok
46.3917384381199,LIDAR,0.004685054087369522,,0.021391056354741114,True,ok
46.40277607906533,LIDAR,-0.033502917074090366,,1.0923706597935403,True,ok
46.404529692256446,CAMERA,-0.06025532674671297,0.06053627954794394,0.46029719296271077,True,ok
46.407732930249935,BARO,-0.09554311097821122,,0.07444580093080978,True,ok
46.409343092524914,FLOW,0.05615155337719624,0.04264441202384163,1.9934464827725917,True,ok
46.409391810234,LIDAR,0.01167993808816492,,0.13352916739928997,True,ok
46.411048785349216,FLOW,0.004046663916546289,-0.05359037513660944,1.2493201569767063,True,ok
46.42242775752767,LIDAR,0.00317377107337391,,0.00980768384905229,True,ok
46.42641425787853,LIDAR,-0.03183282939994214,,0.9960500405074367,True,ok
46.43453898968118,FLOW,-0.06660538250871806,0.030671013143380804,2.2433830204482144,True,ok
46.44069702696599,BARO,0.43172971059195486,,1.5199991949283145,True,ok
46.44448138513289,LIDAR,-0.02818842831107382,,0.7705075335213769,True,ok
46.44624002902256,LIDAR,-0.0326973204776535,,1.051018313172214,True,ok
46.46131726468091,LIDAR,0.032113606425130836,,1.0046042581442018,True,ok
46.463828673558304,FLOW,-0.07549424574553931,0.015583045251208176,2.3744177103858073,True,ok
46.47440234797092,LIDAR,-0.026238833773315484,,0.6676921565919574,True,ok
46.476251661978175,LIDAR,-0.036872058407341424,,1.3364795261161682,True,ok
46.478137364819595,FLOW,-0.05083409563068031,0.02405519563954027,1.3020839877837953,True,ok
46.48609166872345,LIDAR,0.026920142977420625,,0.7115447698176348,True,ok
46.487632522326166,BARO,0.1749760102776321,,0.2497134088396184,True,ok
46.49905801309071,FLOW,0.021244779811757764,-0.005907871516938792,0.19897835505362702,True,ok
46.50452266608849,LIDAR,0.025975909538388464,,0.6533001559059202,True,ok
46.50864740456668,LIDAR,0.025241608218607325,,0.6233818195788888,True,ok
46.52151650341549,LIDAR,0.027627607524687292,,0.7431333729029868,True,ok
46.52163442989219,FLOW,0.020552680309992355,-0.05671800518026564,1.4749772133624552,True,ok
46.52332218618629,CAMERA,0.15795052664430642,0.007763651915704828,1.5899091679730601,True,ok
46.527811369113444,BARO,0.46647803098312446,,1.7745886479822488,True,ok
46.53039055449985,LIDAR,-0.012116791723282727,,0.14325908896132517,True,ok
46.543252816646024,LIDAR,-0.04833553096382204,,2.2696684111661125,True,ok
46.54790504058069,FLOW,0.07443278666082453,-0.021545557223699635,2.3887096829971877,True,ok
46.55169239705314,FLOW,0.04401014537865655,-0.04874396729025765,1.8444260334816147,True,ok
46.55357028865412,LIDAR,0.01555758792932771,,0.23521402674173847,True,ok
46.55512715449979,BARO,0.35277369235423706,,1.0149580836495917,True,ok
46.55579946045033,LIDAR,0.01673823128417995,,0.27572872466911985,True,ok
46.57446740013914,LIDAR,-0.009697808577496136,,0.09119543871088781,True,ok
46.5797258720848,FLOW,0.1296020736127328,-0.013122364604349027,6.9224963479073836,True,ok
46.584660027159465,LIDAR,-0.02690058368982129,,0.7023340595994885,True,ok
46.59157178136452,LIDAR,-0.04388203886711972,,1.8796867801433457,True,ok
46.594941091492124,BARO,-0.441502790536177,,1.5897377725496653,True,ok
46.59498427578462,FLOW,-0.039189630016541854,-0.020333250630864802,0.8091888976240911,True,ok
46.602601275535214,LIDAR,-0.014441116044930702,,0.2032510384210402,True,ok
46.61107448369166,LIDAR,-0.029463336326851497,,0.8481795128512545,True,ok
46.62469052529349,LIDAR,0.026149835587066406,,0.6642606365395373,True,ok
46.62598726551079,FLOW,-0.07634027271349797,0.04201044822462545,3.0088805051545378,True,ok
46.62847967352799,LIDAR,0.05104333810855799,,2.5570511873904325,True,ok
46.63364830539918,BARO,0.4349349150757691,,1.5428119737604775,True,ok
46.63620232444419,CAMERA,0.1494833830965021,0.15501434987059493,2.89123748027942,True,ok
46.64218097261589,LIDAR,-0.015267195911997433,,0.22724587064407592,True,ok
46.64430750540187,FLOW,-0.04144372490595394,-0.04990501083884728,1.7023824084735677,True,ok
46.64799958448129,LIDAR,-0.0631754455060145,,3.916312040108203,True,ok
46.65737544374546,LIDAR,-0.05835762471040251,,3.3412106650902507,True,ok
46.65860512408707,FLOW,0.007505912986884744,-0.0019977497051088255,0.02502955849109609,True,ok
46.667706138666475,BARO,0.18404777605478984,,0.2762464462986695,True,ok
46.670716246248254,LIDAR,0.01749139772512809,,0.2983593319837682,True,ok
46.67958752931375,LIDAR,-0.00970041657517573,,0.09192757257240501,True,ok
46.680938736577666,FLOW,0.06519787583541548,0.044093534445816686,2.5326514853243065,True,ok
46.68291475614941,CAMERA,0.03349374799297067,0.1403905255361022,1.2954233468664318,True,ok
46.689739162832346,LIDAR,0.03856747021735396,,1.4524010743587794,True,ok
46.69949433506872,LIDAR,-0.025472269600931075,,0.6336695021371032,True,ok
46.7056644589348,LIDAR,0.0026842717306672093,,0.007076197663177714,True,ok
46.70839851695142,FLOW,-0.027120542599099684,-0.003455717631593927,0.29785753052613806,True,ok
46.708520200593924,BARO,0.16121221168330058,,0.211970026921545,True,ok
46.7149101884821,FLOW,-0.019084848205504934,0.07051896060841834,2.261716214043885,True,ok
46.71573173362136,LIDAR,-0.052921673759123156,,2.7470166656125974,True,ok
46.73423662694884,LIDAR,-0.028276435255703003,,0.7732942753649437,True,ok
46.74308368090468,LIDAR,0.07204339178135033,,5.037387461705433,True,ok
46.74526318602633,FLOW,-0.048670749340704256,0.009804782568371653,0.9920094269698829,True,ok
46.74642256290453,LIDAR,0.023201426234810807,,0.5283027219571892,True,ok
46.7538817466496,FLOW,-0.04551612596261745,-0.028197085123967555,1.213085472480597,True,ok
46.75479534932155,BARO,-0.08760754623267175,,0.06259364168366985,True,ok
46.759200034231014,LIDAR,0.0017692013450547606,,0.0030558802477903407,True,ok
46.76993844998107,LIDAR,-0.007141525460042875,,0.049729057615956265,True,ok
46.77769237634035,FLOW,-0.1072553546841194,-0.06621853073665439,6.5395494543626995,True,ok
46.77908621756374,LIDAR,0.05006345952910385,,2.4472342358062287,True,ok
46.79080378981235,LIDAR,0.006642430488764006,,0.0429611765918665,True,ok
46.79662021889726,LIDAR,-0.009519327740217687,,0.08882863067647576,True,ok
46.79668887809209,BARO,0.3254888498381665,,0.8640923906014897,True,ok
46.80203373180271,FLOW,0.11385851918619028,-0.008597319597050027,5.279455294729118,True,ok
46.811150894831016,FLOW,0.03735677491416156,0.06380468545424453,2.316466070226384,True,ok
46.81228794713751,LIDAR,-0.01781961619111261,,0.3083403408975758,True,ok
46.818619346908875,LIDAR,0.041180068410452186,,1.657429582819773,True,ok
46.8277039605156,CAMERA,-0.3528847186101629,-0.1355045141076865,9.032384551619463,False,gate
46.83027445690903,LIDAR,0.028825773084349304,,0.8097916023560557,True,ok
46.837412746880474,BARO,-0.30815293741517347,,0.7744014922870855,True,ok
46.83862702546529,LIDAR,-0.012491517435162969,,0.15249886693708278,True,ok
46.84558289754864,FLOW,-0.030389352587532392,-0.008490356962562978,0.3952783119027401,True,ok
46.85072150113666,CAMERA,0.06840851390405334,0.02252934821947672,0.3277135735759766,True,ok
46.85382347674924,FLOW,0.0188614317083291,0.02015684039376961,0.3205993372548208,True,ok
46.85439999604011,LIDAR,0.05239464576452013,,2.658404018854722,True,ok
46.859469655234676,LIDAR,-0.04964730057422617,,2.408518747148494,True,ok
46.865906001519264,BARO,-0.6707560903023806,,3.6692242925090017,True,ok
46.86691083464203,LIDAR,-0.005370436142244195,,0.028286033298707807,True,ok
46.87490079736888,FLOW,0.016866558306196433,-0.003654017702074991,0.12358516546817376,True,ok
46.87639404259184,LIDAR,-0.05599184185164363,,3.073997093303898,True,ok
46.8852088111709,LIDAR,0.010134018772933295,,0.10077961173043581,True,ok
46.89967823783223,FLOW,-0.03343657023848645,0.015525994791020889,0.5512396123295003,True,ok
46.903674851207406,LIDAR,0.033764046669944925,,1.1030971563206198,True,ok
46.90921813339139,LIDAR,0.03023316694187006,,0.8919572621031538,True,ok
46.90997671859881,BARO,0.5211358160720949,,2.214998577881565,True,ok
46.91469220050421,FLOW,0.040246775701029414,0.010973983783737373,0.7237030105110505,True,ok
46.92231504288851,LIDAR,-0.034424675341215405,,1.1510162808678925,True,ok
46.93410085182282,LIDAR,-0.009517826001959051,,0.08782220705860816,True,ok
46.93536306504822,FLOW,0.07871940177119752,-0.03245406391018604,2.9903062243889114,True,ok
46.94403226391729,LIDAR,-0.015507347922559589,,0.2334500218832394,True,ok
46.95421498030347,LIDAR,-0.0028661890955801184,,0.007980558980587844,True,ok
46.95560534234941,LIDAR,0.03182916123846624,,0.9979082244693602,True,ok
46.95761256416344,BARO,-0.2919534233395129,,0.6952142761339535,True,ok
46.96439943988592,FLOW,-0.04018362868178316,-0.040980982195491344,1.3113915651180352,True,ok
46.97068625124905,LIDAR,0.025376622258095338,,0.6284030492484317,True,ok
46.97600501688564,LIDAR,-0.01855812826383385,,0.33844534959015754,True,ok
46.97800145043097,FLOW,0.06116778267713696,0.051999545983242225,2.665319785717289,True,ok
46.988417787128135,BARO,0.19123605682816835,,0.29824185557005,True,ok
46.99205648525183,FLOW,-0.047853585569759494,-0.04681671776829123,1.889415504699102,True,ok
46.9943013569136,LIDAR,-0.011013971834316294,,0.11756453209969753,True,ok
47.00494397700903,LIDAR,-0.004341961584746645,,0.018276875017521264,True,ok
47.01082369453316,LIDAR,-0.008626760441948544,,0.07269438861520415,True,ok
47.016481570744936,LIDAR,-0.006509585749384428,,0.041653650406745873,True,ok
47.02451298348308,CAMERA,0.005762849572953144,0.0400574231580787,0.10029046813360921,True,ok
47.02841727544376,FLOW,0.077770364973756,-0.07822493571180673,4.776108067395487,True,ok
47.03026320034431,FLOW,-0.012382054401365195,0.0392254876500855,0.7253284239966109,True,ok
47.03049673885529,LIDAR,0.05506571127817228,,2.95836606656015,True,ok
47.036206192189084,BARO,0.030109358368082706,,0.007393456253791032,True,ok
47.039989037669486,LIDAR,0.022074105260821764,,0.4758092887569025,True,ok
47.05122789991398,LIDAR,0.03347475002787581,,1.0919482050382898,True,ok
47.05652824219075,LIDAR,-0.04188455336382324,,1.7221062532845066,True,ok
47.05723727689988,FLOW,-0.02558339350968397,0.12929526876560468,7.133980050250841,True,ok
47.06658519847259,BARO,0.35555897202076103,,1.031007905987395,True,ok
47.071905909854465,LIDAR,-0.0030166597700862496,,0.0088510536702092,True,ok
47.084466708409764,LIDAR,-0.004093034417044006,,0.016239895657135343,True,ok
47.08619800143913,CAMERA,0.03170830574589445,0.1768258578707932,1.9899810904692816,True,ok
47.086268546374455,LIDAR,0.029878455514283697,,0.877330637416221,True,ok
47.089561618577996,FLOW,-0.029387042097600347,0.01338869037659561,0.4102768017570295,True,ok
47.09136535003017,FLOW,0.005208057641058805,-0.0007357688753388686,0.011885940776919481,True,ok
47.0971996593451,LIDAR,0.04240458861598828,,1.7622265911464785,True,ok
47.10416658864851,BARO,-0.4251787553062867,,1.4743267568019764,True,ok
47.11257314672374,LIDAR,0.011528951287527178,,0.12910086255223005,True,ok
47.11717071827644,FLOW,-0.001483219186314999,-0.017622786081247455,0.12909128307319565,True,ok
47.12137389402849,LIDAR,0.042689000676677136,,1.7748134273857084,True,ok
47.125765370965105,LIDAR,-0.04995015131402791,,2.4514510402218677,True,ok
47.13795507942189,LIDAR,-0.05999411638942176,,3.520019332971647,True,ok
47.141596345688825,FLOW,-0.03059335904655991,-0.03201936594278636,0.7947472676377494,True,ok
47.15064023460795,FLOW,0.024951483862492574,0.05274452745263551,1.4462767807963255,True,ok
47.15230301518738,LIDAR,-0.003282655005963697,,0.010463750823797283,True,ok
47.16154211617018,LIDAR,0.007492473647551456,,0.05462487054161135,True,ok
47.164001475317356,BARO,0.009319586868272722,,0.0007083498966291025,True,ok
47.16873343209076,LIDAR,0.014071524228112864,,0.19361702673388997,True,ok
47.17543345991411,CAMERA,0.058055020654798284,-0.06460705522619747,0.474647798386818,True,ok
47.176154448195796,LIDAR,0.03475751160686569,,1.185376832146526,True,ok
47.18228111603448,FLOW,-0.003148208520371343,0.04378242697667441,0.7737539458460098,True,ok
47.18606953628103,LIDAR,0.0031129446925204363,,0.009499048493040625,True,ok
47.195589200752025,BARO,-0.2930401419956654,,0.7003121974919674,True,ok
47.198536810116366,LIDAR,0.0003463589837782166,,0.00011706183533586554,True,ok
47.207619237492544,FLOW,0.009116033839267734,0.009743184806779909,0.07091951822701971,True,ok
47.20983910172497,LIDAR,0.023331245549469415,,0.530091994632229,True,ok
47.215724773145006,LIDAR,-0.019604827908043188,,0.3767577692575245,True,ok
47.22612805820325,LIDAR,-0.01907217355357327,,0.3560177843464676,True,ok
47.228040997156896,FLOW,-0.03039770477277004,0.028690627003226103,0.705553994279061,True,ok
47.231034384739594,BARO,-0.36877421488754014,,1.1091213072882806,True,ok
47.23125599706565,FLOW,-0.0389805282392901,0.024115542552425838,0.911439374186605,True,ok
47.23668715212257,LIDAR,-0.005456985474027398,,0.029105800165072384,True,ok
47.247711174277335,LIDAR,0.01651473385354363,,0.26605927482486247,True,ok
47.25655767268128,LIDAR,0.03524062112030535,,1.2136221720022908,True,ok
47.25916044621724,FLOW,0.052855293520084556,-0.09839571758233356,5.142920568167485,True,ok
47.27402092085281,LIDAR,-0.042180043927785515,,1.718255602624408,True,ok
47.27778169333642,FLOW,-0.05422919085596256,-0.051440425321880326,2.3133255765991123,True,ok
47.280501686078544,LIDAR,-0.014810452025365795,,0.2134232481307135,True,ok
47.288563234249075,BARO,0.12222149220809486,,0.12182010346459796,True,ok
47.290234974649785,LIDAR,-0.046235263065528276,,2.0821330343016675,True,ok
47.30071119514845,LIDAR,-0.04103532833484724,,1.6394519480203662,True,ok
47.3098748721633,FLOW,-0.007237183888853638,0.04107922689876827,0.6855193304860049,True,ok
47.311963036469876,BARO,-0.4798792758074937,,1.8778978971674434,True,ok
47.314923910268,LIDAR,0.05738153182234029,,3.186754573253746,True,ok
47.315531794963434,LIDAR,0.04759990162705341,,2.2279368376988216,True,ok
47.31712656923322,CAMERA,-0.2860640945303601,-0.10448630459522246,5.846953264870648,True,ok
47.32178427774463,FLOW,-0.025343900590139135,-0.09990361578882818,4.408754141699047,True,ok
47.332006768807595,FLOW,-0.01022435890212059,0.035729360158216344,0.5926682883559535,True,ok
47.33438784465861,LIDAR,0.013064508533305208,,0.16534049979194185,True,ok
47.34243131458529,LIDAR,-0.004325312532376113,,0.018203039936679908,True,ok
47.3471731970275,LIDAR,-0.03649879490437913,,1.307238367137751,True,ok
47.36098059553715,LIDAR,-0.029181093774730993,,0.82987886292225,True,ok
47.36266484916571,BARO,-0.2274203244777131,,0.42181457100103786,True,ok
47.36588925380279,LIDAR,0.013047847886531017,,0.1672502491280877,True,ok
47.369112567557295,FLOW,0.10777200184880054,0.13288699316193464,11.585152276194629,False,gate
47.375376418345695,LIDAR,0.052465878267196064,,2.7027452645390655,True,ok
47.38068659916643,FLOW,0.03826056366469077,-0.0051509120986540785,0.5670155203783016,True,ok
47.38225833271504,CAMERA,0.038678511048701125,0.1357958002252898,1.235354223657246,True,ok
47.38784539858912,LIDAR,0.03258656443197916,,1.0374693717581447,True,ok
47.39061149077245,BARO,-0.10645242200274518,,0.09242201163919234,True,ok
47.39516884190559,LIDAR,0.008614057545749176,,0.0727763644547554,True,ok
47.398151122285284,FLOW,-0.043810401197440285,-0.0038063248600922195,0.772477811033211,True,ok
47.41171643272945,LIDAR,0.00994917224245917,,0.09602144926756105,True,ok
47.41548093686858,FLOW,0.024246722125243814,0.045101071725558016,1.0727083899398968,True,ok
47.41807493315126,LIDAR,0.0020847323586217215,,0.004244199443855225,True,ok
47.42955785821684,LIDAR,-0.007731874915136938,,0.058236713099097066,True,ok
47.44430143396742,BARO,-0.22325625868713983,,0.4064407806671136,True,ok
47.44452816166174,LIDAR,-0.031175784363970394,,0.9400010424436372,True,ok
47.44789697046682,FLOW,0.011638031439103802,0.0340483748862117,0.5075176085319488,True,ok
47.448264201963156,LIDAR,-0.04736834718028504,,2.1947266015496543,True,ok
47.45866443436435,LIDAR,0.009549022025422182,,0.08909204961614818,True,ok
47.46351021608477,FLOW,0.01617745500556722,0.014693951019928722,0.19480561134957125,True,ok
47.46501652319439,LIDAR,0.05585930144081619,,3.064617769655174,True,ok
47.47274500017619,CAMERA,0.19256710292836487,-0.05694161591844138,2.5688156825910333,True,ok
47.47605448785054,LIDAR,-0.02343100052174396,,0.5376902376846608,True,ok
47.47842109953513,BARO,-0.2894330883679661,,0.6832343353938507,True,ok
47.48622274948388,LIDAR,0.008419908433323187,,0.06936997366823547,True,ok
47.489990776479054,FLOW,-0.014372016001131693,-0.03801186931297528,0.6611969803557852,True,ok
47.494740902191005,FLOW,-0.0016299940474213681,-0.06535534387044058,1.8365456144318941,True,ok
47.5027633908557,BARO,-0.015728864411819643,,0.002017380754475922,True,ok
47.50490310757588,LIDAR,-0.03945101493685632,,1.5020883180997542,True,ok
47.50640591415713,LIDAR,0.012509484135504678,,0.15333419630954498,True,ok
47.51698015471021,LIDAR,-0.05261606276187747,,2.70804497437608,True,ok
47.522742696346214,FLOW,-0.008966371726524702,-0.006630234028586632,0.05094608678520404,True,ok
47.528717719629825,LIDAR,-0.001357495894890537,,0.0017969025981764363,True,ok
47.530641216419,FLOW,-0.0274330051152033,0.002554887361163785,0.3266745031914098,True,ok
47.54036711253789,LIDAR,0.025546635950206564,,0.6348341047553073,True,ok
47.54543296561028,LIDAR,-0.04221085077843556,,1.7471906073899146,True,ok
47.55695540481266,LIDAR,0.03741842929541894,,1.3684727747049312,True,ok
47.55926964102326,BARO,-0.5620028848123502,,2.5759943804064678,True,ok
47.5649916339509,FLOW,-0.034376416046578484,0.05563260858790112,1.7140240553335837,True,ok
47.56886496783871,LIDAR,-0.05464655384322814,,2.90948017214099,True,ok
47.57425026221897,FLOW,0.028695923919780375,0.0012331242536888776,0.34881260179916435,True,ok
47.57923991522638,LIDAR,-0.01023296103600968,,0.1019888330357141,True,ok
47.587142674552275,LIDAR,0.016113558482849122,,0.2537785312301823,True,ok
47.59192689528501,FLOW,0.016256385487315783,-0.004576859717536713,0.12047236577221877,True,ok
47.595444282690224,LIDAR,-0.03868022631474011,,1.465574293567858,True,ok
47.60555925730039,BARO,0.2909109355721,,0.6901638846916579,True,ok
47.60777074468597,LIDAR,0.04832549275319842,,2.2780283831120225,True,ok
47.6170451884386,FLOW,0.05013161714761205,-0.03689366067315618,1.5907129774345785,True,ok
47.617477647459125,LIDAR,0.014288678610963945,,0.19924679217094504,True,ok
47.62600665683112,LIDAR,0.04884125689972896,,2.333022561600973,True,ok
47.62757785457967,CAMERA,0.13930170797144825,-0.07859210514827752,1.6190000154294475,True,ok
47.63160879932897,BARO,-0.19988314076441682,,0.3258399977642802,True,ok
47.633179184397676,FLOW,-0.009193378976099287,-0.027708591442363983,0.3561548480802239,True,ok
47.636961734245446,LIDAR,-0.038760670629243155,,1.4666739982435755,True,ok
47.650196154315864,LIDAR,0.0002408702047635991,,5.6352203303182535e-05,True,ok
47.65668053126361,LIDAR,-0.042656793550166494,,1.7783789112419617,True,ok
47.66079033591405,CAMERA,0.10804520694848208,0.1300425112785636,1.7917366374527672,True,ok
47.66246394804751,FLOW,0.024674409895107385,-0.010508420127050833,0.2890034909386727,True,ok
47.666174858564645,LIDAR,0.03252455911671159,,1.0343082541246602,True,ok
47.66842324952323,BARO,-0.2705981114118028,,0.5971985597033209,True,ok
47.678761043779375,LIDAR,0.0009866308349062436,,0.0009477250374167433,True,ok
47.68430045268115,FLOW,-0.030934037522978075,0.012613617162866034,0.4516054813212494,True,ok
47.68748145004495,LIDAR,0.004705354200785106,,0.021606063992323978,True,ok
47.7008435095047,FLOW,0.008571587734514496,0.022964365028174186,0.24850894142056285,True,ok
47.703716148699755,LIDAR,-0.0766518296827079,,5.678746785160352,True,ok
47.71047897637108,LIDAR,0.04972426607172098,,2.40612369854511,True,ok
47.711356345250614,FLOW,-0.10570442222492227,0.00695219895766061,4.8117605802797,True,ok
47.71491593760314,BARO,-0.05079163444533297,,0.021039164873166212,True,ok
47.71764475348145,LIDAR,-0.023353281370503964,,0.5333485168945669,True,ok
47.72592342512328,LIDAR,-0.023695509858735253,,0.5502699831201167,True,ok
47.736713507643245,LIDAR,0.01775896333409488,,0.30844776031515453,True,ok
47.74346301215702,FLOW,0.06321341415267268,-0.024175860730265494,1.8484918268638804,True,ok
47.750775311872594,LIDAR,0.0031231331276182495,,0.009476062155021064,True,ok
47.761219399368436,FLOW,-0.025669235457722928,-0.025731603169470527,0.5435030256939931,True,ok
47.76374832338103,LIDAR,0.04743858794327194,,2.1781236065043554,True,ok
47.764173340901095,BARO,0.21277067883768064,,0.36921050455964716,True,ok
47.765881306422415,LIDAR,0.01079435910577864,,0.11432715762257915,True,ok
47.77802074248843,LIDAR,-0.00463483202263637,,0.0209868104464484,True,ok
47.78494446593188,BARO,0.41269601585934756,,1.3890004567392873,True,ok
47.78740198707525,FLOW,0.05434046455893071,0.04951892362544179,2.18146958248101,True,ok
47.78835180908804,LIDAR,0.002374479957787834,,0.0055046264965972,True,ok
47.79270676229333,FLOW,0.06401843825762077,0.0182598657371914,1.912751750064173,True,ok
47.796721192258964,LIDAR,-0.01571548255156152,,0.24168823775173393,True,ok
47.81328263240983,LIDAR,-0.02288237591741149,,0.506975248313383,True,ok
47.81786503448587,LIDAR,-0.02588888822067048,,0.6553262555237782,True,ok
47.82555833025914,FLOW,0.06585840212993233,-0.03529699102207952,2.2557617713196554,True,ok
47.83212059085535,LIDAR,0.03180796344153025,,0.9824193423378498,True,ok
47.83713703984712,FLOW,0.01411046490050949,-0.019321773047275004,0.2413676043530032,True,ok
47.84256423589583,LIDAR,0.004535742276013277,,0.019981596528992403,True,ok
47.84762189593812,CAMERA,-0.1324207828214412,0.09646393998422775,1.693301234752611,True,ok
47.84999917635416,BARO,-0.10813566326494461,,0.09535863856740928,True,ok
47.85262939204752,FLOW,-0.008404619860669982,0.022568545523116476,0.24674944177859956,True,ok
47.85389597235111,LIDAR,0.04506129593299635,,1.9701123323818923,True,ok
47.85460940405919,CAMERA,-0.008028314761666877,-0.0025547502740170813,0.004515806947121991,True,ok
47.856141201104535,LIDAR,0.0036830432631465015,,0.013331451990565027,True,ok
47.860017683150836,BARO,-0.18022488292189465,,0.2649139395478104,True,ok
47.870285920449845,LIDAR,-0.03408639816228165,,1.1332995365484215,True,ok
47.87341780537531,FLOW,-0.022799107792375595,0.052510848612294894,1.3745621115817144,True,ok
47.88269521882918,LIDAR,0.004678293961253299,,0.0212704117719659,True,ok
47.886899607141004,LIDAR,-0.02321669630600942,,0.5288693996959686,True,ok
47.90375629665257,BARO,0.18442653998549252,,0.27736174611661063,True,ok
47.903895385745216,FLOW,0.016670086938617157,-0.022560493856755404,0.3157500761863331,True,ok
47.904691957355304,LIDAR,-0.023693008124135773,,0.5437690401353501,True,ok
47.912089793615195,LIDAR,1.8864403846917441,,3465.8349514460133,False,gate
47.915793911774,FLOW,0.04050938941716209,-0.05652776456770282,2.0290054029947773,True,ok
47.91696099822329,LIDAR,0.0039962236023689535,,0.015437279134324144,True,ok
47.9299065315111,LIDAR,-0.018245790312947374,,0.3209389929004055,True,ok
47.939962819414,FLOW,-0.03746605914400014,-0.03880844988677404,1.1951019021020126,True,ok
47.94113511794787,LIDAR,0.0011818973968957813,,0.001347365941368573,True,ok
47.95254831158469,LIDAR,0.07165427763132781,,4.953028102393007,True,ok
47.96008187226114,LIDAR,-0.03016794817320223,,0.8833361567175626,True,ok
47.96205425409873,BARO,-0.19780153432281455,,0.31908714317624914,True,ok
47.968316890272405,FLOW,-0.08273196030345553,0.11008783795027648,7.589165239743142,True,ok
47.969312819497524,LIDAR,0.022489636995195017,,0.49205463624432544,True,ok
47.976670848786604,LIDAR,-0.03393304314017964,,1.1253514339788195,True,ok
47.982319324725275,FLOW,-0.053401327924374464,0.029229403850572863,1.5418172635034124,True,ok
47.989433309968966,LIDAR,-0.0464299627468856,,2.0973751499890683,True,ok
48.00362980437395,FLOW,0.036139524764424946,-0.010318597235614561,0.5836896955707268,True,ok
48.003926514313086,LIDAR,0.004006459714182675,,0.015518432863281105,True,ok
48.00689300695686,BARO,-0.3740240160201085,,1.1408604579093262,True,ok
48.00975893868593,LIDAR,0.01624479032405146,,0.25726285715182723,True,ok
48.01551048524329,CAMERA,0.05912466712898379,-0.016561229542489286,0.2398187414202377,True,ok
48.021225625694456,LIDAR,-0.03820001537958362,,1.4196359749698555,True,ok
48.02343804791881,BARO,0.2460825381260605,,0.49387480484415786,True,ok
48.024324777767696,FLOW,0.035102430945285645,-0.030358059075784746,0.8887987304392708,True,ok
48.03322490316332,LIDAR,0.0030024758206206315,,0.008749350942516323,True,ok
48.0415783851037,LIDAR,0.013256090081705363,,0.17115673554579489,True,ok
48.04692149972551,FLOW,-0.020323657226486325,0.008340027118317918,0.19785494723926927,True,ok
48.05206271929072,LIDAR,-0.06458345387133457,,4.06098140738559,True,ok
48.05370524049887,FLOW,0.007533855403932477,0.03103093739860583,0.44089307143379985,True,ok
48.05850175582722,LIDAR,2.4024617302512055,,5652.304721578538,False,gate
48.06667672633316,LIDAR,-0.02145009394112929,,0.44499183267524367,True,ok
48.07196880160267,BARO,0.041778900544712005,,0.014234292789385313,True,ok
48.07758215970255,LIDAR,-0.02986564265171987,,0.8630804303425754,True,ok
48.085751051887634,LIDAR,0.017645899215990468,,0.3026473932786386,True,ok
48.08665388849844,FLOW,-0.08295175091175588,-0.07446631211595323,5.027517750736642,True,ok
48.097301702159484,LIDAR,0.004324411819098817,,0.0181468495469295,True,ok
48.09961311608195,FLOW,-0.0023496054154872326,0.02683968428127778,0.30475206337537397,True,ok
48.11078532832231,LIDAR,0.016214159254613225,,0.254026068878481,True,ok
48.11235660154788,FLOW,0.00791110753907387,0.018281130046584937,0.170378536266916,True,ok
48.11926934909209,LIDAR,0.012257273126015544,,0.1457945852477032,True,ok
48.12429580934611,BARO,0.386412801809211,,1.2176877150864474,True,ok
48.13141589279951,LIDAR,0.07527571574735159,,5.487252193393309,True,ok
48.13694840837153,FLOW,-0.045553519594527137,-0.06287621344777848,2.511855002541007,True,ok
48.13971593791899,LIDAR,0.05645909504264557,,3.0995547684151754,True,ok
48.14386831547038,CAMERA,-0.14587197138864383,0.015929450314168148,1.3682446040456537,True,ok
48.148118942864855,LIDAR,-0.004370975596305726,,0.018635393750241216,True,ok
48.163035335996895,LIDAR,0.014946655970581535,,0.21628711544898907,True,ok
48.16593042981343,FLOW,-0.008130800741540711,0.019611771504072895,0.18158840136784637,True,ok
48.16684008070886,BARO,0.36291513692426847,,1.0740961032287926,True,ok
48.16962988885815,LIDAR,0.059817356122090715,,3.4880631176472408,True,ok
48.178631871906646,FLOW,0.015667967257118054,0.032615931948244074,0.5502055320841,True,ok
48.179222962737285,LIDAR,-0.023391626949675448,,0.5338203905405963,True,ok
48.188320680680775,LIDAR,0.002929698608963527,,0.008385362454480223,True,ok
48.19200052635453,FLOW,0.03531796809592702,0.006854076790664479,0.5553320955782894,True,ok
48.19793599817937,LIDAR,-0.006089163364261019,,0.0362354536923693,True,ok
48.207113713490735,BARO,-0.14468157198184706,,0.17070921270650236,True,ok
48.21451025856909,LIDAR,-0.020979986552390972,,0.4257670666412373,True,ok
48.22060603737543,LIDAR,0.0009576804622941637,,0.0008940180381575938,True,ok
48.22104857136722,BARO,-0.13707339784972117,,0.1532415710300897,True,ok
48.222027010403146,FLOW,-0.03009502122869523,-0.008005209946645081,0.3954510197922289,True,ok
48.23201330010027,LIDAR,0.03607255600089143,,1.26604072071899,True,ok
48.23792591669435,LIDAR,-0.06320767217657153,,3.9134679529880727,True,ok
48.24232225761947,CAMERA,-0.1330689849409552,-0.25722326280728164,5.209613893064221,True,ok
48.24653924639226,LIDAR,0.03553077154504214,,1.2382486664615426,True,ok
48.24872558057278,FLOW,-0.018063972587820887,0.057110535365583845,1.4389350096911004,True,ok
48.25857055090767,CAMERA,-0.25170961173783724,-0.13802094885623173,5.229844825122154,True,ok
48.26213430315259,FLOW,-0.04067577181444504,-0.09784494361888948,4.691102393465115,True,ok
48.2627050381621,BARO,-0.034579349297107154,,0.009750709592014543,True,ok
48.26441126515129,LIDAR,-0.0056898522975949994,,0.03134738928610836,True,ok
48.26955707359976,LIDAR,-0.058794599152584226,,3.3771297445054245,True,ok
48.27901947088124,LIDAR,0.010955394942782082,,0.11731881333844309,True,ok
48.28941644460623,FLOW,0.06314990630452733,0.06308785676818099,3.2310275493546854,True,ok
48.29072771998295,LIDAR,0.0016808029158177362,,0.002753311270696144,True,ok
48.296712932029884,FLOW,0.12948089556499032,0.01449691795286532,7.307002619191333,True,ok
48.30295802506397,LIDAR,-0.006693528972880003,,0.043524983446952534,True,ok
48.309900562624456,LIDAR,0.0033706951932450657,,0.011098240754026512,True,ok
48.317697063219384,LIDAR,0.014155479829347062,,0.19633925205137898,True,ok
48.318593933993796,FLOW,0.06880945432091012,-0.04580761905880605,2.8786159587136693,True,ok
48.32348096988061,BARO,-0.37828476689496027,,1.1670627406552665,True,ok
48.329913205575686,LIDAR,-0.026839570317034767,,0.7029674961211053,True,ok
48.33997187951559,LIDAR,0.0508204531613643,,2.519984063464249,True,ok
48.34052640041163,FLOW,-0.04069188158834913,-0.018085318912216528,0.8252605947965616,True,ok
48.34528150767505,LIDAR,0.019737775212779862,,0.38280929763121174,True,ok
48.360631240308265,FLOW,-0.024725735365094925,0.04773995846173293,1.202320180124585,True,ok
48.36324143360703,CAMERA,-0.029528642432218533,-0.05357703772588285,0.2346026148096818,True,ok
48.3643594479007,LIDAR,-0.04009457777480474,,1.5557958654494237,True,ok
48.3656314240201,BARO,-0.3958544728601556,,1.2779586002786079,True,ok
48.368625295065776,LIDAR,0.011726317568866662,,0.13447815675694547,True,ok
48.37509575444481,LIDAR,0.012613369324933732,,0.1563493690458323,True,ok
48.38921914098578,LIDAR,-0.01421431159702502,,0.19704848775614733,True,ok
48.38986610204086,FLOW,-0.035615086699421705,-0.014200846216456522,0.5910837655623702,True,ok
48.39686334539346,FLOW,0.04090871688844977,0.005049882413666336,0.7288128734120847,True,ok
48.39954858167012,LIDAR,-0.005867738190839411,,0.033563613480109965,True,ok
48.4051553151403,BARO,0.18936623003014885,,0.2924473775824343,True,ok
48.410574654339754,LIDAR,0.030906387625758036,,0.9299414490295137,True,ok
48.421341364270724,LIDAR,-0.02550285026135901,,0.6327060972613455,True,ok
48.42785516128387,BARO,0.0976165798396389,,0.0777103631183711,True,ok
48.429235016431115,FLOW,-0.0586193197898357,-0.007015880949561022,1.4100854379025898,True,ok
48.43398124669088,LIDAR,0.008317943488257207,,0.06707980659132257,True,ok
48.43646831479139,LIDAR,0.0019166454808661193,,0.003606920484141979,True,ok
48.43945015667522,FLOW,-0.02820474616175417,0.006625014668993047,0.35699388986751623,True,ok
48.45389075074248,LIDAR,-0.01816124245929096,,0.31982059894434833,True,ok
48.460868431420856,LIDAR,0.010113299697305678,,0.0997546500659343,True,ok
48.46482946575046,FLOW,0.031109433353368354,0.027294290743346786,0.7070811310062008,True,ok
48.47229873855116,LIDAR,0.044621565397074736,,1.9378163223197653,True,ok
48.473180528298066,BARO,-0.2351514056880326,,0.4509814287043284,True,ok
48.48275377955677,LIDAR,0.0037143523437999093,,0.013425716101791234,True,ok
48.48440844487698,CAMERA,-0.1863123108465814,-0.09281007893290949,2.7442870196893643,True,ok
48.487101462119725,LIDAR,-0.019762122923277392,,0.38350476253548693,True,ok
48.489209166849,FLOW,0.012237354038432402,-0.04120647078190234,0.753571996802095,True,ok
48.49397445845623,FLOW,-0.032914024527882946,0.03648189452655874,1.0532161224122014,True,ok
48.49543802109497,LIDAR,0.016245707138838217,,0.25949457864308195,True,ok
48.51492213456373,LIDAR,0.009997033104582442,,0.09671025647920266,True,ok
48.518474984721585,BARO,0.09231395667701392,,0.06949725676210035,True,ok
48.521003762462115,FLOW,0.03004373110609515,-0.09753040070108662,4.3399169015841865,True,ok
48.52189874661197,LIDAR,0.036034352989566365,,1.2645455221920043,True,ok
48.52569770830578,LIDAR,-0.003369560987652953,,0.011165217412473064,True,ok
48.530222671231186,FLOW,0.05287675911745959,-0.05560543041778028,2.557618101338491,True,ok
48.54002819815591,LIDAR,-0.03864071879087794,,1.4565115066276155,True,ok
48.54781105402016,LIDAR,-0.00569675810349457,,0.0317647223860033,True,ok
48.556024560475876,LIDAR,0.0039036343480280955,,0.014945942100795681,True,ok
48.55646308612961,BARO,-0.09774634918227099,,0.07792713207412943,True,ok
48.56265557638137,FLOW,-0.04599303528046961,0.003986260229453115,0.8683997893289952,True,ok
48.56952266447566,LIDAR,-0.03922636135837365,,1.4997926573679732,True,ok
48.57748286188723,LIDAR,-0.05886621611355691,,3.388634780530485,True,ok
48.581123916222005,BARO,-0.04457048602925173,,0.01620156529557833,True,ok
48.58663194694438,FLOW,-0.025633488663006965,0.016898859194523316,0.3817056288358708,True,ok
48.58684320668669,LIDAR,0.005297892463359766,,0.027463932535779553,True,ok
48.59992791166566,LIDAR,0.02871264561684006,,0.8024351103583143,True,ok
48.6094189120946,FLOW,0.0033905767497934836,0.08879922096919689,3.205713345996055,True,ok
48.614123851846415,FLOW,-0.07666407544021192,-0.05712697061042303,3.9803513740552545,True,ok
48.61415558327598,LIDAR,0.0008969471055038092,,0.0007783354378341078,True,ok
48.61805890828301,LIDAR,-0.0336623321108549,,1.1083849282046068,True,ok
48.62675387089911,BARO,-0.3657778601155448,,1.091114976035984,True,ok
48.6305558294407,LIDAR,0.016739484995343723,,0.2729404364936629,True,ok
48.63277884525679,FLOW,0.01666390340739754,-0.017117351137266507,0.24516277585530183,True,ok
48.64242689474144,CAMERA,-0.20159899460561803,-0.021852605019532123,2.609937599237246,True,ok
48.64360702753721,LIDAR,0.0336918749337185,,1.1008686472304778,True,ok
48.65027647521324,LIDAR,-0.019604966439400684,,0.37509265314782125,True,ok
48.66030210773529,LIDAR,-0.00793475977128999,,0.06143695862613374,True,ok
48.66263321140263,FLOW,-0.05171508047945772,-0.015787642295617035,1.195883586117898,True,ok
48.67165440347098,LIDAR,0.02572372837377701,,0.6443415965160629,True,ok
48.676736651872474,FLOW,0.06064658890170338,0.06782246092512131,3.492278717462521,True,ok
48.678740997944644,BARO,-0.12546783229363356,,0.12837966494820832,True,ok
48.67880753656667,LIDAR,-0.023789642798913935,,0.553750473264755,True,ok
48.691127073229794,FLOW,0.08057586992982879,0.03832581936502782,3.414293857611121,True,ok
48.69235630603833,LIDAR,-0.010319963532201548,,0.10358660767023203,True,ok
48.70427971486645,LIDAR,-0.010094563065010664,,0.09887826254895349,True,ok
48.708346160838,LIDAR,0.015304253082610852,,0.22957884975053966,True,ok
48.7214389625578,LIDAR,-0.01892850632009413,,0.3492319615140055,True,ok
48.721874393247475,CAMERA,-0.27472713965198636,0.1935274021869724,7.159786271582964,True,ok
48.72357079885616,FLOW,0.0632236556472976,-0.030333961544161903,1.9894760600657722,True,ok
48.72595236955942,BARO,-0.5408839526977907,,2.3859233703899383,True,ok
48.727968401848784,LIDAR,0.0017396231887243374,,0.0029661888317068594,True,ok
48.74198419675662,LIDAR,0.035987376968640294,,1.2605252579998474,True,ok
48.74562536452801,BARO,0.41006645248371054,,1.3713785618367418,True,ok
48.74823282008545,FLOW,0.026149114908165405,0.04684885271931417,1.1611492597684177,True,ok
48.751093997527384,LIDAR,0.011001841412375146,,0.11803671860837665,True,ok
48.75708466802588,LIDAR,0.0064902040472416545,,0.04133062449642569,True,ok
48.76766049886172,FLOW,-0.08570599258854938,-0.024328023208195403,3.263148310655336,True,ok
48.773313449486004,LIDAR,0.008393077655084014,,0.06839204785960878,True,ok
48.77810817658181,LIDAR,-0.027872331428563157,,0.760960792997412,True,ok
48.787634901634966,FLOW,0.038403260188284105,0.02090329135892713,0.7913516695396564,True,ok
48.79095723703238,LIDAR,-0.021135456451963464,,0.4353346987499669,True,ok
48.79241442339309,FLOW,-0.008652034744209502,-0.003206499104682743,0.03747703338011843,True,ok
48.79614014524856,BARO,-0.07834601293687049,,0.05005851139297267,True,ok
48.79635713616018,LIDAR,-0.028109288589083015,,0.7756422972193482,True,ok
48.80133043581039,CAMERA,0.013327066182718283,0.0781052993892053,0.39168395494883396,True,ok
48.80759756321046,LIDAR,-0.03868855755342526,,1.4648691996209156,True,ok
48.81758762743989,LIDAR,-0.025126997661703232,,0.6175245009962196,True,ok
48.823859039328894,FLOW,0.06724999170204993,-0.008437039183874055,1.892389691981716,True,ok
48.82422810631379,BARO,-0.3468014135913795,,0.9808630039275488,True,ok
48.82740595446332,LIDAR,0.013555082300069188,,0.17969135929081492,True,ok
48.843505084228084,LIDAR,0.04701644267583438,,2.1407173586532777,True,ok
48.84968781287983,FLOW,0.02952526587987181,0.08845184960796983,3.5272685160998245,True,ok
48.85423035785727,LIDAR,-0.0003719676494884361,,0.0001340357825195656,True,ok
48.85537451598355,LIDAR,0.01580696919618152,,0.24567064748798453,True,ok
48.858643812382525,FLOW,-0.037685983317544136,0.023576444230772965,0.8474121122221595,True,ok
48.870017660109305,LIDAR,0.048224356459737994,,2.267235428056152,True,ok
48.87553007907004,LIDAR,-0.04126565373678259,,1.6716552527398325,True,ok
48.88240846714921,FLOW,-0.11249749673992882,-0.07434038711936741,7.604052379042313,True,ok
48.88586004203957,BARO,-0.14158751207978826,,0.16348851001877016,True,ok
48.88847316500786,LIDAR,-0.0030876341785908146,,0.009307230044192007,True,ok
48.89013318238397,FLOW,0.003227163495634122,-0.039025538684232815,0.6711790224286385,True,ok
48.89058057997306,CAMERA,0.2518237416759419,0.023906137744184708,4.080059188008203,True,ok
48.89500508308383,LIDAR,-0.014138265017430651,,0.19614465463903694,True,ok
48.910522604655625,LIDAR,-0.02816009256590002,,0.770768277493682,True,ok
48.91110309061083,BARO,0.09513337342529748,,0.0738120457581213,True,ok
48.916128751953146,FLOW,0.04122590955923133,-0.03482545795808309,1.2219055326921802,True,ok
48.92115032322943,LIDAR,0.00460303157068509,,0.02059134166566759,True,ok
48.92811630909047,LIDAR,0.0064171763545957106,,0.040236343916180965,True,ok
48.94113669006574,LIDAR,0.006533033549697365,,0.041498208124209894,True,ok
48.945629804733464,FLOW,-0.028017627604733697,-0.016752828827446817,0.4310416066920651,True,ok
48.947030285462624,LIDAR,0.007522126275994356,,0.05539601931639987,True,ok
48.950546068392185,BARO,-0.07373742425861485,,0.04434474428484668,True,ok
48.95478932220127,FLOW,-0.021126197213843234,0.07675988093827656,2.7102194873741383,True,ok
48.96416566486273,LIDAR,0.035160991649665796,,1.196551577915669,True,ok
48.97335385400806,LIDAR,-0.013087998159576397,,0.16626025577741246,True,ok
48.98244067384005,BARO,0.33725927974219916,,0.9275532925983134,True,ok
48.98432361709573,LIDAR,0.01648310621804505,,0.26361601182492933,True,ok
48.986117983875886,FLOW,-0.011131721548904183,-0.017333213722649683,0.17236535528687325,True,ok
48.994941225597415,LIDAR,0.009197192127571086,,0.08208534657856895,True,ok
48.9959978239598,FLOW,0.09197730153351902,0.0011792907002784528,3.621585255912927,True,ok
48.999826184806224,CAMERA,-0.1263672674241434,-0.05824506437332355,1.2271037295238065,True,ok
49.001133303598074,LIDAR,0.03993491721054632,,1.5582706248551486,True,ok
49.00868785028848,LIDAR,-0.014899829826042321,,0.21766030342044282,True,ok
49.019277451404506,FLOW,0.021158803482091315,0.05613182016974059,1.5063295619169912,True,ok
49.0205012400523,LIDAR,0.029130679291951456,,0.8289318036216977,True,ok
49.02682610533741,BARO,1.0360736950404688,,8.754391852871311,True,ok
49.03205748068383,LIDAR,-0.047702303756845144,,2.217233988750977,True,ok
49.03929712420645,LIDAR,0.08814899535920828,,7.604865325324737,True,ok
49.04176717925784,FLOW,0.03850546887416895,-0.0592253427791385,2.0723089255827225,True,ok
49.05037827914404,FLOW,0.04883479080596331,-0.02968927439151617,1.4218633843447197,True,ok
49.05414931708163,LIDAR,-0.024880279308585163,,0.6010186442765084,True,ok
49.06398811673054,LIDAR,-0.011514510325996596,,0.12888092133559173,True,ok
49.07018507480715,BARO,0.12589312875717962,,0.12925144569832117,True,ok
49.07349382798415,LIDAR,-0.0037216713373440236,,0.013485395146780236,True,ok
49.07519642086397,FLOW,0.037897898125283436,-0.027553063873610784,0.9227355838616302,True,ok
49.082614666066895,LIDAR,0.006186627558150359,,0.03732937399024123,True,ok
49.087865187820725,LIDAR,0.019228403422747675,,0.3632211062950841,True,ok
49.095696596094605,LIDAR,-0.0039057447422328195,,0.015015319180386498,True,ok
49.09704756477668,CAMERA,-0.03195210845164809,0.11058015736821047,0.8305151840918961,True,ok
49.10514891529735,LIDAR,-0.037458846886039954,,1.379957425353982,True,ok
49.10698922683227,FLOW,-0.08684762990680894,0.04325889340340563,3.781024508053689,True,ok
49.118587853344614,LIDAR,-0.018241186776022822,,0.32504540039769564,True,ok
49.11878827127587,FLOW,0.01266545966010768,0.08787458584965002,3.3242605527005913,True,ok
49.12705027626662,BARO,0.10649002080202452,,0.09248066937064438,True,ok
49.13245585091939,FLOW,-0.032721198618055225,-0.08952910393162287,3.912128166091665,True,ok
49.13481564792565,LIDAR,0.01975051044443532,,0.37738364984821204,True,ok
49.142036780152445,LIDAR,-0.04348002413952434,,1.8398551177256406,True,ok
49.152243019564885,LIDAR,-0.09098411583681276,,8.057576157803743,True,ok
49.15635993301942,LIDAR,-0.0012111262465563932,,0.0014411614642256291,True,ok
49.15952507448493,BARO,-0.17232135317878594,,0.24219009823380214,True,ok
49.162813114611154,FLOW,0.019683660002437264,0.050168443209839986,1.1854823198701339,True,ok
49.17310879751941,LIDAR,0.029915915483775368,,0.8692499669584983,True,ok
49.18325075254831,FLOW,-0.00032577466738425986,0.058376235948968534,1.40523116382812,True,ok
49.18497116732142,LIDAR,0.05006263780661202,,2.4294233849016997,True,ok
49.192960206464804,FLOW,-0.05071976767182118,0.009996132310390263,1.1554447260605645,True,ok
49.194201260317904,LIDAR,0.04623775654031714,,2.0774812369608595,True,ok
49.19887240348269,LIDAR,-0.05306230106550558,,2.760386740716413,True,ok
49.19923582688765,BARO,-0.38345402165437337,,1.1992600740245374,True,ok
49.20682844059171,LIDAR,0.00914042143577909,,0.08209211094506684,True,ok
49.21897632139909,LIDAR,-0.036867094687809576,,1.329386377430332,True,ok
49.22521841231162,LIDAR,-0.081784858588696,,6.576027498270163,True,ok
49.22548728681528,FLOW,0.03594598991297082,-0.04623500982462238,1.392679055211652,True,ok
49.2267005269608,BARO,0.05316006735350287,,0.023049415893491066,True,ok
49.23081831984394,FLOW,-0.011801599968506826,-0.05378657868822733,1.319929503516213,True,ok
49.24426151098998,LIDAR,0.0018593999094651537,,0.003347982203731532,True,ok
49.24618974858046,CAMERA,-0.0756749881118921,-0.02152247352293024,0.3921449291760669,True,ok
49.25382938750786,FLOW,-0.05423859871072134,0.009974085581000249,1.2885919219449515,True,ok
49.254311343971814,LIDAR,0.07728047795950799,,5.791416092710452,True,ok
49.26144070265282,LIDAR,-0.0016565381028081916,,0.002675921651341517,True,ok
49.26810036293938,BARO,0.22495101580825416,,0.41268038135147844,True,ok
49.27180007039188,LIDAR,-0.015625146128409817,,0.23799587284656853,True,ok
49.278246951218755,FLOW,0.002936210192398425,0.009501618315655859,0.041026209936601506,True,ok
49.28209677403111,LIDAR,-0.012603672729206483,,0.1548054094638743,True,ok
49.28772175240597,LIDAR,0.005531792540291125,,0.0300256612818089,True,ok
49.29806935924392,LIDAR,-0.03127837922541765,,0.9583999638687075,True,ok
49.3030417448152,FLOW,-0.017855800290555668,0.02724364773843047,0.43421884682065315,True,ok
49.30672414619845,LIDAR,0.037113110494071844,,1.3509818785007734,True,ok
49.30902155369865,BARO,0.15115354509785117,,0.18634364320971722,True,ok
49.319697882666,LIDAR,-0.04688939039601481,,2.1447741468237718,True,ok
49.325544434405906,CAMERA,-0.014023732955216417,0.1942596993079908,2.3670024297020436,True,ok
49.325815918281585,FLOW,-0.0151964628622695,-0.05257727059250837,1.2259633560244458,True,ok
49.3317187227069,LIDAR,0.009524803973243401,,0.08822799184169294,True,ok
49.336157593398504,FLOW,-0.03865423973441051,0.010698579832989039,0.6910076810307271,True,ok
49.339940016900435,LIDAR,0.02442791900879282,,0.5822529351099143,True,ok
49.351402352332585,LIDAR,0.020462728804689245,,0.4076437275234042,True,ok
49.35903222899154,FLOW,0.009532684377365097,-0.06138106927209685,1.6227272025284598,True,ok
49.3604074898204,BARO,0.014184958973900041,,0.0016408784754179291,True,ok
49.3614193902912,LIDAR,-0.021298050610542685,,0.44182778487794433,True,ok
49.365485413601924,LIDAR,0.02152350718822804,,0.45543853772614906,True,ok
49.381122540525006,LIDAR,-0.03634930115169155,,1.2860349313556876,True,ok
49.38382287918779,FLOW,0.003483613832503507,-0.07223156667655026,2.156274790341589,True,ok
49.38910717908917,LIDAR,0.0023538599058481324,,0.005411886961579183,True,ok
49.40071709171573,LIDAR,-0.02249214233076602,,0.49281186724054066,True,ok
49.401692536220416,FLOW,0.0747252514512432,0.016725622914821367,2.4569426151596225,True,ok
49.40342324998215,BARO,0.00808260169496311,,0.0005327931897069541,True,ok
49.41108458843117,LIDAR,0.005291631624766424,,0.027272589143825646,True,ok
49.41547542985659,CAMERA,0.0037001507579219606,-0.10497433962781716,0.6894136310435197,True,ok
49.420229752343104,FLOW,-0.0743066898975171,0.014869619118049252,2.4223627311269524,True,ok
49.423347370826384,LIDAR,0.05946447281305778,,3.433185398140663,True,ok
49.42887844254797,LIDAR,0.0016660279940179379,,0.0027158937610561695,True,ok
49.43055009192653,FLOW,-0.01839424950148094,0.009512380465097753,0.18742084058935105,True,ok
49.43671159786546,BARO,-0.7561110076233906,,4.662431768418218,True,ok
49.4381286861811,LIDAR,0.02706856713789163,,0.7174211842739195,True,ok
49.44759272789614,LIDAR,-0.01554924300733207,,0.23676101021434,True,ok
49.45740466222525,FLOW,0.06517714324503066,-0.004298637390741905,1.7872522326047875,True,ok
49.46382070169881,LIDAR,-0.02962901538551188,,0.8509078529005828,True,ok
49.465589185621916,BARO,-0.07222331024309092,,0.04254044818976459,True,ok
49.47135425635327,LIDAR,-0.04443114632773826,,1.9234047962846932,True,ok
49.47541372285739,FLOW,0.012687430677253864,0.034953920042203115,0.5831884994874332,True,ok
49.478114064562064,LIDAR,0.03461552665216461,,1.1735000352056797,True,ok
49.491811848694894,LIDAR,-0.0006401183495610141,,0.0003987474259630895,True,ok
49.49827192849978,LIDAR,0.034069974660495994,,1.1362367703995553,True,ok
49.498785892756125,FLOW,-0.034123837512480715,0.019379802251219283,0.6411323856790203,True,ok
49.50539655896385,CAMERA,-0.18924982155728998,-0.0036144195446209393,2.2853222383592966,True,ok
49.50587795929123,LIDAR,0.07599794421060713,,5.670428205808183,True,ok
49.515330532491134,BARO,0.3494708681873644,,0.9960115189429677,True,ok
49.5183131800212,FLOW,0.06114971584660678,-0.04611351078510803,2.45946359502175,True,ok
49.52318592825273,LIDAR,0.012492407559728136,,0.15135491961476838,True,ok
49.52665481472655,LIDAR,-0.002836460699364718,,0.007890002819435749,True,ok
49.53547534646348,LIDAR,0.007435722315533244,,0.054263709396377605,True,ok
49.54555512040068,LIDAR,0.01868620095374185,,0.3422598056123564,True,ok
49.54734807303256,FLOW,-0.07352645607218111,-0.016007614014599048,2.300538828941011,True,ok
49.55025350444222,BARO,0.1414645833826782,,0.16321451047542998,True,ok
49.555277537514485,LIDAR,-0.02529394065015156,,0.6268709080815262,True,ok
49.56739168799363,LIDAR,0.019004121808170016,,0.3524372776060403,True,ok
49.56789551304072,FLOW,0.0007746529707226557,-0.013954904806877486,0.08038574403416592,True,ok
49.57885057724255,LIDAR,-0.015288989773461381,,0.2275868549667224,True,ok
49.58011759935705,FLOW,0.008851118200133401,-0.00046129937300029566,0.03362462059422863,True,ok
49.58803706560038,LIDAR,0.019554374837166044,,0.37289112234150684,True,ok
49.596762163752686,BARO,-0.3934330429745565,,1.262316887363688,True,ok
49.59932290949885,LIDAR,-0.02403532920795559,,0.5623720035608466,True,ok
49.6082178897847,FLOW,0.06865418237903975,0.025582322361892992,2.2112022547915595,True,ok
49.612380330977444,LIDAR,-0.05702201989830913,,3.151757295278132,True,ok
49.61953563618886,CAMERA,0.05874714569308992,-0.07450351188692544,0.5685091886641069,True,ok
49.62083057355428,FLOW,-0.002526555291255228,0.02835085220973401,0.3458336275226937,True,ok
49.624173804075674,LIDAR,-0.04190293945775725,,1.69946320276332,True,ok
49.628395786450845,LIDAR,0.029342678492469965,,0.8420572008015459,True,ok
49.641231069036905,LIDAR,-0.010540000376452419,,0.10812947702311348,True,ok
49.64134020712908,FLOW,-0.03431566825557664,0.04747527336949968,1.4516086226093996,True,ok
49.64619314636815,BARO,0.004275183890474654,,0.0001490566680863135,True,ok
49.65042031811587,LIDAR,-0.027782778886793924,,0.7526592422670506,True,ok
49.65815559812067,LIDAR,0.0318443343268231,,0.9923098260813505,True,ok
49.66187168638118,FLOW,0.04085140991741676,0.02323458783374669,0.9298947420708205,True,ok
49.673158007408524,LIDAR,0.01218393524491912,,0.14407638063950767,True,ok
49.67364031061085,FLOW,-0.058161769940945685,-0.0007538548040627174,1.4694508640221118,True,ok
49.683377136003706,LIDAR,-0.01932929500760716,,0.3628690186368741,True,ok
49.68636949247867,BARO,-0.08078440723590452,,0.05322325018772941,True,ok
49.687827805413235,LIDAR,-0.029770395902414926,,0.8689253435639596,True,ok
49.69553130161158,LIDAR,0.02488082500733091,,0.6084648222409046,True,ok
49.699460683547024,FLOW,0.03514113265395691,0.022059214327308674,0.7208392656717016,True,ok
49.711365413393345,BARO,0.07939505847438388,,0.05140408966012478,True,ok
49.71362041574502,LIDAR,-0.01476768685981078,,0.21146088407771207,True,ok
49.720337243898186,LIDAR,0.007472367530878099,,0.05447891208157091,True,ok
49.72192923856235,CAMERA,0.08345626417685992,0.04350987611873347,0.5607098831252807,True,ok
49.72853294144572,FLOW,-0.07602179498707229,-0.03510723742266378,2.8437609783310185,True,ok
49.733203040638266,LIDAR,0.00779459759236012,,0.0590187456611322,True,ok
49.73329374880961,FLOW,0.041172779271092974,-0.0036728898280147665,0.746797013937569,True,ok
49.738718755915286,LIDAR,0.03855388848360741,,1.455021478265932,True,ok
49.747921387430296,LIDAR,-0.036109093024208505,,1.2770529834515516,True,ok
49.75389412854509,FLOW,-0.09432367509313011,-0.009113435944148783,3.853428600535111,True,ok
49.759889444168266,LIDAR,-0.01632194699921463,,0.2599534556521277,True,ok
49.76963576146772,BARO,0.3729827503181382,,1.1344891682242413,True,ok
49.770354167469705,FLOW,0.05627789594075949,0.07421075132424272,3.7374534606088377,True,ok
49.77105457531298,LIDAR,0.04245061447046394,,1.7554346202019258,True,ok
49.777425969161705,LIDAR,-0.009790231294669827,,0.0939114647689611,True,ok
49.7870793215109,LIDAR,-0.023707517702816983,,0.5505214952120308,True,ok
49.78905373111134,CAMERA,0.03213828295804433,0.2659597488890134,4.50006637815042,True,ok
49.7905204535677,FLOW,0.03324322798748047,0.050696063531025,1.5665251114485428,True,ok
49.79540511877553,BARO,0.5551398809631034,,2.513312990622171,True,ok
49.80286730123052,LIDAR,0.00982409244651139,,0.09364153163113248,True,ok
49.810504439936544,LIDAR,0.010195471280543877,,0.1013298026208018,True,ok
49.82007701212122,LIDAR,-0.022108018088405235,,0.4768375678532737,True,ok
49.8201882423549,BARO,0.0194095588463834,,0.0030725975424698163,True,ok
49.82050263294241,FLOW,-0.019013175498790114,-0.01769518232341694,0.27547113802164913,True,ok
49.82660644874792,LIDAR,-0.04741456136089939,,2.2050428063545016,True,ok
49.830799745447656,FLOW,-0.012207110626385576,-0.059322546027146456,1.5739923099792463,True,ok
49.8413458237688,LIDAR,-0.011916587189450212,,0.13814171641856576,True,ok
49.84766722606909,LIDAR,-0.03411257965106662,,1.1389924204006878,True,ok
49.8565130635693,LIDAR,0.060162225205382835,,3.5466757855397097,True,ok
49.85878911774463,FLOW,0.023930035923409476,-0.050533988366270745,1.2910266404549957,True,ok
49.86969931705964,BARO,-0.20253746092346048,,0.3345237235401935,True,ok
49.869836397943835,LIDAR,0.02364174375715944,,0.544537697453023,True,ok
49.87738908872864,LIDAR,-0.027778805544962815,,0.7547870384940928,True,ok
49.880592342227445,FLOW,-0.028700129436817323,-0.01667371817417674,0.4559853428647243,True,ok
49.886704799254375,LIDAR,0.029351240557522917,,0.8431006054559637,True,ok
49.894138762338265,FLOW,-0.0276507944892741,0.04633803436469375,1.2448901952939364,True,ok
49.90033365893917,LIDAR,0.041974701487553556,,1.713707501221365,True,ok
49.905456690131935,LIDAR,0.009395644383279667,,0.0865530703441301,True,ok
49.911141170792725,BARO,-0.2799401443542411,,0.6391299680418955,True,ok
49.91883997053955,CAMERA,0.2022279679711474,0.07119515714653224,2.9179391327812385,True,ok
49.91982112652042,FLOW,0.01707220452100333,-0.05559951191707793,1.4073841953147217,True,ok
49.92482439815361,LIDAR,-0.04491369807710255,,1.9480044218902495,True,ok
49.930704451001745,FLOW,-0.015794063162250183,0.022842672053711557,0.3338583468619601,True,ok
49.93486497469743,LIDAR,-0.043769104002433945,,1.8536729400927936,True,ok
49.93780734929165,LIDAR,0.03891387429821114,,1.4835204388835588,True,ok
49.94624563876927,LIDAR,0.054965810271701,,2.9644662952946987,True,ok
49.95906666106657,BARO,0.05332644399975939,,0.02319036230650603,True,ok
49.96159292281746,LIDAR,-0.015869854096820735,,0.24488276763204808,True,ok
49.96797263467331,LIDAR,-0.017877199535171417,,0.31267121949852533,True,ok
49.968611112150185,FLOW,0.00511087006143629,0.06083367888410308,1.4906256043770658,True,ok
49.980525203264015,BARO,-0.2787740694952028,,0.6337526723254242,True,ok
49.98496894602484,LIDAR,-0.03319502429378263,,1.0661194217530638,True,ok
49.985650471835264,LIDAR,-0.02634195417736951,,0.6820671596723761,True,ok
49.987762286175105,FLOW,0.03384192319103718,0.017039323619763132,0.5898466156213542,True,ok
49.99486134055011,FLOW,0.0007524322783457604,-0.08000070240257734,2.792930410224816,True,ok
49.99777513358225,CAMERA,0.03550233503428757,-0.06034503866338187,0.3095741429075876,True,ok
50.00065343383393,LIDAR,-0.006621390875842348,,0.04270942106161829,True,ok
50.014929271716724,LIDAR,0.045769394171957245,,2.0279209916689642,True,ok
50.01834219614198,LIDAR,-0.016790896968123636,,0.27610986279671823,True,ok
50.02573746808655,LIDAR,-0.01365115332896627,,0.1830874829453226,True,ok
50.02990716567863,FLOW,-0.021588349269561213,0.07987933756175032,2.781306497786079,True,ok
50.036392912697046,FLOW,0.0606688985652305,-0.041471490730867436,2.3495003172949205,True,ok
50.04237483694178,LIDAR,-0.00724048633090435,,0.05092107597525629,True,ok
50.04455492970588,BARO,-0.20199887785154313,,0.33277361530192645,True,ok
50.05023873110045,LIDAR,-0.05893246052656487,,3.3877420658187543,True,ok
50.05929963279453,FLOW,0.04026585555300133,0.0035761946992599603,0.6931182771563581,True,ok
50.06011434881742,LIDAR,0.05503491434286767,,2.95509875286915,True,ok
50.06129565257042,CAMERA,0.013855517114961913,-0.03824193787140934,0.10449380453470311,True,ok
50.071672204270165,LIDAR,0.01603057525456686,,0.2501242968183159,True,ok
50.080706211569414,LIDAR,-0.02527972364441533,,0.6232170211147143,True,ok
50.08440403353873,FLOW,0.003461286725246815,-0.04849918139590083,0.9810953035635207,True,ok
50.08576723356491,BARO,-0.35330047975995904,,1.0179705138745936,True,ok
50.09427779714187,LIDAR,0.024600683406909685,,0.587082321016573,True,ok
50.09863157954438,LIDAR,0.05054542176019794,,2.5025814052278266,True,ok
50.10036332349906,FLOW,-0.12889864215404823,-0.0013393093278672857,7.065556360958165,True,ok
50.10726367568291,LIDAR,0.011830749651680517,,0.13728088152300763,True,ok
50.11551589951828,FLOW,0.08261147342176012,0.046114183588560766,3.8638110860473796,True,ok
50.11923452631075,BARO,0.15537338808254075,,0.19686976944218276,True,ok
50.12395379696768,LIDAR,0.030076384070853557,,0.8774483123992735,True,ok
50.126149614615244,LIDAR,-0.04283417143720447,,1.8029664824868143,True,ok
50.14094640855303,FLOW,-0.006395862511489159,0.023422836047349436,0.24676983871296976,True,ok
50.14407795881996,LIDAR,0.05173018997803158,,2.5945427205277616,True,ok
50.150561383696214,LIDAR,0.020293496994867155,,0.40193341912009684,True,ok
50.160323675947474,FLOW,-0.028238121559014506,0.0654640525910584,2.1429199171411306,True,ok
50.160875391919724,LIDAR,0.01352314704735802,,0.17838346261266882,True,ok
50.164860017671685,BARO,0.0697423333846463,,0.03966853669210738,True,ok
50.16641477370075,CAMERA,0.08108177636118086,-0.05244960064824855,0.59461731644386,True,ok
50.16809788834747,LIDAR,-0.03224709615561627,,1.0187514927349377,True,ok
50.17924466154272,LIDAR,-0.018913634329855267,,0.34956968479797135,True,ok
50.18285828190645,FLOW,-0.04323283201026629,-0.01194216907117645,0.8403675553645387,True,ok
50.191433107866544,LIDAR,0.0040373866561580485,,0.01587072261959144,True,ok
50.19309065160956,BARO,-0.0028678272524347292,,6.707589079914948e-05,True,ok
50.196821363663155,LIDAR,0.0017520154597416848,,0.0030110789190811523,True,ok
50.20606568150368,FLOW,0.05512610078400115,-0.02302339086860171,1.4804038771789785,True,ok
50.21228364536946,LIDAR,0.022599035130080658,,0.49632113290884683,True,ok
50.2173689529573,FLOW,-0.0009991787065036783,0.005123319446616918,0.011773580713265086,True,ok
50.21825026112706,LIDAR,0.0346501590481294,,1.1748650749987508,True,ok
50.22861994543418,LIDAR,0.006582183479565185,,0.042346743939297354,True,ok
50.23455181367681,BARO,0.2168150709030252,,0.3833782484773935,True,ok
50.23812253502936,FLOW,-0.007095959856944556,-0.12334526931633699,6.514526281559095,True,ok
50.239110913837116,LIDAR,0.005054610756833888,,0.024947105742903816,True,ok
50.25278610529637,LIDAR,-0.04267847629620336,,1.7682637196326845,True,ok
50.257968414032376,LIDAR,0.018832142912061034,,0.34716362688947655,True,ok
50.26377015432133,FLOW,-0.026927220516114958,-0.0003601125779051084,0.3016277167626563,True,ok
50.26985080771116,LIDAR,-0.02154404591928305,,0.4527566974880779,True,ok
50.27951151279526,FLOW,0.05557212383658283,-0.004846651128696394,1.3240018620676048,True,ok
50.28034698503842,BARO,0.38409696442391716,,1.2030938418871069,True,ok
50.28276956882198,LIDAR,0.01654797240990913,,0.26596583170554966,True,ok
50.287554823917546,LIDAR,0.011277798000301598,,0.12462554075935539,True,ok
50.300797121896174,LIDAR,-0.07692094910046787,,5.764298230176422,True,ok
50.30662708767953,FLOW,-0.004994611061990395,-0.026374323898094396,0.297090773147377,True,ok
50.30895724453618,CAMERA,-0.0847648849728202,0.1491958127674965,1.8559911781476124,True,ok
50.31345620237806,LIDAR,-0.019102483695551342,,0.3541491162757254,True,ok
50.31875206323775,LIDAR,-0.015015893042570116,,0.2206310131709246,True,ok
50.324273697456874,FLOW,-0.02825209984641741,-0.06429635294210354,2.0727708714535615,True,ok
50.32601982813581,BARO,0.20942984706591972,,0.35770226771606173,True,ok
50.33040776579046,LIDAR,0.016772749621629224,,0.2744610449643843,True,ok
50.33591395634145,LIDAR,0.028127857731060857,,0.7771283697121619,True,ok
50.34188824675805,FLOW,-0.07480630858413995,0.12238116133581833,8.74878200180457,True,ok
50.349285126638605,LIDAR,0.00015466138411168728,,2.3345706104782067e-05,True,ok
50.35116901768535,FLOW,0.05330472485341331,0.050308527276017624,2.3729380230946133,True,ok
50.352508262762754,BARO,-0.06830691274651635,,0.038052940830981895,True,ok
50.357180575699836,LIDAR,0.033441066430357935,,1.0949592724911956,True,ok
50.366650072153185,LIDAR,-0.046976001341785256,,2.1608934236770074,True,ok
50.376408811473794,FLOW,-0.03414895388251604,-0.04277875603636205,1.27251609343213,True,ok
50.38026035575547,LIDAR,0.00382576146054614,,0.014243527266870228,True,ok
50.386976556250154,LIDAR,-0.04996734782482504,,2.4430438179107474,True,ok
50.39418878406342,BARO,0.8928497251120753,,6.501319720299628,True,ok
50.39757650714561,LIDAR,0.03940453038395564,,1.5172350771905627,True,ok
50.40940990714747,FLOW,-0.017090473559767894,-0.03665168928825648,0.6598051965488452,True,ok
50.41225073316151,LIDAR,0.022707467927522096,,0.5000991539758255,True,ok
50.42169775970549,LIDAR,0.024708142324631144,,0.5932940944047828,True,ok
50.42214500923497,FLOW,0.021266143170804108,-0.06215022101033971,1.8294559699728603,True,ok
50.43119465903107,LIDAR,-0.015826364993684283,,0.2437898149062304,True,ok
50.43687057509085,LIDAR,0.004730114121440643,,0.021930247615812925,True,ok
50.439168388592364,FLOW,-0.00021766570160564047,0.015782823157373407,0.10666695279705196,True,ok
50.44095002949225,CAMERA,-0.041822091046654464,-0.06580013332748386,0.38075601341439064,True,ok
50.44672732865714,LIDAR,-0.013723046784505755,,0.18446211221098593,True,ok
50.447574248838194,BARO,-0.022864310921823616,,0.004263810928631044,True,ok
50.45654421409512,FLOW,-0.017610848813515045,-0.0068062261243384825,0.15331634458426374,True,ok
50.46491497649268,LIDAR,0.10728679161224175,,11.126676402504208,False,gate
50.46952768469228,LIDAR,0.024234806990693247,,0.5636777398117123,True,ok
50.470746542268614,BARO,0.24674066095626923,,0.4964827680958783,True,ok
50.4777161615104,FLOW,0.05032245252622014,0.021839874702490873,1.279589303224228,True,ok
50.481769506019084,LIDAR,-0.05707595399102772,,3.126522768621716,True,ok
50.485975385085084,LIDAR,0.04102076817754563,,1.6350080848112414,True,ok
50.49089303366515,FLOW,-0.03373441907359431,0.05021179293547951,1.5923927903583353,True,ok
50.5036490929026,LIDAR,-0.030577533736662055,,0.8985130192064,True,ok
50.512338667659925,CAMERA,0.0047863740363638385,-0.2246730666648952,3.167012607355934,True,ok
50.51274859306763,LIDAR,0.031340543779108554,,0.9481896932474263,True,ok
50.52190571865821,LIDAR,0.02429590213744426,,0.5718115926205793,True,ok
50.52293411840447,BARO,0.08741412214351296,,0.06231790035704216,True,ok
50.52499700950939,FLOW,0.07134883169336514,0.045060848650000374,2.903821980244893,True,ok
50.52661099266342,LIDAR,0.045592121507824324,,2.033032252502686,True,ok
50.54231926324977,LIDAR,-0.033148981225512575,,1.0649501981918281,True,ok
50.54807927961078,FLOW,0.008380333486553315,0.02270692279865858,0.24014831582393958,True,ok
50.55348486073955,LIDAR,-0.028971311991765614,,0.8130820542790659,True,ok
50.554277871375355,FLOW,-0.019089598986875456,0.0514876739124201,1.3209335215906777,True,ok
50.556093869360474,LIDAR,-0.055408877484695473,,3.0119934099358314,True,ok
50.5650101455923,LIDAR,7.117524606670145e-05,,4.972918469534371e-06,True,ok
50.56522480732736,BARO,-0.6878469015802364,,3.858999615130647,True,ok
50.58136072417243,LIDAR,0.007211107939988359,,0.05050205091219887,True,ok
50.58240399267804,FLOW,0.03775474443107718,0.0004352488440966737,0.5961130560054895,True,ok
50.59239158503741,LIDAR,0.017311072180487663,,0.2908451842364667,True,ok
50.59743603066619,BARO,-0.5834752481053478,,2.7763746216115077,True,ok
50.598656170675746,CAMERA,-0.08539571903126841,-0.1951104715622486,2.851093925287307,True,ok
50.60311531151836,LIDAR,0.018035211699695353,,0.3157043728525815,True,ok
50.60723788354372,FLOW,0.028071770428211407,-0.02169143066562164,0.5197377114395341,True,ok
50.61305007743505,LIDAR,-0.006233305377843834,,0.03775440717298684,True,ok
50.61723289859498,LIDAR,0.00623135425430732,,0.038095601154153225,True,ok
50.623798702922194,FLOW,0.027548578530330436,-0.0500477120402497,1.3804134954205296,True,ok
50.63211189315051,LIDAR,0.026681708426623985,,0.6925718794477211,True,ok
50.63331817731109,BARO,-0.3629903083378536,,1.0746093986281613,True,ok
50.644308447529674,LIDAR,0.0022423051142972383,,0.0048781966908371145,True,ok
50.6445487144026,FLOW,0.004046690290793631,0.027578978192152322,0.3278389649521253,True,ok
50.64652596605497,LIDAR,-0.032110495723515875,,1.013364938848058,True,ok
50.653866130928705,FLOW,-0.015771946347207133,0.0019320493787054471,0.11113097320099652,True,ok
50.65809696430722,LIDAR,-0.024828700762660638,,0.603603689007541,True,ok
50.67086811870068,LIDAR,-0.0013100648044042096,,0.0016722519610513139,True,ok
50.675239158084594,FLOW,0.0367746806180661,-0.03524858746475172,1.1166352225446867,True,ok
50.67710600755577,BARO,0.10114882410661874,,0.08343716510419426,True,ok
50.67973701257133,CAMERA,0.02317396545512196,0.1274103753176144,1.054971218573225,True,ok
50.68309266617712,LIDAR,-0.008952115716857723,,0.07784849848540945,True,ok
50.69184341811209,LIDAR,0.06652812764291927,,4.311303634647797,True,ok
50.70007248473384,LIDAR,-0.022864313323929242,,0.5107593957525192,True,ok
50.701603647365744,FLOW,-0.0862485667785704,0.041308235005282516,3.8172601032087816,True,ok
50.705029299683176,LIDAR,0.0838059356293992,,6.912383234304602,True,ok
50.70681322444699,BARO,-0.14861082641415324,,0.18013214571206446,True,ok
50.7111626916289,FLOW,0.07129314335681203,-0.05511804428735934,3.5537148674611383,True,ok
50.715326328175784,LIDAR,-0.04851898624471751,,2.312240381186551,True,ok
50.734209574230846,LIDAR,-0.058979398360200275,,3.3663925803327523,True,ok
50.73774117350335,LIDAR,-0.03753098528831744,,1.3788868764827709,True,ok
50.744142647724516,FLOW,-0.0013332072966029118,-0.06775978795139408,1.881735099835576,True,ok
50.75358178045615,LIDAR,-0.020714376157623615,,0.41603960277693725,True,ok
50.762355794169785,LIDAR,-0.03364011864545624,,1.1006590410841037,True,ok
50.7631500017441,BARO,0.13214888869991803,,0.14242596074363478,True,ok
50.76504243936486,FLOW,-0.05959926669685223,-0.023933250500512274,1.708396927225752,True,ok
50.768811696019995,LIDAR,-1.5073765790009825,,2223.454667977304,False,gate
50.780079699270686,FLOW,0.003976722708511349,0.030196272205973318,0.39523371549671854,True,ok
50.78047313792913,LIDAR,-0.021704003438835162,,0.4527691200681816,True,ok
50.790194548965154,LIDAR,0.0012627562437548256,,0.0015379964932888013,True,ok
50.79799825351057,LIDAR,0.029967567781778115,,0.8711629468438025,True,ok
50.80201236742611,FLOW,-0.004226318034058596,-0.029272201610223744,0.36893497809375136,True,ok
50.8064741821177,BARO,-0.34576257765325247,,0.9749197168278575,True,ok
50.8107989458003,LIDAR,-0.023139194553675857,,0.517820152514819,True,ok
50.811606948131484,FLOW,-0.06165185240415222,-0.017457047349544813,1.8051902423393331,True,ok
50.82460525080379,LIDAR,-0.01787449248850903,,0.3077257476266384,True,ok
50.82747014508431,CAMERA,0.33346047588096894,-0.023928539723501285,7.117670719213289,True,ok
50.83255769545136,LIDAR,-0.022978246898768262,,0.5115046120186656,True,ok
50.835829238727875,LIDAR,0.04643972551814812,,2.113763014449449,True,ok
50.845196339798875,FLOW,0.03469715465730416,0.06383527976433673,2.1682710853699976,True,ok
50.84617638348047,BARO,-0.044938745539925495,,0.0164692788742027,True,ok
50.850744722720826,LIDAR,0.05127030745138095,,2.555348845916931,True,ok
50.85580531682905,LIDAR,-0.01225225177520839,,0.1471355871918175,True,ok
50.85709101169426,FLOW,-0.04172669834016418,0.004280100560816617,0.7567886054733619,True,ok
50.8661738697548,LIDAR,-0.04518587352879022,,1.9983629044066646,True,ok
50.8779641664715,LIDAR,-0.04486224626815494,,1.9633166934770052,True,ok
50.88116974414391,BARO,0.411994051923529,,1.3843296305757715,True,ok
50.88829065096272,FLOW,-0.013211018224354554,-0.028878037974264477,0.41226062190158064,True,ok
50.88835136989596,LIDAR,0.011123483458201022,,0.12064625123648702,True,ok
50.89667160966075,LIDAR,-0.022190974876268754,,0.4814398969980235,True,ok
50.903432975079454,FLOW,0.07114128940867992,0.001350883561628352,2.1438302624963015,True,ok
50.90725253952568,LIDAR,0.05335860857148633,,2.779976890250872,True,ok
50.9098665209529,BARO,0.26749063747485957,,0.5835533741542336,True,ok
50.91050586714015,FLOW,0.0414397105958868,-0.01425069275483895,0.8555970329474019,True,ok
50.91545112213097,LIDAR,-0.016233838156646474,,0.2580097545385208,True,ok
50.93307157857525,CAMERA,0.036369461865518815,0.3644856244093778,8.40500845251558,True,ok
50.93399880602001,LIDAR,-0.031698989664627586,,0.9703020970514215,True,ok
50.93520047038658,FLOW,0.0215180656690529,0.032718442090252556,0.6564425310172377,True,ok
50.93900688922105,LIDAR,0.03438704663415404,,1.1529986827650207,True,ok
50.951885822086545,BARO,-0.17214627360891543,,0.24165658522068306,True,ok
50.95305356409865,LIDAR,-0.0011292104297462302,,0.0012359604329725187,True,ok
50.954419356488586,FLOW,-0.042611222906369095,0.06736507000374362,2.7176086721164605,True,ok
50.960506385984516,LIDAR,0.02225334078931107,,0.48250335617047485,True,ok
50.9699852396974,LIDAR,0.03719988632430882,,1.3497411326920639,True,ok
50.97587292085023,LIDAR,-0.011249089722581207,,0.12420092229259433,True,ok
50.979608708933625,FLOW,-0.02551492663979249,-0.039572334655735106,0.9268702769958723,True,ok
50.983337292320535,BARO,0.30414833240815087,,0.7544374657856163,True,ok
50.990603104497005,LIDAR,0.0045214066769343475,,0.019900928887370446,True,ok
50.995890289608276,LIDAR,-0.00174755743907129,,0.0029955452209653797,True,ok
51.00081453827216,FLOW,0.036442537182530654,-0.022289896545064088,0.764870339423239,True,ok
51.01281402714935,LIDAR,0.02789864893684202,,0.7546601134022786,True,ok
51.01694229413482,FLOW,-0.03995828114374833,0.015739681800074963,0.7893153849794385,True,ok
51.023471902502074,LIDAR,-0.05429994435481866,,2.859421306231577,True,ok
51.03089630410203,LIDAR,0.03205258345807449,,1.001454133321872,True,ok
51.03406830896601,BARO,0.2433308286278728,,0.4828919359158942,True,ok
51.03554880932168,LIDAR,-0.032714156063247124,,1.0519717943281022,True,ok
51.0397658084421,FLOW,0.026946057615332974,0.04954251028482844,1.3399289872355096,True,ok
51.0472173946769,LIDAR,0.05544580669630239,,3.0099775101160984,True,ok
51.049997356544324,CAMERA,-0.09566305160243616,0.2090623617018612,3.3253593651087168,True,ok
51.05019966923326,FLOW,-0.0035101240729462635,-0.01887174729682963,0.16163784327439035,True,ok
51.05581237513809,LIDAR,-0.01442998047843691,,0.20416384950513533,True,ok
51.07022388128626,FLOW,0.037455140733897885,0.012213789745410972,0.6712255885395833,True,ok
51.072525242899424,BARO,0.1951716441065119,,0.3106217395138991,True,ok
51.073834198956,LIDAR,0.04299778618912686,,1.789199181919335,True,ok
51.07564814501831,LIDAR,0.05180868916804604,,2.6343922354237943,True,ok
51.09342945074036,LIDAR,-0.0043654230420053786,,0.018462019935981074,True,ok
51.09626682114544,LIDAR,0.014356264806660857,,0.20213766201989805,True,ok
51.10597038199803,FLOW,-0.010453590113782996,-0.009178199303583642,0.07837093686763519,True,ok
51.10785342259935,LIDAR,-0.01518196862888832,,0.22528918548607574,True,ok
51.11657210525446,FLOW,0.028267755255310778,0.02001331861813203,0.5145220853836303,True,ok
51.119619593733,LIDAR,-0.01065653372629738,,0.11065971307602139,True,ok
51.1267398931901,BARO,-0.20276255794234577,,0.3352809110797015,True,ok
51.12843871237158,CAMERA,0.1404276349056417,-0.10962544025107496,2.0159690632672556,True,ok
51.13456002397682,LIDAR,-0.047720706955221015,,2.2030644295777537,True,ok
51.13800956777973,LIDAR,-0.005013862924260426,,0.0246054232041758,True,ok
51.144004754741125,BARO,-0.05296952905388652,,0.022882551798818488,True,ok
51.147904946221104,FLOW,0.0049244119826357124,-0.06067273877115269,1.5138914636376881,True,ok
51.14820394756338,LIDAR,0.0003177838011803047,,9.87637112515732e-05,True,ok
51.15426518435935,CAMERA,0.16241183125873704,0.05251343537435699,1.8614610189417644,True,ok
51.156311083774426,LIDAR,0.004219884821047071,,0.01745706569740584,True,ok
51.167354017317436,LIDAR,0.0797711534040686,,6.222621830290855,True,ok
51.16838158545864,FLOW,-0.014220626798055913,0.13690858273399217,7.875339854808769,True,ok
51.172217768811464,FLOW,-0.04619561748885104,-0.04753829656238998,1.9619441662814645,True,ok
51.177658103840955,LIDAR,0.012425493214014871,,0.15083774833399516,True,ok
51.186377561449895,LIDAR,0.008002775267689444,,0.06267353179488862,True,ok
51.194271628285534,BARO,0.35057320179066975,,1.0023024945382843,True,ok
51.19864107596921,LIDAR,-0.021042665288821816,,0.431618258203577,True,ok
51.2053629088186,LIDAR,-0.05411782620228944,,2.869497914227704,True,ok
51.207228827789166,FLOW,-0.10203215435588975,-0.05305806484816957,5.4575165775813845,True,ok
51.21517589653151,LIDAR,0.01275533538772411,,0.15932073119517107,True,ok
51.22211735867103,FLOW,-0.000592994889908327,-0.07279528535665583,2.257691673504545,True,ok
51.23002559066713,LIDAR,-0.006423393725607074,,0.040076635870997454,True,ok
51.24095438736355,LIDAR,-0.010736920190189014,,0.11191137613179845,True,ok
51.244717861801924,BARO,-0.3481519546723584,,0.9885040824287301,True,ok
51.24706354608073,FLOW,-0.013814015803979174,-0.020467910413560587,0.25454482615590046,True,ok
51.25304709533023,LIDAR,-0.04300913950346663,,1.7918977071511768,True,ok
51.261031669922886,FLOW,0.10235120210652965,0.010385990916008406,4.553543488656975,True,ok
51.26487320775044,LIDAR,0.05422654696522056,,2.8445054961119207,True,ok
51.268188705249585,LIDAR,-0.06393564756071601,,4.001631678279977,True,ok
51.27951821776552,BARO,0.29667054417846517,,0.7177488324349245,True,ok
51.28277793498566,LIDAR,0.048872511259415496,,2.3206935537602784,True,ok
51.28447974331015,FLOW,0.008234326627987065,0.08557737963202919,3.1223198625915267,True,ok
51.289822292725844,LIDAR,-0.015228372584563665,,0.22651872033548437,True,ok
51.29641052098267,LIDAR,0.005695707745873246,,0.03184417168923682,True,ok
51.30723531536519,FLOW,-0.050191199155535826,-0.009397477860251892,1.0930863121681753,True,ok
51.31046608269814,FLOW,-0.02523208686750472,-0.004922199715827406,0.29727842374553864,True,ok
51.31160728619933,BARO,-0.035588222476758524,,0.01032815909978942,True,ok
51.3132720534328,LIDAR,0.007943819663180918,,0.06123650031887674,True,ok
51.31512407095842,LIDAR,-0.011258696440281213,,0.12466612096367034,True,ok
51.327403372451926,LIDAR,0.02336938947183187,,0.534460075764137,True,ok
51.33389056279993,CAMERA,-0.0915022347905392,-0.3590188724853499,8.611640366043389,True,ok
51.34297692417767,LIDAR,0.010286718544626261,,0.10261642997400208,True,ok
51.344143686551426,FLOW,0.025898331990948376,-0.008781645520292342,0.3119594491058037,True,ok
51.35436282786716,LIDAR,0.029527294001274296,,0.8446962459983043,True,ok
51.35453227386118,BARO,-0.5938311199625979,,2.875944848997541,True,ok
51.35877737973391,CAMERA,-0.13686854718947927,-0.15406980957393568,2.693764108028823,True,ok
51.35908346179723,FLOW,-0.015581836533278826,0.025685992204091915,0.3872040509088251,True,ok
51.363599899611025,LIDAR,0.06415979508743153,,3.9988696775470425,True,ok
51.37421715817073,LIDAR,-0.0027387657467068394,,0.007285833604191585,True,ok
51.37898539192934,LIDAR,-0.06294683492444486,,3.882809505732255,True,ok
51.38850637301706,FLOW,-0.015377049987190028,-0.04453079816271434,0.9150421325205175,True,ok
51.3914887016697,LIDAR,0.015763748569801894,,0.24238397386335034,True,ok
51.39530195193081,LIDAR,-0.0013335146836608303,,0.0017508474850532639,True,ok
51.395716664870854,BARO,-0.28604493626683003,,0.667370651025486,True,ok
51.40092274545117,FLOW,0.0378290738511356,-0.018012306146455312,0.7558373828049962,True,ok
51.40737315761969,LIDAR,0.02564669999426794,,0.6445475363366129,True,ok
51.421895886427876,FLOW,0.059945116960281764,-0.03479492808705021,2.0505391120215952,True,ok
51.423354321613225,LIDAR,0.01184087092197661,,0.1360282499583052,True,ok
51.430245614479674,BARO,0.3389380956094059,,0.9368342824943794,True,ok
51.43104259916817,LIDAR,-0.029455880454362315,,0.8458042539396088,True,ok
51.44010505359489,LIDAR,-0.029689039269040318,,0.8606035526674793,True,ok
51.44560992671506,FLOW,0.05963655091655029,0.013065354826869498,1.565087317894572,True,ok
51.45252504130988,LIDAR,0.030450695957331853,,0.9018527455471749,True,ok
51.45686184489861,LIDAR,-0.018582396950343583,,0.3389475188893849,True,ok
51.4606743852544,FLOW,0.02919809596551748,0.01179410437991213,0.4268043280946827,True,ok
51.46460894949188,CAMERA,-0.16282153353631657,-0.06532040855911153,1.9618528732576581,True,ok
51.466173637957695,BARO,-0.5003971341291127,,2.0420776550759263,True,ok
51.47122286711109,LIDAR,0.02254637442598728,,0.49516982760427913,True,ok
51.476945584098566,LIDAR,0.0036094733904756815,,0.012777095117136733,True,ok
51.48530196440919,LIDAR,-0.04755491315166038,,2.221132772139151,True,ok
51.488861704547034,FLOW,-0.054485725612491875,0.004933590139399334,1.242190640047441,True,ok
51.49341162646678,FLOW,-0.020214277846889894,0.02196502452345562,0.3967176224502631,True,ok
51.50077804302565,LIDAR,-0.02551265735769004,,0.6331811946473868,True,ok
51.5104382475235,BARO,0.5682278884660814,,2.63305199967239,True,ok
51.512068304906606,LIDAR,0.006115761988225721,,0.036337626102882624,True,ok
51.515263992776624,LIDAR,-0.0034270916221972314,,0.011538303782939238,True,ok
51.52544466043967,FLOW,0.058607661315275617,-0.04111808273983048,2.1371062865759987,True,ok
51.532942691113725,FLOW,-0.05879408082991616,0.015796146702544624,1.6361122908837957,True,ok
51.53306471005483,LIDAR,-0.006104766230006664,,0.03613232056079629,True,ok
51.54420568503878,LIDAR,0.0006200121748465293,,0.000372505203680103,True,ok
51.54674144813468,LIDAR,-0.034671592582921296,,1.1797538081923746,True,ok
51.553978880538,FLOW,-0.0042315954855402516,0.10893401108859406,5.137602821302461,True,ok
51.564175715758466,LIDAR,-0.03065084794511952,,0.9105850399401754,True,ok
51.565888539288295,BARO,0.023951236017922817,,0.004678464791217699,True,ok
51.570208349668775,LIDAR,0.030440178342647783,,0.9048436207573839,True,ok
51.578914797645204,FLOW,0.09724431423683555,0.06504343458732763,5.764872601722557,True,ok
51.58296281571639,LIDAR,-0.024604959953315575,,0.5886019510981715,True,ok
51.588813963473065,LIDAR,-0.010535172827993655,,0.10866553780330807,True,ok
51.59575036665115,FLOW,-0.047806281367782255,-0.03739434287301334,1.5766422121959274,True,ok
51.59880064895215,LIDAR,0.0018771554281511449,,0.003447651270516666,True,ok
51.603304215332344,BARO,-0.036771896118170666,,0.011027858964721159,True,ok
51.61216239635744,LIDAR,-0.033883048445339625,,1.1170443846259333,True,ok
51.61238481318847,FLOW,-0.044770211651318226,0.009015214967723638,0.9014392603050829,True,ok
51.619983968843584,LIDAR,-0.02743277611364725,,0.7350425184483584,True,ok
51.629486905545726,BARO,-0.46157194916375954,,1.7374241630111507,True,ok
51.63444907448037,LIDAR,0.026953102594392764,,0.7046629599439741,True,ok
51.63494330260739,FLOW,0.08503895438854386,-0.004453688150755791,3.08208764931968,True,ok
51.63833552762463,LIDAR,-0.0045911228910395785,,0.020660282459173035,True,ok
51.63959689212543,CAMERA,-0.03720313599072966,0.12962820503803812,1.1433926844976332,True,ok
51.648999263495156,LIDAR,-0.009893760156572284,,0.0957630828073116,True,ok
51.65177461443904,CAMERA,0.3591591002364183,-0.07612742481443666,8.62970056310205,True,ok
51.660392211213974,LIDAR,-0.012227929362943257,,0.14589129840953108,True,ok
51.66848132117431,FLOW,-0.012773435950075351,-0.05073458147426163,1.1051039962027858,True,ok
51.67372672829429,LIDAR,0.0021086234011247207,,0.004316137295491065,True,ok
51.683008793903376,BARO,-0.2195014892994831,,0.3929029288935373,True,ok
51.68418452412669,LIDAR,0.04717168960843665,,2.1609285551838338,True,ok
51.68455601109716,FLOW,0.008094932479718153,0.03261082377128621,0.47459310756304807,True,ok
51.685853481482674,LIDAR,0.00713957822179756,,0.050175354359172995,True,ok
51.69184648586146,FLOW,-0.024410886710722002,0.020594240863767516,0.45295084012139275,True,ok
51.699758264242156,LIDAR,0.05744661728115963,,3.223952072208952,True,ok
51.70858803829885,LIDAR,0.006541384723411259,,0.04186521439760224,True,ok
51.71351497271508,FLOW,-0.025654230276476786,0.005532143121584364,0.29884058134341207,True,ok
51.71497171495653,BARO,0.4906349614907173,,1.9632064170695636,True,ok
51.716885269572046,LIDAR,-0.012733031217396995,,0.15896497309105934,True,ok
51.72737304026963,LIDAR,-0.01787008423467018,,0.3125747723288465,True,ok
51.74131746682481,LIDAR,0.03303127817970175,,1.0608715502967911,True,ok
51.74889978365092,LIDAR,-0.0365479820080834,,1.3044327781063725,True,ok
51.749985275878025,FLOW,-0.0013941378574543473,-0.01934089812091218,0.1519662299711594,True,ok
51.75542545798706,LIDAR,-0.018724542188874427,,0.34412214924441614,True,ok
51.76544523236498,FLOW,-0.021963412650774172,-0.024328286168665492,0.4526176905617202,True,ok
51.76775102991038,BARO,0.13209258978292038,,0.14229274983749587,True,ok
51.76974919645876,LIDAR,0.005831001818951798,,0.033119126505488386,True,ok
51.776991448167045,LIDAR,-0.0019721696924919208,,0.003805646308889407,True,ok
51.78029731379594,FLOW,-0.006312528105133719,-0.010243435287297223,0.06251550414842227,True,ok
51.78984838328643,LIDAR,-0.05319462877725467,,2.7551108695729827,True,ok
51.79601188474334,FLOW,0.004590254631362034,0.036419452901940035,0.5873645167069605,True,ok
51.79972564556018,LIDAR,-0.017319194881033173,,0.2922171692764805,True,ok
51.80549783027263,LIDAR,-0.04928687509130647,,2.3823932873221594,True,ok
51.809154478674934,BARO,0.09323965154334823,,0.07090416024395338,True,ok
51.81622614485882,LIDAR,-0.0002324657272705366,,5.289287585910423e-05,True,ok
51.82520408951943,FLOW,0.018127423351836758,-0.03760905621746743,0.7253845585992592,True,ok
51.828742959085446,CAMERA,-0.1971886161917169,-0.1514275022062849,3.90591979513915,True,ok
51.82966061808509,LIDAR,-0.00034368921963157106,,0.00011493849498329746,True,ok
51.83008828638978,BARO,0.2764199346632821,,0.6231664473134456,True,ok
51.84473706148529,LIDAR,0.055266692399468464,,2.9507455721711313,True,ok
51.848516394662994,FLOW,0.004821436789677558,-0.05748089775420656,1.3832866482358888,True,ok
51.853634175982435,LIDAR,-0.0052855288683084645,,0.02708802714349716,True,ok
51.8591695312213,LIDAR,0.023729351595148884,,0.5503770345569331,True,ok
51.86596299909582,LIDAR,0.015876706780596717,,0.24748816371469387,True,ok
51.869703417224834,FLOW,0.011487439746252048,0.046752982527733446,0.9706707291329567,True,ok
51.87332134753138,BARO,-0.16185995493023042,,0.21366467162678537,True,ok
51.87543860485339,LIDAR,-0.029050189293201356,,0.8283188242708142,True,ok
51.88622596277766,LIDAR,-0.028302316516003234,,0.7843794074247402,True,ok
51.88862750333345,FLOW,0.01290531849518417,-0.0421590572021618,0.8232500360293752,True,ok
51.89821710205656,LIDAR,0.0017908664613282,,0.0031288414088719648,True,ok
51.908120222107,LIDAR,0.04084298126477126,,1.6276237314296038,True,ok
51.90947515799685,FLOW,0.0025410984326720842,0.04519084903548812,0.8677875235547058,True,ok
51.91002847372196,BARO,0.2879241642823418,,0.6761162206455883,True,ok
51.91545328219562,LIDAR,-0.02028790900450872,,0.40325566871550284,True,ok
51.91993737168603,FLOW,-0.11823567583735933,-0.017963995247327946,6.3025881061580655,True,ok
51.92563435403312,CAMERA,0.0885119734947466,-0.2614299184005231,4.800631986175878,True,ok
51.93337286496054,FLOW,-0.0005599484732917159,-0.047757367475601296,1.0158178293616478,True,ok
51.934505070870195,LIDAR,-0.0024781119536307905,,0.005928835533651157,True,ok
51.94273225581536,LIDAR,0.035868401572492825,,1.2481101602443911,True,ok
51.95496786519311,LIDAR,-0.0080906478135363,,0.06335577913178628,True,ok
51.95773721282014,BARO,-0.410713603873327,,1.3756754184896227,True,ok
51.962347371251276,LIDAR,-0.01067408014750404,,0.11090943730769401,True,ok
51.96460868184799,FLOW,0.005246232368916137,0.01747843702074245,0.13946508597694685,True,ok
51.96772605770332,LIDAR,-0.05139707722290865,,2.5906996671927844,True,ok
51.97076314539564,FLOW,-0.051162392017167435,0.04425802051548728,2.036710397371627,True,ok
51.97672398119807,LIDAR,0.032162382542798795,,1.0149916509405577,True,ok
51.98733836984496,BARO,-0.2324699536171133,,0.44072542043330937,True,ok
51.994398175869264,LIDAR,0.04916118446166351,,2.3415759155101794,True,ok
52.00117541566154,LIDAR,0.00012905655540595973,,1.6239177594708797e-05,True,ok
52.00199022613738,FLOW,0.009228244332748048,-0.015391440840459424,0.1349670168224652,True,ok
52.0050139217309,LIDAR,0.029077948604502968,,0.8321869357214221,True,ok
52.01623554514375,LIDAR,0.04703232198483276,,2.1695593901292063,True,ok
52.023497063180436,BARO,0.04004341723967508,,0.013077165348391605,True,ok
52.024838133472215,FLOW,-0.0046601147435656465,-0.019179639496876323,0.16300185016421986,True,ok
52.02982800872156,CAMERA,0.0794269789637454,0.32975201987101055,7.2297269297616005,True,ok
52.03058408523466,LIDAR,0.004253357985371409,,0.017610875743836765,True,ok
52.037813940217525,LIDAR,0.007845802056686502,,0.06020113498583374,True,ok
52.03986061890865,FLOW,-0.035063456208760946,0.004484335246541467,0.5379945149898259,True,ok
52.050914404098904,FLOW,0.029554051197124953,0.023183113285926003,0.6261756952173776,True,ok
52.05308323802917,LIDAR,0.027706035204063895,,0.7443484613207051,True,ok
52.058325996135764,LIDAR,-0.00839777572057887,,0.06896509721879177,True,ok
52.065441398009135,LIDAR,-0.027592275850836234,,0.7474238637895219,True,ok
52.07285836372501,BARO,0.3388538405788437,,0.9364360069978798,True,ok
52.07637200266812,FLOW,0.0028476809667883907,0.0036888400685593514,0.009280944304033208,True,ok
52.08463041559609,LIDAR,-0.05863706679997849,,3.324847649999134,True,ok
52.086355525340224,LIDAR,-0.021954920607712758,,0.47286181462375,True,ok
52.09494887306393,CAMERA,0.04099628823551171,0.13336945396817762,1.2280137457004041,True,ok
52.0998746908283,LIDAR,0.02070767422792663,,0.41798316294696214,True,ok
52.10487338858455,FLOW,0.03616820809473975,-0.01749315536020326,0.6670389633159601,True,ok
52.10997211585624,BARO,0.0677693769539025,,0.03745284760047355,True,ok
52.11474483031763,LIDAR,-0.01763330879113223,,0.30091634525643385,True,ok
52.121293507927255,LIDAR,0.03783336487588773,,1.3948340680097018,True,ok
52.12318537469868,FLOW,-0.021370847071416788,-0.026763444577406433,0.4951968446140136,True,ok
52.13009900944925,LIDAR,0.0007046290368570851,,0.0004848201201709965,True,ok
52.134927173974816,FLOW,0.01051930713197019,0.036357368867752066,0.6272238123061752,True,ok
52.13985072145412,LIDAR,0.028232396601096887,,0.7784742528955301,True,ok
52.143658680519906,BARO,-0.04497479554773376,,0.01649666624594636,True,ok
52.15183225019127,LIDAR,-0.05678898159224621,,3.1399393161730886,True,ok
52.16371424932945,LIDAR,-0.018223947156760456,,0.3225520259885355,True,ok
52.1682928996934,FLOW,-0.00372314169796073,0.024318567154542566,0.2488585657450254,True,ok
52.173424546095376,LIDAR,0.0036263984530569005,,0.012789272909424337,True,ok
52.18071314846968,LIDAR,-0.01846311025206182,,0.33309546493256853,True,ok
52.18251315494643,CAMERA,0.00852646843910776,-0.03474752619485447,0.08097430736832892,True,ok
52.18639560188822,LIDAR,-0.0031904022779447594,,0.010007945176297816,True,ok
52.18756951756736,FLOW,0.04840516019190494,-0.021439544779247227,1.1756508855881755,True,ok
52.197608225611155,FLOW,-0.0814546674069993,-0.022645840000362794,3.140024572742313,True,ok
52.20078366060099,LIDAR,-0.008881621933729988,,0.07693407477272624,True,ok
52.20761833362919,BARO,0.48794982377895213,,1.9417249116941155,True,ok
52.20907753188326,LIDAR,-0.018711778451890204,,0.3424242649170293,True,ok
52.220352181897724,LIDAR,0.03955221720230151,,1.5262608132694706,True,ok
52.22282207699173,BARO,0.31165856757870314,,0.7921730518791307,True,ok
52.22409061076946,FLOW,0.0001742309297587119,0.024331853075111168,0.2505781142850122,True,ok
52.22748219478558,LIDAR,0.016409929069681528,,0.2638935699234924,True,ok
52.23562280321221,LIDAR,0.03917991602723481,,1.5072490879601976,True,ok
52.24318567832236,FLOW,-0.061715783481216924,0.010369213259212792,1.6719804183916906,True,ok
52.2530427541204,FLOW,0.02978405415554508,-0.015266944318131116,0.49735382991225596,True,ok
52.25489931037322,LIDAR,-0.0009039340974350552,,0.0007900326775041737,True,ok
52.259397527868515,LIDAR,0.0027386082068940887,,0.007325990362182553,True,ok
52.26299950795411,BARO,-0.5515856949769826,,2.481334168108133,True,ok
52.266687417148944,LIDAR,0.05372363775874378,,2.8304649177966255,True,ok
52.278253137013664,LIDAR,-0.00839862716222095,,0.06894172104924637,True,ok
52.28866836214895,FLOW,0.0005460220739462174,0.019456899163870008,0.15597897112892511,True,ok
52.29118556391106,LIDAR,-0.023890671044884737,,0.555167215291401,True,ok
52.298185062652614,FLOW,0.04028264907817325,-0.010018271815939547,0.7510762189030185,True,ok
52.30263423744683,LIDAR,0.03298595973729279,,1.056608825255282,True,ok
52.30580340262717,LIDAR,0.05756238812499559,,3.2540900221420017,True,ok
52.316734964090486,FLOW,0.030577471201983675,-0.0404094358362983,1.1172249166929984,True,ok
52.318231576817205,BARO,-0.17988470002479184,,0.2638855247331666,True,ok
52.32453497340682,LIDAR,-0.06477761348957278,,4.061853071788861,True,ok
52.32853476740255,LIDAR,0.025605777877209412,,0.6415104986485999,True,ok
52.33614754451503,CAMERA,-0.008721669602756776,-0.02957154502173731,0.05975290517888324,True,ok
52.33796620609643,LIDAR,-0.006862110000965149,,0.04608658363971045,True,ok
52.348657014287184,FLOW,-0.05311203778102219,-0.04953753096648944,2.1749313133042643,True,ok
52.349920015655066,BARO,0.3484826539681487,,0.9903343855473972,True,ok
52.350360903122215,FLOW,0.03115931344666184,0.09268963362426651,4.300278246289753,True,ok
52.3544725603935,LIDAR,-0.06289362600899517,,3.8312506524840524,True,ok
52.36185748985562,LIDAR,0.03181323952154225,,0.9856185394488649,True,ok
52.366416185618284,LIDAR,-0.056593357034780745,,3.145946749468963,True,ok
52.381007441981424,LIDAR,0.020049637802276532,,0.3916098392232572,True,ok
52.38637971945325,FLOW,-0.014329856309549027,0.06923978976371553,2.067089456463823,True,ok
52.39103834528037,LIDAR,0.033911702836964874,,1.12057495689871,True,ok
52.39832069381924,FLOW,-0.03676455109969451,-0.035037637058363116,1.1171250106871211,True,ok
52.399267669566676,LIDAR,0.007406023759574776,,0.05360227984583948,True,ok
52.40928908472441,BARO,-0.36430268162621293,,1.0823072011357655,True,ok
52.41463458995088,LIDAR,-0.011939258425280652,,0.13813803521681545,True,ok
52.41664029309432,FLOW,-0.030670673365714385,0.006888829573376453,0.4282893483684819,True,ok
52.422549982983675,LIDAR,-0.018870078889108743,,0.34663509577454554,True,ok
52.42857098093907,CAMERA,0.007324509696417181,0.12163978379201343,0.9348027087885953,True,ok
52.42857893061023,LIDAR,-0.02265616035361706,,0.5029211691243675,True,ok
52.43899788175642,BARO,0.22930153738340575,,0.4287904577537791,True,ok
52.44419087727918,LIDAR,-0.05045704956118646,,2.471477903811369,True,ok
52.44576276968693,LIDAR,-0.05170400740376513,,2.631046614315027,True,ok
52.44998373734311,FLOW,0.059562343280835706,-0.04513678792077628,2.2808714806080808,True,ok
52.45975514570243,LIDAR,0.02154669562258338,,0.4534295707509583,True,ok
52.46723999115963,FLOW,0.040605210641707246,0.054536754487973016,1.9490145957061367,True,ok
52.471957145762914,LIDAR,0.02169252681007361,,0.45794916414848397,True,ok
52.47413914888692,BARO,0.45192217744377494,,1.6656497538544361,True,ok
52.4788595196031,LIDAR,-0.021888633045496597,,0.46874305744815126,True,ok
52.48572935081829,LIDAR,0.02685495039178054,,0.7085304270303101,True,ok
52.48789167730624,FLOW,0.05581621470054837,0.0532400621480991,2.5193208645490883,True,ok
52.50056891445681,LIDAR,0.014149509242659342,,0.1949972998300375,True,ok
52.50172813176176,FLOW,0.03859576343831567,0.0156885547819089,0.7561108050016296,True,ok
52.51417664028384,LIDAR,0.013693694353014596,,0.18168638988696015,True,ok
52.5161010951063,LIDAR,-0.03268210018913065,,1.049114214879517,True,ok
52.522994988631055,CAMERA,-0.09722011705662226,-0.1452061497498931,1.9276730063580239,True,ok
52.52644816596797,FLOW,-0.10280216456612323,0.023257025977293247,4.713249104946078,True,ok
52.52674628646415,BARO,0.02128123090446543,,0.003693437183796317,True,ok
52.528213744005946,LIDAR,0.020023321531264848,,0.3920882912728462,True,ok
52.530744110633385,FLOW,-0.0077149094711231325,-0.03520109141208791,0.5876524368829239,True,ok
52.539958590614354,LIDAR,0.04741391258093497,,2.1916334388021754,True,ok
52.55044603301412,LIDAR,-0.019205476162358792,,0.3593701009949628,True,ok
52.55335594841822,BARO,0.3568365969180096,,1.0384712207659066,True,ok
52.559665283247064,FLOW,0.017897059815020433,0.0745716598439128,2.5122844865360223,True,ok
52.56459559412529,LIDAR,-0.00940976202076449,,0.08575188953403134,True,ok
52.5730217143662,LIDAR,0.01683758782726663,,0.27563223135368475,True,ok
52.57586623758642,LIDAR,0.04654057912214604,,2.1302521857973207,True,ok
52.586918213742834,FLOW,0.08183451666749475,-0.007331298569435542,2.8104143491786258,True,ok
52.59198918329606,FLOW,-0.05893938654562658,-0.027811417165838313,1.8967651150424254,True,ok
52.59300050476914,LIDAR,-0.059185953742420416,,3.4028645330575467,True,ok
52.59528433630979,CAMERA,-0.09186554260908508,-0.02452807659671241,0.5764357164537238,True,ok
52.59905822219329,BARO,0.2949770743288225,,0.7095887604045124,True,ok
52.60033275371967,LIDAR,0.007552546818287986,,0.05569039647009637,True,ok
52.61122922302037,LIDAR,0.012339244895737789,,0.14842800495233946,True,ok
52.61741638239738,LIDAR,0.009896059769094023,,0.09603628640834341,True,ok
52.62178281236193,BARO,-0.6135608303893532,,3.0703060053251847,True,ok
52.62602406181889,LIDAR,-0.015171854431799137,,0.22600400435542944,True,ok
52.62687366062458,FLOW,-0.05380231607796204,-0.038032698182002334,1.7973790264257787,True,ok
52.63938834133159,LIDAR,0.03496860575821836,,1.1930427384762232,True,ok
52.64057777729828,FLOW,0.05246169738329043,0.001964574979878355,1.1876225515404575,True,ok
52.65220949623654,LIDAR,-0.04253241648509576,,1.757351262579689,True,ok
52.65991037059386,LIDAR,0.021539754299360947,,0.4526754509185975,True,ok
52.668884673653835,FLOW,-0.047674889969970324,-0.054366790726660175,2.175704655163024,True,ok
52.67000136082147,LIDAR,0.0113093167122984,,0.12476985113781894,True,ok
52.67889416969196,LIDAR,-0.019487393712118273,,0.37109035881242625,True,ok
52.68029570145698,BARO,0.6120623832636385,,3.055367406151132,True,ok
52.68149696844577,FLOW,-0.004839993330800096,-0.027504831119055547,0.3381358217425967,True,ok
52.6885053807058,LIDAR,-0.0017875452293885097,,0.0031235530532482078,True,ok
52.691346304087645,FLOW,-0.0332214812920964,-0.0379366776728836,1.1402345106811347,True,ok
52.69804002399826,LIDAR,-0.005508580404502528,,0.029672313233999457,True,ok
52.711465078049365,FLOW,0.00953116036203333,0.053344854702420105,1.2899941643200956,True,ok
52.712568382995,LIDAR,0.024546353410827226,,0.5848553962179066,True,ok
52.71530506083568,LIDAR,-0.0008818902412790486,,0.0007640484668849327,True,ok
52.720306176148576,BARO,-0.17952476566207243,,0.26285542018953806,True,ok
52.72827268999456,LIDAR,-0.026157358476837533,,0.6683477115113123,True,ok
52.73419441514907,FLOW,0.06878581781340709,-0.001336007413109689,2.035126277501389,True,ok
52.74441591821891,CAMERA,0.005642187126397857,0.17935638848531146,2.0266433397733956,True,ok
52.744981950567734,LIDAR,0.0026539109831582586,,0.006807848003316404,True,ok
52.745792390286724,LIDAR,-0.007195597086720351,,0.05084571297777549,True,ok
52.74760585844871,BARO,-0.2132244776409986,,0.3708156176131577,True,ok
52.75400897231529,FLOW,-0.0022512419185752863,0.011256462782704053,0.056581070674154,True,ok
52.75578752140688,LIDAR,-0.012050154899884813,,0.14243269285119747,True,ok
52.76565664334685,LIDAR,0.004363573250959263,,0.018661374222975032,True,ok
52.77738225273809,LIDAR,0.010952407120024432,,0.11715438930312419,True,ok
52.78687478463912,FLOW,0.015685649845186722,0.01332913306830935,0.17309546350979077,True,ok
52.79220413572772,LIDAR,-0.0017378298608683451,,0.002927207798978147,True,ok
52.80192688059563,BARO,-0.03366162751249968,,0.009240036145026559,True,ok
52.80219892159898,LIDAR,-0.010341346672698037,,0.10380418928321838,True,ok
52.806467533773564,LIDAR,0.01750368225250476,,0.3002890485189554,True,ok
52.80734392386913,FLOW,-0.010243425043770404,-0.01747418791506014,0.17106007811932802,True,ok
52.81952406379132,LIDAR,0.048354521745615386,,2.279062478914936,True,ok
52.81957534683375,FLOW,-0.007916640372847339,-0.029445733832945603,0.40463785435109323,True,ok
52.82847167729713,CAMERA,-0.17003066766010733,0.1869449000294546,4.053637997396901,True,ok
52.82925942337938,LIDAR,-0.05771808272633905,,3.2490378449397244,True,ok
52.82996724647037,BARO,0.05000007582164123,,0.020389736561901708,True,ok
52.84086456090637,LIDAR,-0.035698434502662746,,1.240040980379176,True,ok
52.8452905232731,FLOW,0.027405743927064186,0.005881521872356521,0.33183610389705176,True,ok
52.84669189478845,LIDAR,-0.006561105903780451,,0.04217582636924658,True,ok
52.85107617237654,FLOW,0.05551518387734372,-0.016018128032545376,1.49921718894305,True,ok
52.863531135912375,LIDAR,-0.0055390782433133445,,0.029723352861410462,True,ok
52.87214257338919,LIDAR,0.013155004761694844,,0.16824295121346663,True,ok
52.87822259570188,BARO,-1.1064575484994499,,9.9839383047169,False,gate
52.884244932944114,LIDAR,0.00987995694515309,,0.09465949812907054,True,ok
52.88481788409359,FLOW,-0.06632918317067632,0.016666913727751784,1.9537871021579527,True,ok
52.891465683363606,LIDAR,0.017243733922392757,,0.2899232337278177,True,ok
52.896721951180915,FLOW,-0.03814574565702772,-0.07330870055297016,2.977579926098688,True,ok
52.899919165271534,LIDAR,-0.030301703110329647,,0.8974821855408084,True,ok
52.9049023057522,BARO,0.01281884490538232,,0.0013401442205413262,True,ok
52.91188600637434,FLOW,-0.01412093726966318,0.025052755600109465,0.36440202205818234,True,ok
52.91425825963873,LIDAR,0.00976460132506185,,0.0925588168385456,True,ok
52.924045478856065,LIDAR,0.03648911865460969,,1.294216589836745,True,ok
52.932702937295666,CAMERA,0.07201782735147333,0.02801083751064426,0.37955502861572454,True,ok
52.93311708609355,LIDAR,0.009258381762986989,,0.08349918123698939,True,ok
52.94119782568056,LIDAR,0.026299823600683503,,0.6759524265539308,True,ok
52.94907002154999,LIDAR,-0.009012197014832246,,0.07960286080775407,True,ok
52.94960769144893,FLOW,0.013136370745443549,-0.02703694265356494,0.36820751847240113,True,ok
52.96302255889399,LIDAR,0.02050025126961108,,0.4090715648988931,True,ok
52.96778575703584,BARO,-0.02590090453411653,,0.005471077555885579,True,ok
52.96966593049384,LIDAR,0.03318322890398662,,1.0778929812960343,True,ok
52.969894868643834,FLOW,-0.003260667122091776,0.08174380524459549,2.792901709591179,True,ok
52.971210603542985,FLOW,0.03987946026830119,-0.03539517795675394,1.2914983827322293,True,ok
52.980374877973546,LIDAR,0.015735255829254946,,0.24195711520009544,True,ok
52.98656526630822,BARO,-0.044750745910110634,,0.016332291303449615,True,ok
52.990086004913294,LIDAR,-0.0381127635505627,,1.419811837587408,True,ok
53.0007615933497,LIDAR,-0.009538551468055267,,0.0888075365571975,True,ok
53.00264123836427,FLOW,0.051590773980651095,0.03579044707934374,1.6723336282173937,True,ok
53.01048138323751,LIDAR,0.004800762446503626,,0.02250333556370663,True,ok
53.01782254454428,FLOW,0.054655389338151394,-0.00808722988649619,1.3258594859877106,True,ok
53.02185728758969,LIDAR,-0.05200892393594403,,2.635127629751231,True,ok
53.02941983994234,CAMERA,0.21186606870767832,0.06588705687480353,3.132537353149075,True,ok
53.034816556997676,LIDAR,-0.0193229054077122,,0.3621955998383847,True,ok
53.04183277178754,LIDAR,0.028678018623315538,,0.8023538287083403,True,ok
53.0426264987271,BARO,0.2135047304447566,,0.37177974213247705,True,ok
53.04640504780464,LIDAR,0.01688506312301863,,0.2804620273623661,True,ok
53.04837769378779,FLOW,0.009074425518200313,-0.05008816483877483,1.074237157166562,True,ok
53.057837105666266,LIDAR,-0.02887758336820001,,0.8172911349649221,True,ok
53.06644398166594,FLOW,-0.06088485846793801,-0.0077489697335254015,1.5979837498978169,True,ok
53.06653483137224,LIDAR,-0.03449411410977277,,1.1673903245901958,True,ok
53.068619649206695,BARO,-0.3770345784440068,,1.159423904967998,True,ok
53.084293090490554,LIDAR,0.010361516404932658,,0.10399271513637495,True,ok
53.08706304257483,LIDAR,0.023410165918782866,,0.5374797250492512,True,ok
53.08955155552168,FLOW,0.0006673658565608531,0.023695884457124172,0.23668681293873547,True,ok
53.09890412926916,FLOW,-0.018004757714629283,-0.0220310696681827,0.3582608356256026,True,ok
53.103327449563395,LIDAR,0.05471402432304551,,2.9051500310073033,True,ok
53.10919354020395,LIDAR,-0.002197884921009585,,0.0047224861794430105,True,ok
53.11026076655526,FLOW,-0.0001678547977425615,-0.003009466314611728,0.0041053419186351196,True,ok
53.12254421264221,LIDAR,0.0058444604080847284,,0.03320916353114374,True,ok
53.12258437454593,BARO,-0.35265230490006716,,1.0142815246318972,True,ok
53.128119613620036,CAMERA,0.05042151013597618,0.028128014183476546,0.2117645468560836,True,ok
53.13048441322864,LIDAR,-0.008135422499351286,,0.06459994104074444,True,ok
53.13109251762518,FLOW,-0.032124311061057065,-0.012980129471647825,0.5290959281304664,True,ok
53.14255325630404,LIDAR,-0.010831203543537615,,0.1141339467343244,True,ok
53.153642988100465,BARO,-0.6269894045211128,,3.2057313534459406,True,ok
53.15375943153707,LIDAR,0.014488863054769485,,0.20399621030001905,True,ok
53.15682089992245,FLOW,-0.020385269703018127,-0.009399211890406482,0.21476999424763932,True,ok
53.157232376317786,LIDAR,-0.031522633583801696,,0.9759620727903033,True,ok
53.1669747519567,LIDAR,0.04222334482992052,,1.7494807063347724,True,ok
53.174141032810745,FLOW,0.0076153863685420875,-0.016266430691462948,0.13935561923625725,True,ok
53.17863578150723,LIDAR,0.006482806943666208,,0.04109187540437764,True,ok
53.186139064625046,LIDAR,-0.024282244545555276,,0.5784385731456008,True,ok
53.19214946771038,BARO,0.029669300268151844,,0.007179155194765349,True,ok
53.20134814462847,LIDAR,0.008147140827739818,,0.06454079493332479,True,ok
53.20580854897736,FLOW,-0.019677512811847042,0.053109000166073644,1.3216839042827704,True,ok
53.21350728873176,LIDAR,-0.012011123014535663,,0.1399047715548723,True,ok
53.21413153835696,FLOW,0.032454926661334205,0.04405303684985033,1.3147704742663007,True,ok
53.223570175591554,LIDAR,0.03504918691172154,,1.1925992566055805,True,ok
53.225629824774664,CAMERA,0.04224889483827354,-0.03805343740582848,0.20562664350640597,True,ok
53.22928719101375,LIDAR,-0.010300981564416833,,0.10378858428712079,True,ok
53.23172617000421,FLOW,0.0457735764019816,0.010155283151983673,0.9653637630381351,True,ok
53.23597228754137,BARO,0.2757068082623868,,0.6199284086224094,True,ok
53.2443499841634,LIDAR,0.014967215366727515,,0.21734626899125215,True,ok
53.2490386516614,LIDAR,0.00867097750444934,,0.0736194386404062,True,ok
53.26257211561708,FLOW,-0.049421394371681415,0.004266595976328251,1.0272610499766515,True,ok
53.26450161096755,LIDAR,0.03243202911006238,,1.0206680662587841,True,ok
53.26865440383991,LIDAR,-0.03484572545704667,,1.1900317449425095,True,ok
53.272889991048274,FLOW,0.06583325287855069,0.016285650270751333,2.019127390366588,True,ok
53.2779750717735,BARO,0.3018190025374583,,0.7429014878753192,True,ok
53.2807243122009,LIDAR,-0.04277235607191754,,1.7860574825604651,True,ok
53.287252120511695,LIDAR,-0.003121165403550119,,0.009559243965830327,True,ok
53.296148451784134,FLOW,-0.02543377566250432,-0.03690659421685645,0.8621050365349697,True,ok
53.301236239778106,LIDAR,-0.01724236280109359,,0.2896535803371834,True,ok
53.30824130865272,BARO,-0.0895545559160591,,0.06540468005343626,True,ok
53.31050372080199,LIDAR,3.1918496602223456e-05,,9.94071870836677e-07,True,ok
53.313591308881115,FLOW,0.012107563238213326,-0.024245899741861497,0.3183227625340322,True,ok
53.32395219859748,LIDAR,0.002251293497761875,,0.004919185066414885,True,ok
53.32857901348463,LIDAR,-0.00487005013171693,,0.023232068847995457,True,ok
53.33008978576796,CAMERA,0.028639341001515106,0.18169181689005354,2.136283347806799,True,ok
53.335508377441315,FLOW,-0.03735611131639138,0.0066617491011648,0.6171206189759915,True,ok
53.339601670062095,LIDAR,0.05553776949789935,,3.0143209811696225,True,ok
53.34729491378124,LIDAR,-0.041083511331353684,,1.6546931574643222,True,ok
53.3528819502023,FLOW,0.0016925419648932682,-0.05444457167683153,1.2860093114613145,True,ok
53.36316938398123,LIDAR,-0.06462844131744205,,4.054506531674533,True,ok
53.366734746482294,BARO,-0.7141273690369012,,4.159039719602369,True,ok
53.37205693890559,LIDAR,0.030427384606131813,,0.9012352941181759,True,ok
53.37299686809677,FLOW,0.05056624775036944,0.011608674381829491,1.1610453746504057,True,ok
53.375741090376415,LIDAR,-0.0022156704112936687,,0.004826745276137908,True,ok
53.388387873124735,LIDAR,-0.022419463994094446,,0.49149844275715193,True,ok
53.391899470278716,CAMERA,0.0667444615763344,-0.3101313829424892,6.38322958758399,True,ok
53.40082468883621,LIDAR,0.02886803935066773,,0.8115203677675927,True,ok
53.408538949406974,FLOW,-0.03231293096433019,0.043538698813697575,1.193401303415814,True,ok
53.40955826065881,BARO,-0.4528574263695757,,1.6724204844000405,True,ok
53.41076650708032,FLOW,-0.0120815345362012,0.05066994549930107,1.2115613928127222,True,ok
53.41200002014414,LIDAR,-0.039128633609037955,,1.4889578042906957,True,ok
53.421685105427656,LIDAR,0.011629629024126231,,0.13167469715813282,True,ok
53.4232311547207,BARO,0.49922943124346153,,2.032643749574807,True,ok
53.4288582399128,LIDAR,0.021532599085974713,,0.45357598603758237,True,ok
53.437874888966014,FLOW,0.06014165090454954,0.024416944827953084,1.800519710409185,True,ok
53.44496253543373,LIDAR,-0.03655727544873999,,1.2945641289742018,True,ok
53.45014133697556,LIDAR,-0.016360922372816056,,0.26158009245208863,True,ok
53.45597030013656,CAMERA,-0.08375682871868406,-0.19386909904446797,2.8345842008912827,True,ok
53.459256172236046,LIDAR,0.017796073844166482,,0.30980031335976005,True,ok
53.460351921542376,FLOW,-0.03440344465844547,0.0009367559198596919,0.5025023128529663,True,ok
53.46267229718722,BARO,0.03435499846043344,,0.009625964257343944,True,ok
53.47332586823173,LIDAR,0.027763957770163827,,0.7490746463150096,True,ok
53.47764318907694,FLOW,-0.029739746228909292,-0.00734057439268118,0.40488378079052234,True,ok
53.48411635820992,LIDAR,0.024372006510144928,,0.5769731372267802,True,ok
53.492732674245474,LIDAR,0.01811776886730998,,0.31979818757042133,True,ok
53.49467323168271,FLOW,-0.003629139354815014,-0.06691664304421256,1.958219882624587,True,ok
53.495906598851896,LIDAR,0.03351193455925916,,1.1057509701125015,True,ok
53.50763492040882,LIDAR,0.0009584066836976213,,0.0009004985159930273,True,ok
53.51633213253469,FLOW,-0.06177431728737515,0.04258476479155164,2.426130624631886,True,ok
53.52085346655371,BARO,-0.10001051450986642,,0.08156593239697732,True,ok
53.52164978706311,LIDAR,-0.00484617255639197,,0.022865610591608337,True,ok
53.52753161874129,LIDAR,-0.03997295084505703,,1.5660353944662229,True,ok
53.53019978033319,FLOW,0.09674783535826192,-0.07327981424591017,6.491067876060368,True,ok
53.543055077852834,LIDAR,0.03567697441242812,,1.2359702781075077,True,ok
53.55262602123245,LIDAR,0.00777846941493987,,0.058844559276498044,True,ok
53.56415568448581,LIDAR,0.0148125974672082,,0.21302374058143206,True,ok
53.56563769213493,FLOW,0.03896229568020487,0.04874265820049126,1.602574654857544,True,ok
53.565929989966314,BARO,0.44631885992317244,,1.624584733063911,True,ok
53.57200071953166,FLOW,-0.048037069402910526,-0.04817496424278913,2.049938164773109,True,ok
53.57253261758538,LIDAR,-0.09362978487335916,,8.541533923976864,True,ok
53.57990415938408,LIDAR,-0.05477803707268514,,2.9360561492153576,True,ok
53.58706427590513,LIDAR,0.01431027611133251,,0.20112293843460752,True,ok
53.59164287322648,BARO,0.010285410674598872,,0.00086280546173758,True,ok
53.59646169878251,LIDAR,0.029866686727747727,,0.8758476177076697,True,ok
53.60685621554067,FLOW,0.04875221162384458,-0.07038125546513473,3.0236515938826836,True,ok
53.608896323955975,LIDAR,0.008995628436331504,,0.07906574319922463,True,ok
53.61978591771725,LIDAR,0.009808351590993247,,0.09384251716027438,True,ok
53.62340929501644,CAMERA,0.12648499105358013,-0.11405286036156904,1.8435636420740407,True,ok
53.628034862850406,FLOW,-0.030328206065086405,0.08683830157507857,3.5444573242182984,True,ok
53.633586655861336,LIDAR,0.020371126840034837,,0.40245752476885194,True,ok
53.64049096980395,LIDAR,0.004734851476342339,,0.02187093072353031,True,ok
53.643171952873885,BARO,0.6836026853147339,,3.811255868603326,True,ok
53.645035945560686,FLOW,0.007492578937565886,-0.013153593857576348,0.09837900943695288,True,ok
53.65455223571884,LIDAR,-0.05595691118908919,,3.0360680595795957,True,ok
53.65953147319225,LIDAR,0.03804695182830775,,1.4161076751960535,True,ok
53.667135730603256,BARO,0.15517483418374223,,0.1963742719984186,True,ok
53.66831915569356,FLOW,-0.02581913926185847,-0.00656260553527516,0.301207190474913,True,ok
53.66891836211646,LIDAR,0.03961864809901883,,1.5363161099595988,True,ok
53.67823297103222,LIDAR,-0.034893306660076284,,1.1921861523435175,True,ok
53.688496430362385,FLOW,-0.03871210931943653,0.02674623990358348,0.9452256193156404,True,ok
53.69020035530653,LIDAR,-0.029091071552729275,,0.825613013132671,True,ok
53.69660404196171,LIDAR,0.0008279608414794026,,0.0006724202067776723,True,ok
53.70505561548916,FLOW,-0.037557771900711245,-0.01783623568613272,0.7504019107068232,True,ok
53.70919157077484,CAMERA,0.046089239885013455,-0.06834706802600925,0.4314996091153697,True,ok
53.713744739431796,LIDAR,0.07037024732189456,,4.799770734404453,True,ok
53.71556163031654,BARO,-0.24938162045128798,,0.5071960564696679,True,ok
53.72458960141808,LIDAR,-0.030713073606268626,,0.9143956873238518,True,ok
53.72618134608655,FLOW,-0.037874543305414454,-0.051129471815995885,1.7444598556160757,True,ok
53.72928652102113,LIDAR,-0.03478372951037256,,1.1838668836589579,True,ok
53.735560479562416,LIDAR,-0.007532691077221987,,0.055800980683503476,True,ok
53.740132711899086,FLOW,0.01734422091236887,-0.02764392729454327,0.46922369537240316,True,ok
53.74497989586525,BARO,0.04708780621065989,,0.01808274904065103,True,ok
53.7489864903033,LIDAR,0.07534038713969071,,5.545542852865643,True,ok
53.754734806057606,FLOW,0.03380095068255867,-0.02980396136065723,0.9056849193537758,True,ok
53.762427344398866,LIDAR,0.05399549433440276,,2.832700300519429,True,ok
53.76987387633869,LIDAR,-0.044761672200073654,,1.9558663014510873,True,ok
53.77848238845534,LIDAR,-0.03604204722603699,,1.2706058960084408,True,ok
53.78562628051682,FLOW,0.07277120415531274,-0.02689721032667402,2.5356678948242775,True,ok
53.7937435063165,LIDAR,-0.009834504666386579,,0.09379726865374592,True,ok
53.8040241082403,LIDAR,0.0128271491185723,,0.1596873871306093,True,ok
53.8061831218741,BARO,-0.1775213027296385,,0.2570098477789557,True,ok
53.80790282961717,FLOW,-0.03150771795120938,0.07375972299769633,2.714751380705002,True,ok
53.81147491398857,LIDAR,0.023009814400583917,,0.5164448560722354,True,ok
53.81616375466577,LIDAR,-0.018780901697386998,,0.3468383252906873,True,ok
53.817500974119525,CAMERA,0.015621606045769454,0.2056970509649649,2.6898039154500055,True,ok
53.81776511733533,FLOW,-0.07636562114421208,0.04440814960310106,3.458369778916402,True,ok
53.830493133559855,LIDAR,-0.013847320762260917,,0.1870414262196095,True,ok
53.83344983558726,BARO,0.1829149674036894,,0.2728709380508582,True,ok
53.84025486615671,LIDAR,-0.007726574219578897,,0.05826331645034883,True,ok
53.84352434716011,FLOW,-0.021021865392726657,-0.06271594057325477,1.8722467616184706,True,ok
53.85255685924231,LIDAR,0.0032143166564502224,,0.01004714663822652,True,ok
53.85720123635762,LIDAR,-0.001270905358580876,,0.0015845092229363146,True,ok
53.865895357290704,FLOW,0.00012666313609338564,-0.02295905300187815,0.2242448652796257,True,ok
53.87207124204918,LIDAR,0.06788289106450618,,4.482486579970587,True,ok
53.874370825915165,BARO,0.37224988065739595,,1.1301174726081873,True,ok
53.88137444612239,LIDAR,-0.03785029652784555,,1.3960287946426337,True,ok
53.885270151764374,FLOW,0.010392725068383735,0.02201976085220099,0.25450010162616815,True,ok
53.89373835990788,LIDAR,-0.006906162563216078,,0.04631897788556914,True,ok
53.89831496237677,LIDAR,-0.022333976803445843,,0.48886426419195633,True,ok
53.89922659456552,FLOW,0.01720292507857968,0.022870741214713892,0.36045024600238507,True,ok
53.912907908182156,BARO,0.25712358173366834,,0.5391291440532108,True,ok
53.91463963232823,LIDAR,-0.011546134941394115,,0.12930656927241874,True,ok
53.91854218456594,LIDAR,0.0012871243104588537,,0.0016237384546755637,True,ok
53.91969997960314,CAMERA,0.08286850026191672,0.10083250500400123,1.0792352916559504,True,ok
53.92059381453874,FLOW,-0.005291738071529661,-0.01699673365596068,0.13746214379788876,True,ok
53.93213453730753,LIDAR,0.014234842404793113,,0.19734668263888544,True,ok
53.93779466517598,FLOW,-0.02228026219880469,0.07091325372173725,2.416903509444282,True,ok
53.94366080996555,LIDAR,-0.07382877903212792,,5.29795523336478,True,ok
53.95260687882866,BARO,0.20511944103812896,,0.3431070108429184,True,ok
53.95390390052043,LIDAR,0.002778154687502088,,0.0075055387644052405,True,ok
53.95461256468383,FLOW,0.004896191787748194,-0.03758205580037301,0.6313696342078148,True,ok
53.9575738096165,LIDAR,-0.03903625171735392,,1.4970774079418407,True,ok
53.96596440705462,LIDAR,0.015091682638602055,,0.22400565287980817,True,ok
53.976053888933045,LIDAR,-0.0008156996624939516,,0.0006533156027854242,True,ok
53.98219228592021,FLOW,0.05502557585195178,-0.02383281419939371,1.52162633261419,True,ok
53.98303505260627,BARO,0.3805941963422703,,1.1813549615725552,True,ok
53.9918712623953,LIDAR,0.0019168090011065786,,0.0035718656534953386,True,ok
53.9986620728274,LIDAR,0.014109905895022035,,0.1946281429791684,True,ok
53.99971872177306,FLOW,0.015340339906208866,-0.04167783611216867,0.8501365573053888,True,ok
54.01385749469689,LIDAR,0.011338632670004678,,0.12463949570953738,True,ok
54.016946522593564,LIDAR,0.044154296063265264,,1.912430790353702,True,ok
54.0241603287703,FLOW,0.0031210650918152005,0.04174950438238105,0.7436371168029956,True,ok
54.03107156914128,LIDAR,-0.045847125657097365,,2.0468806808912445,True,ok
54.036072100837494,LIDAR,-0.07153773791870188,,5.023215104526233,True,ok
54.03735647756767,CAMERA,-0.043623529243205894,-0.06343212965857223,0.3748566446036381,True,ok
54.043144338558115,BARO,-0.17989532216908466,,0.26393338893092877,True,ok
54.044405755586105,FLOW,0.011055387042816556,0.06300665641470313,1.7445702971660955,True,ok
54.053747547188614,LIDAR,0.01872445847917925,,0.3397759359798419,True,ok
54.055695075304634,LIDAR,-0.009450971480610804,,0.08774307550766779,True,ok
54.05696353668387,FLOW,0.03431944215703614,0.025981422972090294,0.8175693990665873,True,ok
54.066101075254245,CAMERA,-0.26444705651522327,0.14561714576825405,5.829640812261619,True,ok
54.06731454366523,LIDAR,0.02183651753487137,,0.4666570925940453,True,ok
54.080762157114414,LIDAR,0.002422021726660617,,0.005707463272360052,True,ok
54.08333779422623,FLOW,-0.06322890058886149,-0.022049880825406237,1.912536383900206,True,ok
54.08757427492064,LIDAR,-0.018179629893761096,,0.32328953328781085,True,ok
54.08813608005699,BARO,-0.23378802781685737,,0.4457834546544113,True,ok
54.090868413362394,FLOW,-0.021055319211545298,0.004138007967360108,0.20720952417872673,True,ok
54.10466560043877,LIDAR,-0.013615864909271469,,0.17931454244255654,True,ok
54.11177078090768,LIDAR,-0.019037029092496827,,0.3526972929297045,True,ok
54.11375129300143,BARO,0.5796293893404529,,2.7400488105050935,True,ok
54.12131887940801,FLOW,0.006473733605652343,0.04895809206526977,1.0345692301681968,True,ok
54.12144771789404,LIDAR,-0.0042805611707259494,,0.01785153797557559,True,ok
54.12646872791416,LIDAR,-0.03082912175917718,,0.9332220086038523,True,ok
54.13711457476805,LIDAR,0.06357032809279772,,3.9593136451133395,True,ok
54.148497157904494,FLOW,-0.05387040151917205,-0.008594358992375675,1.2387916210261696,True,ok
54.152197808879436,CAMERA,-0.028793621842893913,0.02456223818316708,0.09155693211917479,True,ok
54.15469831916577,LIDAR,0.024920130490535097,,0.6009315712038938,True,ok
54.157602991722804,LIDAR,0.03373660436491521,,1.1151474752160755,True,ok
54.1597428382404,BARO,0.4371187882820329,,1.5583846127170424,True,ok
54.164733466785094,FLOW,0.0350496989582092,0.034122094254857356,1.028889542302911,True,ok
54.16593313075996,LIDAR,0.05523274935931033,,2.9943568098565154,True,ok
54.177980341231404,FLOW,-0.016411036582639482,-0.04078759781581866,0.8557164738834667,True,ok
54.17819645989701,LIDAR,-0.02085037613057583,,0.42476509067187973,True,ok
54.18777976597352,LIDAR,0.024583724088680814,,0.5906933539505866,True,ok
54.19786470733837,BARO,0.40460226723954706,,1.3350035750553757,True,ok
54.20144311146962,FLOW,0.057662101364280904,-0.030735615905985357,1.8461857855832473,True,ok
54.204517616032376,LIDAR,-0.013247963324284129,,0.16973762777314616,True,ok
54.20661649161077,LIDAR,0.03090968045799425,,0.9368195613978499,True,ok
54.21077045411451,FLOW,0.08492643203480676,0.011690392920031205,3.312544451738614,True,ok
54.216881107291,LIDAR,0.020983245895884295,,0.43114113603732435,True,ok
54.2344096118643,LIDAR,0.010254116756273302,,0.10170919894051274,True,ok
54.235912724315675,LIDAR,0.026379846290559783,,0.6830708630856015,True,ok
54.2437626170732,BARO,-0.1218885195667685,,0.12116469434572345,True,ok
54.24548692928682,FLOW,-0.007769533679972684,0.0005364118358637676,0.025404233766799292,True,ok
54.253049994643725,LIDAR,-0.053561654226498945,,2.782626675098604,True,ok
54.258564526653444,LIDAR,-0.005569566428586192,,0.03032909784864692,True,ok
54.259698980781295,FLOW,-0.005449092571264191,-0.03064305525049204,0.42049982068509995,True,ok
54.27255855329294,LIDAR,-0.06158263925132923,,3.683885400438448,True,ok
54.27288675053341,BARO,0.23095300345580538,,0.43501908989444366,True,ok
54.282863891720034,LIDAR,0.001643271439817351,,0.0026243581676443865,True,ok
54.283000095336554,FLOW,-0.001983879475835615,-0.020026805071091457,0.17307434369501737,True,ok
54.29202449501969,FLOW,-0.015671163275341626,-0.048669798317058206,1.1718332922645156,True,ok
54.2939352711394,LIDAR,0.02254493775666777,,0.49353707998104507,True,ok
54.302219967473725,LIDAR,0.011177726472866745,,0.12175145821659558,True,ok
54.30679642015108,LIDAR,0.02494750842036897,,0.6116197338000379,True,ok
54.31861621760537,BARO,0.414432805915502,,1.4006854893296061,True,ok
54.32038213415916,LIDAR,-0.015969727009698786,,0.24895808434735603,True,ok
54.32556689936797,LIDAR,0.03226100634095763,,1.0232741391831668,True,ok
54.32986427960309,FLOW,0.002153598393598133,-0.016866827197278188,0.11928529622599528,True,ok
54.34032990805888,LIDAR,-0.00816468519545177,,0.06497542690991844,True,ok
54.34284670014157,CAMERA,0.045217581475640145,0.05592241474592746,0.32700650075683546,True,ok
54.345609203165395,FLOW,-0.0022259500316267333,0.03759059613409951,0.6078798675609235,True,ok
54.351285492078446,CAMERA,-0.07251933101817087,-0.09427229994837881,0.9009866262168487,True,ok
54.353709260699155,BARO,0.5709014242404709,,2.6577959234685062,True,ok
54.35427392469236,LIDAR,-0.023513568496381865,,0.535819006536952,True,ok
54.36078977002664,FLOW,0.032767245843912884,-0.016897341440179854,0.5959322287681561,True,ok
54.36096583557646,LIDAR,-0.016060062898281213,,0.25156302204339337,True,ok
54.373655821342815,LIDAR,0.010845291432845183,,0.11425468244919147,True,ok
54.37640526424571,LIDAR,-0.046054395852491936,,2.0848494627850354,True,ok
54.38479362436399,FLOW,0.028175470914133527,-2.059491124015156e-05,0.3403898842431038,True,ok
54.390277001963945,LIDAR,-0.026642308841918982,,0.6926592896659673,True,ok
54.39446215774904,BARO,0.34097741934419545,,0.9482100529151087,True,ok
54.395568236853485,LIDAR,0.0009630732424463773,,0.0009116083902504463,True,ok
54.39943873430345,FLOW,-0.04231498534256517,0.04098177190527394,1.5243663143311679,True,ok
54.406764856479874,LIDAR,0.03891396715624973,,1.4835705042416911,True,ok
54.417644919224685,LIDAR,0.025884369717072975,,0.6549992883394646,True,ok
54.419671347148736,FLOW,-0.016550154862225497,0.04044199090533305,0.8330924745128933,True,ok
54.42483972777609,BARO,0.5455521929620857,,2.427252020247237,True,ok
54.42701673074278,LIDAR,0.0389240123197756,,1.4821319538972957,True,ok
54.434878896274505,FLOW,0.03279342585404593,0.012829396251526477,0.5495019280352914,True,ok
54.435069254527086,LIDAR,0.033764781888890205,,1.117959285573863,True,ok
54.45044129457672,FLOW,0.02248851764480192,0.0025828678690643335,0.22878493805011776,True,ok
54.45326014165132,LIDAR,-0.019451987017037098,,0.36606623823773854,True,ok
54.46262283697593,LIDAR,0.0012248136394181763,,0.001455201247401918,True,ok
54.46641534841272,LIDAR,0.01248740919575475,,0.1528689055181085,True,ok
54.48388616431511,FLOW,-0.008538008577793799,0.014795260106162278,0.1220641682157512,True,ok
54.48394311709629,LIDAR,0.045646607239954395,,2.0174324668132657,True,ok
54.48629877136826,BARO,0.12044529623026712,,0.11830981706126292,True,ok
54.48882893561605,LIDAR,-0.010664834009375124,,0.1111701253901471,True,ok
54.50156233978199,FLOW,-0.05894455618854014,-0.05532097914886222,2.8044786493999863,True,ok
54.50281175692952,BARO,-0.1601269171262092,,0.20908987027473688,True,ok
54.50339323285879,LIDAR,-0.032834775102731584,,1.046223737055487,True,ok
54.51251322169007,LIDAR,-0.014742809622107167,,0.2114276388155426,True,ok
54.51962153268258,LIDAR,-0.03845294991360948,,1.4455126456891871,True,ok
54.521281356312755,FLOW,0.052917556317726655,0.04236958417248245,1.9795688113305392,True,ok
54.52868007491131,LIDAR,-0.0729686466187136,,5.210558230208948,True,ok
54.538152066902654,LIDAR,-0.026009108731348096,,0.6621446497472393,True,ok
54.53844034201976,FLOW,0.035830249435832684,-0.05501476928786491,1.878338833039316,True,ok
54.54268903039479,BARO,0.32895685831443133,,0.8825474220272473,True,ok
54.54480480490054,CAMERA,-0.2765086952976432,0.2619654654661665,9.205975738509284,False,gate
54.54872501007796,LIDAR,-0.010715008761917666,,0.1122228164053277,True,ok
54.55757373507279,FLOW,-0.0458376871952631,0.01120390411388512,0.9704782017061441,True,ok
54.558813986820276,LIDAR,0.0108834220229439,,0.11571977501910108,True,ok
54.56987493622238,LIDAR,0.03937978848080048,,1.5121804217801564,True,ok
54.572457624012316,FLOW,0.003698715616763548,0.0504471398802275,1.1349182388451429,True,ok
54.576425709093115,LIDAR,0.03919433993187571,,1.505956088449708,True,ok
54.58613868971395,LIDAR,-0.03888914450472791,,1.4818644431362265,True,ok
54.59192559442879,BARO,-0.02651335051444903,,0.00573304898493456,True,ok
54.595128799962296,LIDAR,0.0038698460210806473,,0.014685352818756459,True,ok
54.59563162889184,FLOW,-0.044711322423665434,0.025043734330703157,1.138871765259943,True,ok
54.61481283299143,LIDAR,0.04254842233781275,,1.7474046431512709,True,ok
54.61613631942894,CAMERA,-0.1136616886519235,-0.04604564757466144,0.9498443408116894,True,ok
54.622329852841794,LIDAR,0.008208700882459397,,0.06542923688830804,True,ok
54.62358851318346,FLOW,-0.05636352501852698,0.05028833738396885,2.4011358383824195,True,ok
54.627540556257514,LIDAR,-0.011310272966470691,,0.12523842819395292,True,ok
54.63379539482202,BARO,0.1499556394187711,,0.18339062895611924,True,ok
54.63527108405222,LIDAR,-0.01636863318629489,,0.26306195934765164,True,ok
54.6356310796601,FLOW,-0.0951290846252428,-0.06696715137780973,5.948227722766753,True,ok
54.653568011906984,LIDAR,0.021519165768966175,,0.448398994621951,True,ok
54.6545582049167,FLOW,0.06970584454082279,-0.005099835476161862,2.1439487255561773,True,ok
54.658997923978134,LIDAR,0.006261882512303529,,0.03829184431739713,True,ok
54.66273631570864,BARO,0.23557257144795063,,0.4525924092875867,True,ok
54.670191513741486,LIDAR,0.02360671706697559,,0.5431793712460411,True,ok
54.67097417742382,FLOW,0.06303200291800509,-0.010880775573527285,1.8119920651971266,True,ok
54.68491044424079,LIDAR,0.02039628934660298,,0.40263294554790946,True,ok
54.68769901729622,LIDAR,-0.017906016817698323,,0.3142450402861667,True,ok
54.691679920999796,FLOW,0.02267908416987746,0.016826678792098475,0.3489910037512947,True,ok
54.70016926194499,LIDAR,-0.023494903921855048,,0.5385329667501351,True,ok
54.70861640164048,CAMERA,0.27827255986980504,-0.18281774731652478,7.021553939334592,True,ok
54.71459287617781,LIDAR,0.0250231982217457,,0.6067529248971512,True,ok
54.71697295386735,LIDAR,0.0162715980607393,,0.259897408199556,True,ok
54.718466142871776,BARO,0.33578420949153065,,0.9196126746823915,True,ok
54.7277561026685,FLOW,0.03573262102587299,-0.10575011987186468,5.108931895597678,True,ok
54.73311199334975,LIDAR,-0.022836701913435675,,0.5066326318853516,True,ok
54.73875458060835,LIDAR,-0.018180915152847366,,0.32351950139246194,True,ok
54.74197347127831,FLOW,0.0029140408424531694,-0.023229134290603748,0.23578490426844317,True,ok
54.746337603627154,LIDAR,-0.05894056633963629,,3.4104596019937263,True,ok
54.75313817069119,FLOW,-0.018289339026234808,0.04164745356666265,0.9238002798438092,True,ok
54.756327586662266,BARO,0.16099720452158106,,0.2113858869417459,True,ok
54.76099597133505,LIDAR,0.0408273948257194,,1.6231326270482698,True,ok
54.77019230910322,LIDAR,-0.06807908681804742,,4.520312539206082,True,ok
54.7740591597476,FLOW,0.008850349824617965,0.035610689299506046,0.5910895502864573,True,ok
54.77573072207544,CAMERA,-0.027472377644890855,0.037511287564457874,0.13703675587425593,True,ok
54.780459175728076,LIDAR,-0.005381036999048128,,0.02823061847496662,True,ok
54.787312733858094,LIDAR,-0.006032042369455315,,0.03564856992402088,True,ok
54.794833542616104,BARO,0.32777464842370607,,0.8761885256477756,True,ok
54.798156832952806,FLOW,0.009096895380452774,0.004440836203728236,0.044033346304572105,True,ok
54.80210497979248,LIDAR,0.03543680581071351,,1.2205348881094316,True,ok
54.81006127640166,LIDAR,-0.026377744036082174,,0.6788744244845387,True,ok
54.817091328031154,LIDAR,0.03226359581648408,,1.0201955250557977,True,ok
54.82170417673183,FLOW,-0.0175459631537096,0.12109608726579216,6.377266922721356,True,ok
54.825397045797814,LIDAR,-0.02063839357685726,,0.4181552953074873,True,ok
54.83969458111426,LIDAR,-0.019659391296194872,,0.376510960576109,True,ok
54.84534905364587,FLOW,-0.03623403235389566,0.05633321960575346,1.8989503051140124,True,ok
54.849430691026186,BARO,0.04484715900504721,,0.016401666583258118,True,ok
54.85398272752743,LIDAR,-0.01163048545191403,,0.13096378568455916,True,ok
54.856511778331715,FLOW,0.09655760472481367,-0.02817674801320238,4.480102136157103,True,ok
54.86179290318394,LIDAR,0.027156911111665405,,0.7175238341781883,True,ok
54.86200565714302,BARO,0.03196063618359313,,0.00833099635086332,True,ok
54.87009112095884,LIDAR,0.01909047929040497,,0.35572556530428384,True,ok
54.88434996241242,FLOW,-0.027948416859895353,-0.056280832422288735,1.6831747959028054,True,ok
54.88496888999846,LIDAR,0.060544098128881174,,3.550937569697864,True,ok
54.89046081071583,LIDAR,-0.01121647552522731,,0.12288965812835682,True,ok
54.896546106607715,LIDAR,-0.06472452087526204,,4.115332967699253,True,ok
54.89814299433832,FLOW,0.003973445117665397,-0.03601600421638106,0.5780637439231603,True,ok
54.90575836234716,LIDAR,0.04150665271115761,,1.6921982430727078,True,ok
54.910217069736824,BARO,-0.19552805506338067,,0.31180906649912976,True,ok
54.91119342453822,FLOW,0.008073488297411113,-0.00786521228824159,0.05715919740136065,True,ok
54.91509096037382,LIDAR,0.014338296288854302,,0.20189804159189964,True,ok
54.92622411419022,CAMERA,0.04596104081416286,0.012959685117959169,0.14446459372186962,True,ok
54.933219125543765,LIDAR,0.0346735219091312,,1.164678261837437,True,ok
54.935417578168504,FLOW,-0.025811979532706586,-0.06749025443672023,2.2776429958065147,True,ok
54.93605536623294,LIDAR,-0.012678148466106709,,0.15763896597217056,True,ok
54.94362300266842,BARO,-0.45402759894478106,,1.6811792720303642,True,ok
54.95187066302106,LIDAR,-0.022845473108689784,,0.5068977216451274,True,ok
54.95575425835599,LIDAR,0.013477348461278904,,0.17821517210755763,True,ok
54.96793187093671,FLOW,0.06207899307403991,0.013081598243203138,1.6699430121665868,True,ok
54.97369480133798,LIDAR,-0.03334751319092799,,1.0767901994973192,True,ok
54.97547036310743,FLOW,-0.0659719983539345,0.009188984602289712,1.9732319606117874,True,ok
54.97847187327503,LIDAR,-0.010847970902039705,,0.1150311759387899,True,ok
54.98690976865114,LIDAR,-0.04050054561803407,,1.6065815770226963,True,ok
54.995747562076524,LIDAR,0.008787102049000683,,0.07570169977969879,True,ok
54.99687918099708,BARO,-0.24776861052557497,,0.5006975130651771,True,ok
54.99893458252626,FLOW,-0.014202248759773384,-0.023367091081947542,0.3244719803570316,True,ok
55.01010253989208,LIDAR,0.044356030832275906,,1.9145930408439238,True,ok
55.017086507695936,LIDAR,-0.024058901370431762,,0.5661445581903116,True,ok
55.02030179186216,BARO,0.5536938775192972,,2.5003712988788407,True,ok
55.02538338297154,FLOW,0.04235314326594247,-0.014058567406156755,0.8437787334107091,True,ok
55.03211155513668,LIDAR,0.03364021071374523,,1.0979744013932962,True,ok
55.04082191663144,LIDAR,-0.004495204425954746,,0.01966549488054393,True,ok
55.04770091599367,CAMERA,0.07471818207569214,-0.16138940489214038,1.994677967887459,True,ok
55.04815203666737,FLOW,-0.11565143212132534,-0.024681757463102354,5.935430691070717,True,ok
55.054447984147615,LIDAR,0.04778957332412759,,2.211387233793887,True,ok
55.05854318173702,CAMERA,-0.3014850769275341,0.21656583076728414,8.785778040183075,True,ok
55.05924920046998,LIDAR,-0.040126809771670935,,1.5738702192244687,True,ok
55.061405488263595,BARO,-0.41586560428628894,,1.410505885107606,True,ok
55.06461629062313,FLOW,0.015558012027273416,-0.03093163192022108,0.5214091237095494,True,ok
55.06564956275717,LIDAR,0.03678922742249213,,1.3297961234251765,True,ok
55.081576102906496,LIDAR,-0.003447239567656357,,0.011555832896294622,True,ok
55.08485218628249,FLOW,0.02313450307394016,0.009936317223847864,0.2756630573386969,True,ok
55.09092834955392,LIDAR,0.00423807181199054,,0.017494526617553532,True,ok
55.0929932496087,FLOW,0.0344886562604505,-0.007561543293353595,0.5679523743837307,True,ok
55.09987312457606,LIDAR,-0.034222078870519645,,1.1429162035258846,True,ok
55.104340471554906,BARO,0.2605772421724635,,0.5537642808378205,True,ok
55.105563678820985,LIDAR,-0.0028723934140248986,,0.008104737601022306,True,ok
55.11587633187437,LIDAR,0.008634453980573387,,0.07310589815476808,True,ok
55.126946282284585,FLOW,-0.013470295334016336,0.10347022199273671,4.604517604638903,True,ok
55.13040911752152,LIDAR,-0.010399854624330906,,0.10522579449809234,True,ok
55.13924021621674,LIDAR,-0.04702502412951404,,2.1564215683221337,True,ok
55.14551402206079,BARO,-0.09314610632392162,,0.07075700589956144,True,ok
55.14810462343267,FLOW,0.009076802046430021,-0.00929968726402729,0.07195641844201817,True,ok
55.15028473538389,LIDAR,0.028633231316353758,,0.7983832721611628,True,ok
55.151587864673665,FLOW,0.004404681113990283,-0.0207136778809671,0.20589354070622223,True,ok
55.16448326765386,LIDAR,-0.03391115330251271,,1.1130449111425105,True,ok
55.16870676963931,LIDAR,-0.009209728514002258,,0.08295429785068033,True,ok
55.178927740581344,LIDAR,0.0018888405528785235,,0.0034864614317732913,True,ok
55.18380359153239,FLOW,-0.0012569624990159678,0.016438705141246207,0.11620195126004523,True,ok
55.19075286775318,BARO,0.16666163327264805,,0.22650980302124776,True,ok
55.19324621987666,LIDAR,-0.08226413812351385,,6.568535793580173,True,ok
55.20034095958265,FLOW,-0.04898445206958038,0.010782840287528517,1.0973047165624155,True,ok
55.20078914309858,CAMERA,0.08351263486261473,-0.1583810299033625,2.0320469495782634,True,ok
55.20421705034004,LIDAR,0.014400052386841722,,0.20117299052400392,True,ok
55.210362752677376,LIDAR,0.03576972336586559,,1.2499967135125363,True,ok
55.21983376415973,LIDAR,-0.031497516378698354,,0.9697594895203738,True,ok
55.22225792602721,FLOW,0.006804053688380746,-0.02924437502622606,0.38989407255846326,True,ok
55.233183378724476,LIDAR,0.003372333214799017,,0.011055946798966935,True,ok
55.23734927985607,BARO,0.4519498741657224,,1.6658013648223968,True,ok
55.24199473341798,LIDAR,-0.05340073215405683,,2.779527039659802,True,ok
55.244568781783926,FLOW,-0.007482988485596531,0.016003250775014292,0.13403750207993861,True,ok
55.247795744869116,LIDAR,0.029340343763925247,,0.8445884386030589,True,ok
55.25875317515843,LIDAR,0.0357757939440444,,1.25256976947637,True,ok
55.2593178188606,CAMERA,-0.16203977818471316,-0.09112375006498723,2.2014151481103106,True,ok
55.26545186095887,LIDAR,0.022225707285917107,,0.485550091890842,True,ok
55.26924686406638,FLOW,0.009687002710421194,0.01356977022924145,0.11813819973718548,True,ok
55.278020735036456,BARO,-0.2843647598034529,,0.6594478134000847,True,ok
55.280239451499824,LIDAR,-0.03908747626226061,,1.4889685038630613,True,ok
55.28596160803127,LIDAR,0.03783428815903189,,1.4043704234857683,True,ok
55.28937557648055,FLOW,-0.061233794713549866,0.0129140225749045,1.6826118175285438,True,ok
55.29283697599647,FLOW,0.004805735874552741,-0.036424370031404224,0.6225839420018673,True,ok
55.29802993658111,LIDAR,-0.013074323716997238,,0.16700221917252195,True,ok
55.31141777099548,BARO,0.0881526826002359,,0.0633690642338839,True,ok
55.31187704790071,LIDAR,-0.005001456158657547,,0.02429177283669765,True,ok
55.3151389466645,LIDAR,0.07180587493474366,,5.063129257793948,True,ok
55.32377458965885,FLOW,0.03417392081117468,0.01788623834713108,0.6424283367065775,True,ok
55.33119654580473,LIDAR,-0.014233200012648162,,0.1968641783991055,True,ok
55.34173673468306,LIDAR,-0.03201939035903756,,0.9962354278725681,True,ok
55.34453895176463,FLOW,-0.018360433896744577,0.04573690341506827,1.0493625980862222,True,ok
55.35020478819859,LIDAR,-0.004322884989157227,,0.018215436125712147,True,ok
55.36100580101,FLOW,0.02156829215997122,0.01800872980830126,0.34711190151970595,True,ok
55.3626660278698,LIDAR,0.012554254109171659,,0.15307826399587285,True,ok
55.36732083078118,BARO,0.15139623842572458,,0.1869250655668722,True,ok
55.36750579862925,LIDAR,-0.001179627337819067,,0.0013635167617627507,True,ok
55.37782463083596,CAMERA,0.005874383918090587,0.23628048764012635,3.5405162998340964,True,ok
55.37816290280076,FLOW,-0.054768665831686825,0.0010375673428608357,1.329152551302491,True,ok
55.38093469432554,LIDAR,0.020245845511737137,,0.3992263441604832,True,ok
55.38522918809885,LIDAR,0.06803564993456357,,4.548920058859726,True,ok
55.39872830229049,LIDAR,0.050447622635531264,,2.4843953471300684,True,ok
55.40556391670786,BARO,0.5883509277056174,,2.8230134041748176,True,ok
55.40962455937353,FLOW,0.061480203416561546,-0.021429140749651368,1.7882683568684317,True,ok
55.410823573336884,LIDAR,-0.029889871313836913,,0.8693533522457741,True,ok
55.41234687878952,FLOW,0.12453727802550082,-0.03859543621564816,7.789143465494729,True,ok
55.41961029096069,LIDAR,-0.056016814402919834,,3.060601555459017,True,ok
55.43152592392261,LIDAR,0.010771535745422778,,0.11284293019286722,True,ok
55.43186444213892,FLOW,-0.04549770875606743,0.035881059163819916,1.5081130027124434,True,ok
55.44069338985275,LIDAR,-0.013545399779431033,,0.17878054215194975,True,ok
55.44136483772538,BARO,-0.5081674145753121,,2.106112480869842,True,ok
55.452843161156046,LIDAR,0.000957983856519018,,0.0008916124654171245,True,ok
55.45882030009536,LIDAR,-0.04426864776918382,,1.9172052707698675,True,ok
55.46133184383889,FLOW,0.055149743976804444,0.020246419597034368,1.4737799795189777,True,ok
55.4714860578999,LIDAR,-0.007267111812252036,,0.051429178811817314,True,ok
55.47888434911189,LIDAR,-0.012096233150594937,,0.14310570129183706,True,ok
55.479570123308655,BARO,0.3731856789019159,,1.135869080668887,True,ok
55.48580837557745,FLOW,0.005413721723114828,-0.04660941843007793,0.932437311277981,True,ok
55.48646822679486,LIDAR,0.030859297532218388,,0.934430174942556,True,ok
55.49639261958219,LIDAR,-0.0028133479467467026,,0.007758803226276499,True,ok
55.503971606684175,FLOW,0.05290504402114826,-0.04382654682400847,2.042208133507013,True,ok
55.50498860382539,CAMERA,-0.05448582598152285,0.09632169828107753,0.7766551732031597,True,ok
55.507127529756374,LIDAR,0.03975414816733647,,1.5460787163893495,True,ok
55.51663415932032,LIDAR,0.005270136246904755,,0.02717697780707811,True,ok
55.524870246625994,BARO,0.049578280833606936,,0.020045742389247563,True,ok
55.52884757369364,FLOW,0.02928269832819813,0.0013160320694699107,0.36653554574036623,True,ok
55.533829184085846,FLOW,-0.05720102064559157,-0.033431496442117584,2.00686157457693,True,ok
55.53454056715731,LIDAR,-0.015981255865579858,,0.24678411886118215,True,ok
55.541207354258944,LIDAR,0.05548813448291012,,2.9961037679794593,True,ok
55.54610189387932,LIDAR,-0.00046450946612575095,,0.00021170161726205485,True,ok
55.55328546124356,BARO,0.023803546418183164,,0.0046210020209518895,True,ok
55.55429536227094,FLOW,-0.08122711419957998,0.014955176641190799,3.0540735851498306,True,ok
55.56391621776809,LIDAR,-0.02037758732629147,,0.4022017794232973,True,ok
55.5670359491483,LIDAR,0.026924411882200516,,0.7105649047083278,True,ok
55.57135084194311,FLOW,-0.02700915486476363,0.07552175562494784,2.881769790039199,True,ok
55.58143091506066,LIDAR,-0.06270581628416094,,3.8250483173001286,True,ok
55.59474034009557,LIDAR,0.016797376936440678,,0.27323932715917587,True,ok
55.600651304922614,LIDAR,-0.009481393678339334,,0.08773264450636306,True,ok
55.60285757830934,FLOW,0.04139515322605064,-0.07436706233954524,3.066213361789005,True,ok
55.60344038517961,BARO,0.3379476966610082,,0.9314510964928544,True,ok
55.60875407729446,LIDAR,-0.022480728756678836,,0.4946592409522243,True,ok
55.613094961469315,FLOW,-0.031119275263000734,-0.02908535470590143,0.8092313846354506,True,ok
55.62291218079102,LIDAR,-0.014919476123783415,,0.2163582173388908,True,ok
55.627709045150574,LIDAR,-0.04849247897266551,,2.3054794145984463,True,ok
55.62966336676689,BARO,-0.1740969308844913,,0.247206998711711,True,ok
55.63302193671663,FLOW,0.0011982034176061807,0.024138761455027472,0.2578796501431605,True,ok
55.637956041580175,LIDAR,0.03394015138087081,,1.1280101690050435,True,ok
55.645502638293294,CAMERA,-0.2088145276741713,-0.16693649378597508,4.522893477750156,True,ok
55.64735351461378,LIDAR,-0.004603496219250491,,0.020756112964905687,True,ok
55.65494504743514,FLOW,-0.055327447813632885,-0.008206690819994499,1.3650075809865403,True,ok
55.65880296284561,LIDAR,0.019244097176571717,,0.36164605673256384,True,ok
55.67108989155073,BARO,0.6985860053904203,,3.9797044254429093,True,ok
55.67232564038568,LIDAR,0.00805493893066389,,0.06301576323244704,True,ok
55.675657859471805,LIDAR,-0.03125175474301933,,0.9590655160721586,True,ok
55.68825595745355,FLOW,0.05411812804502664,-0.00446368350113318,1.2230376471402278,True,ok
55.69400569826767,LIDAR,0.009419177298731984,,0.08591327864429392,True,ok
55.70058734069182,FLOW,-0.005471634724039776,0.006713328437010044,0.032859617302793145,True,ok
55.70374863106215,LIDAR,-0.014196152357272673,,0.19552042386659804,True,ok
55.71102969437569,BARO,0.543180959401548,,2.4060734221276414,True,ok
55.71130562389642,LIDAR,-0.01701776900720997,,0.28236588613926616,True,ok
55.71314087533547,FLOW,-0.0032891415262689128,0.06352076345225771,1.8223293368289908,True,ok
55.724958786382174,LIDAR,-0.0014882791854753386,,0.002147836970583638,True,ok
55.7270503119404,LIDAR,-0.0056071795428507265,,0.03089279734718862,True,ok
55.73002443232249,CAMERA,0.06885097845367483,0.17749646616594258,2.292242496449107,True,ok
55.7387958150413,LIDAR,0.032794814625494606,,1.052574644937649,True,ok
55.741601962401205,FLOW,-0.008098173175854623,-0.0275024884310667,0.3537075010503071,True,ok
55.75170316902061,LIDAR,-0.08211050044498869,,6.565345697890396,True,ok
55.75662206264197,FLOW,0.08680386171076745,0.01552150638409169,3.4325606393577424,True,ok
55.760115574835964,BARO,-0.6244497480817477,,3.1799423170164265,True,ok
55.764005490336245,LIDAR,0.030143835106448247,,0.8821441528854331,True,ok
55.768327457216174,LIDAR,-0.00779947957705307,,0.05962690655033997,True,ok
55.777338687128854,FLOW,-0.07276788549980762,-0.007501482529815785,2.346440727768653,True,ok
55.7803929575996,LIDAR,0.02799716983503453,,0.7652311664910924,True,ok
55.78840145526066,LIDAR,0.014363624993020352,,0.20199728000316236,True,ok
55.79951655841667,LIDAR,-0.032266712606315195,,1.016940614548037,True,ok
55.80062978734784,FLOW,0.05763917618125894,-0.021335447315033382,1.6337369504672477,True,ok
55.802656070556054,BARO,-0.02341392909507789,,0.004471056984609407,True,ok
55.81240927701069,LIDAR,0.031640409601287,,0.9734179085781667,True,ok
55.816448713813,CAMERA,0.023171403352982622,-0.05755548657985968,0.24418990795797463,True,ok
55.8245748057195,LIDAR,0.055795004784182645,,3.0188984620766086,True,ok
55.8265530451287,LIDAR,0.01711646014709789,,0.2879315641671216,True,ok
55.82712426466192,FLOW,-0.03523876281059643,0.027210624556983747,0.8421180068787504,True,ok
55.84086512034101,BARO,0.09341439764550596,,0.0711617335757956,True,ok
55.8414979434424,FLOW,-0.024250832062185645,-0.0722465156334017,2.55737797389863,True,ok
55.84464218562488,LIDAR,-0.03665969108379574,,1.3030066969157337,True,ok
55.85078065921254,LIDAR,-0.003614986654497443,,0.012760850061336742,True,ok
55.85541821346173,LIDAR,-0.05803772603134494,,3.3152794388079316,True,ok
55.85996452359261,FLOW,-0.01546093197758358,0.05542747730107102,1.4607944742262096,True,ok
55.87266378640673,BARO,-0.10158921348649708,,0.0841593194487117,True,ok
55.87496343048984,LIDAR,0.01650661949119403,,0.26390501677376427,True,ok
55.88238451944156,CAMERA,-0.06658538183188512,0.19280408142506295,2.6459125161587185,True,ok
55.88356668587889,LIDAR,0.01654923855398316,,0.26622223497743197,True,ok
55.88590926073734,FLOW,-0.1376503838737122,0.025656615500948672,8.42801715344447,True,ok
55.88757319097249,LIDAR,0.09006948199411946,,7.963457955140087,True,ok
55.901020841808126,LIDAR,-0.019838566656775303,,0.3838781644945385,True,ok
55.90174338143231,FLOW,0.07381742889247447,0.05472542424829076,3.7222161198790777,True,ok
55.91208851844796,BARO,0.09510137483567638,,0.07375440345636913,True,ok
55.91302457610643,LIDAR,-0.018927945889401165,,0.34843903029991996,True,ok
55.91940766427275,FLOW,0.07354015166374586,-0.04240685429637675,3.197393257174615,True,ok
55.921664534852226,LIDAR,0.019438612008023437,,0.3684826830317951,True,ok
55.93325184547761,LIDAR,-0.04912234840468477,,2.3476329410561365,True,ok
55.93862181656697,FLOW,-0.006440049081730126,0.03585358508612786,0.5869562419475095,True,ok
55.941638120442974,LIDAR,-0.02308190442087321,,0.519899517019401,True,ok
55.95014957909543,LIDAR,0.03494696006074127,,1.1944179714456769,True,ok
55.95104705230978,FLOW,-0.014963864276422212,-0.0018067479423877,0.1031082515902218,True,ok
55.95795140431479,BARO,-0.1888533368647931,,0.29086366242382106,True,ok
55.959156532967036,LIDAR,0.0054646532553954685,,0.02923886783631847,True,ok
55.96475144845676,CAMERA,-0.013344955310401474,-0.031991027108247735,0.07642708117447547,True,ok
55.972027055022146,FLOW,0.03371973988125568,-0.0023612303313862767,0.5087906857831385,True,ok
55.972493163080955,LIDAR,0.015184921836354448,,0.22446960905836275,True,ok
55.98126509391043,LIDAR,-0.014030490927979589,,0.1920761881079659,True,ok
55.99049421766297,LIDAR,-0.010842876489060682,,0.11484544989475921,True,ok
56.000703409544705,BARO,0.27315433290095914,,0.6084707418284029,True,ok
56.00440042306408,LIDAR,-0.010333278215621355,,0.10367106825585332,True,ok
56.00693716121105,FLOW,0.0050924498562053555,0.010237838423560528,0.0545482561949071,True,ok
56.01452219514533,LIDAR,0.006151210673119412,,0.03676503019406635,True,ok
56.01529795921701,LIDAR,-0.01670979882248247,,0.27532816714877145,True,ok
56.02548832033327,BARO,0.30914268057210137,,0.779415901570933,True,ok
56.02718349888162,FLOW,0.06616045678301649,0.034743625827744457,2.382492830270091,True,ok
56.030536079261324,LIDAR,0.06905209905471077,,4.656054913587621,True,ok
56.037548874179315,LIDAR,0.036890231823654585,,1.3346625839077717,True,ok
56.04704327028521,FLOW,-0.01824450791602142,0.029533511956226957,0.5217165027565409,True,ok
56.04940548295412,LIDAR,-0.07262224766864156,,5.15266522941817,True,ok
56.053117737425325,FLOW,0.004125204988322362,-0.043315005495117014,0.870244284499653,True,ok
56.062831159644894,LIDAR,-0.00399224970668266,,0.015485814108288934,True,ok
56.07119455323283,BARO,0.37001657688602707,,1.1165044417708134,True,ok
56.07279501708611,FLOW,0.007722941919566739,-0.037430469582809905,0.6587973439112292,True,ok
56.07356456164681,LIDAR,0.041149762879379104,,1.6449288022048938,True,ok
56.08407876390876,LIDAR,0.04122515519469161,,1.6510516487300426,True,ok
56.0846098116534,CAMERA,-0.07522968342213687,0.095065764791137,0.9358131170053552,True,ok
56.08850738217419,LIDAR,0.012396309479886902,,0.15068033394559394,True,ok
56.09338671585439,FLOW,0.02580670934678103,-0.01188256339654646,0.35940026932594504,True,ok
56.1037668354305,LIDAR,-0.006972188416903169,,0.04724080904109726,True,ok
56.11019695913885,LIDAR,-0.017544290551984698,,0.30098402885196746,True,ok
56.11572019198025,FLOW,-0.023122940931305208,-0.07884327009319679,2.9583333856742606,True,ok
56.118143036977315,LIDAR,0.01998976502858163,,0.39178006532898807,True,ok
56.12761351778082,BARO,0.01572735960642868,,0.002017204862509156,True,ok
56.132127222354555,LIDAR,-0.07461569676977087,,5.421240933671889,True,ok
56.13443192539057,FLOW,-0.036968748145927516,0.020666984960207194,0.789824608630521,True,ok
56.14252797326978,LIDAR,0.001084978341483911,,0.001145977168495763,True,ok
56.146891651264696,BARO,-0.6347107012140327,,3.285467352281661,True,ok
56.14913975225128,LIDAR,-0.03844376197724797,,1.4469429724339484,True,ok
56.15617398578831,FLOW,-0.030527939574720747,0.02613979377604459,0.7047915602318231,True,ok
56.15931957562327,LIDAR,-0.007616140465661392,,0.056735812124447706,True,ok
56.168531335976056,LIDAR,0.005927636401448222,,0.03439155172529675,True,ok
56.17668009805133,FLOW,0.02283853324750193,-0.037491281008604695,0.8413548400892852,True,ok
56.177030166853136,LIDAR,-0.05829063666034617,,3.3311662808521167,True,ok
56.187043498481,LIDAR,-0.006205996156786853,,0.03772276985495777,True,ok
56.19037690028328,BARO,0.3139937086286433,,0.8041004198252217,True,ok
56.20332750493956,FLOW,-0.05013567260073529,0.03452335641377595,1.578579883270217,True,ok
56.204415120236554,LIDAR,-0.047149509385888244,,2.1515569531838743,True,ok
56.20804213356324,LIDAR,-0.0013573133381696856,,0.0018033206633478016,True,ok
56.21053245325091,FLOW,-0.03915401510422983,0.021622037557102455,0.9081266660646374,True,ok
56.215028309513684,LIDAR,0.0547397405576171,,2.944501758349844,True,ok
56.226805417357745,BARO,-0.6778758769719964,,3.7474234492942595,True,ok
56.230035318389824,CAMERA,-0.1109054937589562,-0.21338842727941643,3.6610636674078227,True,ok
56.233618736637055,LIDAR,-0.055812632794054906,,3.017466599939041,True,ok
56.23695977046716,FLOW,0.02024608216889892,0.010289002077906291,0.2248649854678123,True,ok
56.24415580510293,LIDAR,0.006893329910829582,,0.046056455542923445,True,ok
56.253127345167094,LIDAR,0.031128706435560982,,0.9418981295649574,True,ok
56.262668319066535,LIDAR,0.05863894245585044,,3.347131061213737,True,ok
56.26636995043115,FLOW,0.05347546822779306,-0.08257313950237251,4.088857822825142,True,ok
56.26659280756645,BARO,0.16796451083254516,,0.230082050891327,True,ok
56.26883658732745,LIDAR,-0.021300203899538683,,0.4444602233424041,True,ok
56.27941491976109,FLOW,-0.019608707216862975,0.03562630937363914,0.731124966845988,True,ok
56.28217805646792,LIDAR,0.0612196955350881,,3.650082450444665,True,ok
56.290510899920505,CAMERA,-0.07110687937297655,0.007965985294553016,0.3267741155025096,True,ok
56.292477473252625,LIDAR,0.015302429101373693,,0.22802906546422588,True,ok
56.299813214928236,LIDAR,0.004610261464153886,,0.020789115972847615,True,ok
56.30523083309008,BARO,0.007369246202143298,,0.00044289367784228163,True,ok
56.305797089219986,LIDAR,-0.02493175471606035,,0.6114353341718918,True,ok
56.307056033969936,FLOW,-0.040491099839572775,-0.012076070664060218,0.7650693325500499,True,ok
56.31817103934459,FLOW,-0.03817110296175458,-0.04599732594207192,1.6043040711199645,True,ok
56.32406893466831,LIDAR,-0.003599444084978032,,0.012565557269035835,True,ok
56.32765876997118,LIDAR,0.028110151777983372,,0.7747775629369884,True,ok
56.338136537924285,LIDAR,0.02122828368972085,,0.4411139799801442,True,ok
56.34374974784477,FLOW,0.02961887275080799,-0.07587069497917931,2.889139881953105,True,ok
56.34398902372388,BARO,-0.07838241494490394,,0.05010608872118118,True,ok
56.347389319838804,LIDAR,-0.0008885585157876186,,0.0007733049046646406,True,ok
56.35012067400734,FLOW,0.0363475096441043,0.0412785616511267,1.3967253167811144,True,ok
56.355880789417895,LIDAR,-0.034921424494912756,,1.1962482780819386,True,ok
56.37066424803775,LIDAR,0.02251335986601033,,0.4930673135209063,True,ok
56.37790237710839,LIDAR,-0.03210300414087541,,1.0073563985119334,True,ok
56.38556366667939,LIDAR,0.010222111824677693,,0.10245826738356856,True,ok
56.38592683853653,FLOW,0.08515160017435464,-0.03717636434275088,3.6685593323488406,True,ok
56.39137122645069,BARO,0.35726123933750475,,1.040950798310428,True,ok
56.39507168924475,LIDAR,-0.022842645444973275,,0.5115700279852836,True,ok
56.40266248986044,FLOW,-0.0179081684131345,0.04465844077616514,1.0122440289556291,True,ok
56.40962872774793,LIDAR,0.017901195817396687,,0.31171197982715765,True,ok
56.41906749324765,LIDAR,0.021888173406230393,,0.46668893615994383,True,ok
56.42331436943932,FLOW,-0.02296929731315231,0.036147503130380426,0.8028568787966411,True,ok
56.43432511631457,CAMERA,0.08216318832256064,0.11988764255523013,1.3381523882073043,True,ok
56.43436561812899,LIDAR,0.016339288001373298,,0.25802654156377935,True,ok
56.43702133898828,FLOW,-0.016054972233182918,0.03075959414467226,0.5417258173572971,True,ok
56.441602158031166,LIDAR,0.023426554856841975,,0.5336750642323185,True,ok
56.44694050801445,LIDAR,-0.02725886295750657,,0.7281598452413484,True,ok
56.44878660796152,BARO,1.0780514143152442,,9.478873675228478,False,gate
56.456640165537955,FLOW,0.01902355097681649,0.03566168998629422,0.7290849103327041,True,ok
56.46284547564496,LIDAR,-0.004082025855979499,,0.016169135207310507,True,ok
56.474640760740904,LIDAR,0.028688843475097592,,0.7973099782295859,True,ok
56.47834860402189,LIDAR,-0.02899745789335828,,0.8235619659976159,True,ok
56.4795823755898,FLOW,-0.05089284895598517,0.023730226795466262,1.3825970913387255,True,ok
56.48726152335419,LIDAR,0.03059446873762539,,0.917596018576821,True,ok
56.48931023949392,BARO,0.17277195752929142,,0.24345810551150512,True,ok
56.49656442555052,FLOW,0.011976422655011448,0.005137750370612749,0.07552744267521928,True,ok
56.50131080401752,LIDAR,-0.0414543821136375,,1.672945662697484,True,ok
56.510452347049416,LIDAR,-0.03795568933080684,,1.4049002092588472,True,ok
56.51279559014454,CAMERA,-0.04972877878433479,-0.19872506851240865,2.6615817203965455,True,ok
56.51441510733042,BARO,0.6212972252506668,,3.1481214764757213,True,ok
56.51734464044773,LIDAR,0.006427303325708955,,0.04048338336749053,True,ok
56.52998318944989,FLOW,-0.02552538435559973,0.04008915281106309,0.9483639289094026,True,ok
56.532323104605595,LIDAR,-0.034170301362639766,,1.1346336900047285,True,ok
56.536966409068725,LIDAR,-0.01363364716680815,,0.18224323599049236,True,ok
56.54237493481875,BARO,0.32711710619325807,,0.872703690320252,True,ok
56.54736797217951,FLOW,-0.09778867193568838,-0.030417349636264128,4.545155026731973,True,ok
56.5518213358651,LIDAR,-0.00860318345132427,,0.07197412567321507,True,ok
56.55877200214907,LIDAR,0.02085460556643115,,0.42516206058505446,True,ok
56.5677200167905,FLOW,-0.0015045743985778737,-0.023850444412049043,0.2489125099962604,True,ok
56.57257295918625,LIDAR,-0.007193545250119726,,0.050274792538915605,True,ok
56.57657833359841,CAMERA,0.08291678264778568,0.02411933895020843,0.47617098466156416,True,ok
56.57713758332524,LIDAR,-0.031157886535387647,,0.9517896208472967,True,ok
56.58240813031828,BARO,0.3480225031613342,,0.9878148330324388,True,ok
56.58684764762662,LIDAR,0.001973678792034139,,0.0038175693685943536,True,ok
56.588621164157956,FLOW,0.04833162300543084,0.06012711403867573,2.5964629931698173,True,ok
56.592774284054634,FLOW,0.02964909707480967,0.037697254072882116,1.073705773097958,True,ok
56.60404307478584,LIDAR,-0.020277892815862675,,0.398228716939469,True,ok
56.61249522820573,FLOW,0.022960209856427077,-0.009834733374683605,0.28434632092846557,True,ok
56.61387645551735,LIDAR,-0.004034983226160804,,0.01579488927639665,True,ok
56.62448951879932,LIDAR,0.01681787616074093,,0.2744429191605166,True,ok
56.62527569461478,BARO,0.0436203377043336,,0.015517923224374328,True,ok
56.62538301094702,LIDAR,0.004302551227449936,,0.01823310861836481,True,ok
56.63216240393343,FLOW,-0.04797174117641825,-0.0793822440607196,3.8702836220639343,True,ok
56.643047330814234,LIDAR,0.020078457232039604,,0.39179185564529545,True,ok
56.6480201856162,LIDAR,-0.037842092357778245,,1.4034320080788383,True,ok
56.66213461644863,LIDAR,0.006963207789965065,,0.0471813368159269,True,ok
56.662700400668335,BARO,0.12755860949993902,,0.1327040802387509,True,ok
56.667368837621545,FLOW,0.06381081817674236,0.044288210936197704,2.5349896080502416,True,ok
56.6710419361185,LIDAR,-0.0371405806688081,,1.345357638370191,True,ok
56.67813654543439,FLOW,0.017901644238860537,-0.007266354336414146,0.1662852587508712,True,ok
56.678361411980596,LIDAR,0.006666324003163915,,0.04352147764964859,True,ok
56.682657315366214,CAMERA,0.27462715880108846,0.051081535822732387,4.981306419526672,True,ok
56.6877664337783,LIDAR,0.0010431085849300636,,0.0010657679274049467,True,ok
56.69899616551901,FLOW,-0.005668765309295443,-0.04083909132721975,0.7514017953682068,True,ok
56.70160153432271,LIDAR,-0.012343426984685824,,0.14825527876847688,True,ok
56.71404343714568,LIDAR,0.046622164792918586,,2.108235552328604,True,ok
56.71905840449169,LIDAR,-0.008854450526271762,,0.07671122247278393,True,ok
56.72382442639075,BARO,0.5940525479119914,,2.8781111843330236,True,ok
56.726348019195605,FLOW,-0.030958529613277608,0.0025077387907398996,0.414281389713979,True,ok
56.72909392116713,LIDAR,0.012846665447439065,,0.16139773066275906,True,ok
56.740530979450625,BARO,-0.5745263824355966,,2.69178285217417,True,ok
56.74085299434145,LIDAR,0.007657056488767022,,0.05716527442299321,True,ok
56.74323603518121,FLOW,0.03688064245239714,-0.016268448120324786,0.7156000136165425,True,ok
56.74832289655997,LIDAR,0.02038363163450363,,0.40671376238922347,True,ok
56.75472134093203,FLOW,0.00997118794751553,0.020398495089935634,0.23514102800547457,True,ok
56.755134143124856,LIDAR,0.007688234635558011,,0.05810118461439273,True,ok
56.76975846155729,LIDAR,0.023135611252092403,,0.5217172009311211,True,ok
56.78144748341353,LIDAR,-0.04645736725969574,,2.0986315426677806,True,ok
56.788666585284105,FLOW,-0.030815645212058262,0.02843367045890572,0.7484797987159537,True,ok
56.791489183888245,FLOW,-0.03904148534839616,-0.0020146291393399914,0.7084631567952733,True,ok
56.79258745930038,LIDAR,0.003995864356945766,,0.015508588896039106,True,ok
56.803088153260155,LIDAR,-0.015672580492038346,,0.23860381051664956,True,ok
56.803824520756486,BARO,-0.23403339807758994,,0.4466986352890543,True,ok
56.808093084688394,LIDAR,0.10297803955259122,,10.38960296377997,False,gate
56.818101140483314,LIDAR,-0.014734078958505759,,0.20946179634516443,True,ok
56.82386679288977,BARO,0.1415415203205752,,0.16337296514012128,True,ok
56.82467826685081,FLOW,-0.0046470331150778865,-0.024846052640018743,0.2752181018302707,True,ok
56.83010448213792,CAMERA,-0.20143154386605744,0.0331815708241495,2.6532495621955166,True,ok
56.83450183257675,LIDAR,0.0020327014607985916,,0.00395647355828305,True,ok
56.835002613127415,LIDAR,-0.018906688586977527,,0.3486885137823416,True,ok
56.83948222937776,FLOW,0.01820420813215659,-0.0326521048496701,0.6214874557421161,True,ok
56.85042706186221,FLOW,0.040761051991991926,0.00921688330194297,0.8027196018810945,True,ok
56.8532372544803,LIDAR,0.010268900764387912,,0.10157398079847034,True,ok
56.857205840876034,LIDAR,0.014350621715891965,,0.20073913529649506,True,ok
56.868604414049116,LIDAR,-0.022820241661188678,,0.506632569486527,True,ok
56.87583260846902,CAMERA,0.11153582041105636,0.026687998050423108,0.8400587976268762,True,ok
56.876215035827464,FLOW,-0.03152209393453728,0.003427628307038584,0.4440038761724933,True,ok
56.88007336384319,LIDAR,-0.0029916677169206096,,0.008692721447320702,True,ok
56.88156369272087,BARO,0.02074461535714489,,0.0035096617237854576,True,ok
56.888119215483954,LIDAR,0.03480792401217858,,1.181466284311171,True,ok
56.90378367250799,LIDAR,0.040379558679622285,,1.5764157334869828,True,ok
56.90500150885095,LIDAR,0.04910108386874512,,2.3665948949168727,True,ok
56.909525982547706,FLOW,-0.05500840917402591,-0.05755707546822672,2.664991562688245,True,ok
56.91185174806712,BARO,-0.201303807530123,,0.33049130877728833,True,ok
56.91508742599299,FLOW,0.038191557619944,0.032019578542767324,1.1321338990452765,True,ok
56.915135074031035,LIDAR,-0.035553026646288455,,1.239248499556477,True,ok
56.92617205905007,LIDAR,-0.005651725740376534,,0.03123832153160451,True,ok
56.937567122872636,LIDAR,-0.019416187261607654,,0.367736145519766,True,ok
56.93899812375051,FLOW,0.029254490858162258,0.038245594893504486,1.0260665537163467,True,ok
56.94603186195136,BARO,0.48940973177443725,,1.9533235883540445,True,ok
56.9485606397176,LIDAR,0.05559657987902611,,3.0110379287748126,True,ok
56.959748012868296,CAMERA,-0.032908330048861956,0.13672480185972585,1.2605286113965528,True,ok
56.96207296178727,LIDAR,-0.01972799097127753,,0.37720800443554425,True,ok
56.96633274455518,FLOW,0.0313743094477027,-0.03531689773002605,0.9601241252317743,True,ok
56.97437071277118,LIDAR,-0.029451495917249382,,0.8388154214944983,True,ok
56.97607243705067,FLOW,-0.005305112061993689,-0.013964658391123722,0.10122507820940331,True,ok
56.98080217484842,LIDAR,0.009639371495324678,,0.09050980176515536,True,ok
56.99317514161516,LIDAR,0.007401853508073319,,0.0531916268217123,True,ok
56.9966753387058,FLOW,0.08000764276166414,-0.0234908223775818,3.1129662426513116,True,ok
57.00227399996554,LIDAR,0.04592991675045566,,2.0529407383651637,True,ok
57.004254099256784,BARO,0.025857559279047315,,0.005452961796630807,True,ok
57.01431235421731,LIDAR,0.0670083840073783,,4.358703478984616,True,ok
57.01862646036474,LIDAR,0.0004401269642206884,,0.0001898632229079318,True,ok
57.027877322818405,LIDAR,-0.07186891123433581,,5.0638394917473155,True,ok
57.02817514231752,FLOW,0.032830644499745376,0.039941493271727635,1.1388079808207947,True,ok
57.038301392584856,LIDAR,-0.027598826656890285,,0.7455902590852728,True,ok
57.04330109340192,BARO,-0.013240940302679416,,0.0014298664044539312,True,ok
57.04723590375209,FLOW,-0.021335140086698318,0.012685819093380433,0.2681514371383428,True,ok
57.049176851361736,LIDAR,-0.06843624167305973,,4.576007026793284,True,ok
57.055882921583375,CAMERA,0.11589287526844316,-0.1633133673173411,2.559599850265828,True,ok
57.05822539723826,LIDAR,-0.019135961222962905,,0.3581933268147847,True,ok
57.06599502753475,BARO,-0.11354269869765732,,0.105137892330098,True,ok
57.0689683756788,FLOW,-0.00410570126280832,-0.08657651493681587,3.267772526312786,True,ok
57.07333482708197,LIDAR,0.018621726967542607,,0.33643429913782824,True,ok
57.08316352777728,LIDAR,-0.0064253021194873305,,0.04010879409726841,True,ok
57.087941751426065,FLOW,-0.014151789569136708,0.0038772496392806347,0.09480594863936236,True,ok
57.09424336424937,LIDAR,0.04010678614875429,,1.5614568050946596,True,ok
57.097356781759466,LIDAR,-0.018989973428348073,,0.35408854396855544,True,ok
57.09845338030653,FLOW,0.023164790835283777,-0.008292045805143852,0.2776014063940954,True,ok
57.11351265701267,FLOW,0.018620172830972143,0.028558287319102964,0.5353338462100259,True,ok
57.11357970193334,LIDAR,-0.0008283929530343848,,0.0006666591243311069,True,ok
57.11554486939833,LIDAR,-0.01897241609838307,,0.35425706251327677,True,ok
57.1279314596182,BARO,-0.22932172823424435,,0.4288684619538919,True,ok
57.12921938138599,LIDAR,0.03187973039056802,,0.9931945623697027,True,ok
57.130401069781065,FLOW,-0.04071514507127691,0.08965831825151555,4.446300797558828,True,ok
57.142784894304064,BARO,0.06266177745310797,,0.03201927756400961,True,ok
57.142793066664204,LIDAR,0.0010292191997152145,,0.001029362858820723,True,ok
57.14683110248154,LIDAR,0.023224993250414272,,0.529333729876515,True,ok
57.16052614308172,LIDAR,0.01884760690740661,,0.34626947665010066,True,ok
57.167192327964194,LIDAR,-0.02803482541234903,,0.7701273288527012,True,ok
57.16967821477274,FLOW,-0.011621873955468182,0.009607272569822745,0.09526391251786316,True,ok
57.18142740169503,LIDAR,0.015208813753394779,,0.22500747361658005,True,ok
57.188400175861275,FLOW,-0.009359642625283965,-0.051944752880751205,1.2052225926833287,True,ok
57.188612770206234,LIDAR,0.011241386670649334,,0.12352438872649353,True,ok
57.195572644165104,FLOW,0.03789740937288941,0.03769377007785192,1.3155846564584972,True,ok
57.19698978016202,LIDAR,0.01221581279603079,,0.1461707079039265,True,ok
57.198601685282554,BARO,-0.18063102247901686,,0.2661107516990507,True,ok
57.21175272187273,LIDAR,-0.041591690150459826,,1.6810713527931367,True,ok
57.21251811549149,CAMERA,0.11043556094159612,0.0794400328697979,1.176009090964067,True,ok
57.22394207425491,LIDAR,0.03629473076108347,,1.2768299095768167,True,ok
57.2253361907022,FLOW,-0.029634156570216147,0.02477174852731847,0.6502606895190384,True,ok
57.23147227698454,LIDAR,0.00856117276709023,,0.07140289882479688,True,ok
57.23671998163774,BARO,0.33627475936682627,,0.9222132289150767,True,ok
57.237649114501174,LIDAR,0.018968073202531244,,0.3526822623892744,True,ok
57.24294090872811,FLOW,-0.02034782847390884,0.04662185080751534,1.148262002230902,True,ok
57.251399101771305,LIDAR,-0.02966400264372604,,0.8569010836884441,True,ok
57.263768009519296,LIDAR,0.03376061430578714,,1.1063014119489076,True,ok
57.26744142995817,FLOW,0.035141456818636924,-0.025377307403486746,0.8191031266338384,True,ok
57.26961435409354,CAMERA,0.01243868171096807,-0.1311072261008847,1.1039173587622713,True,ok
57.27282478684198,LIDAR,0.0071963555910832255,,0.05039007297224294,True,ok
57.27659496224267,LIDAR,-0.025260860974584798,,0.6270995438008068,True,ok
57.27870928091526,FLOW,-0.08840217168382715,-0.029943915445159685,3.96248969349602,True,ok
57.280125131441615,BARO,-0.14555703359364047,,0.1727998537247712,True,ok
57.28952218085218,LIDAR,-0.05202713760205757,,2.645001369711706,True,ok
57.29112126661134,FLOW,-0.08014065272201919,0.007293124458876865,3.000451112645477,True,ok
57.3032736926404,LIDAR,-0.010225558605669871,,0.10155926610392295,True,ok
57.31253438649656,LIDAR,-0.03528787086309637,,1.2119020458406327,True,ok
57.31825956020883,LIDAR,0.01688714749378173,,0.2794813056338901,True,ok
57.32089498019012,FLOW,0.03783307818468423,-0.0009746146089107816,0.6260154296402147,True,ok
57.32159029909983,BARO,0.25412660511002194,,0.5267085911792797,True,ok
57.333303881517125,LIDAR,0.012931870658045685,,0.16251734223672495,True,ok
57.34221519541836,FLOW,-0.016220711063716198,-0.008200403295916862,0.1446668803563942,True,ok
57.34253770576204,LIDAR,0.003379976889552161,,0.011123647609233242,True,ok
57.34721994786226,LIDAR,-0.0008231871286126236,,0.000665395084464055,True,ok
57.352421689721105,BARO,-0.11220076492903952,,0.10267326910848977,True,ok
57.354188312922155,CAMERA,0.2087909652589417,0.07430899157725156,3.137549591258471,True,ok
57.36123710406917,LIDAR,0.007856007407495369,,0.06016682593573172,True,ok
57.364956568027864,FLOW,0.0400778566282233,-0.06786667708403618,2.708042705613993,True,ok
57.36982566933982,LIDAR,0.05538306453716402,,2.997090466240105,True,ok
57.38481965063432,LIDAR,-0.02555138779885535,,0.6328907756397636,True,ok
57.386620877039476,FLOW,0.019508836008665237,-0.07202965854922724,2.4334998102487773,True,ok
57.39051409929424,LIDAR,0.01880235749393755,,0.3454053802813677,True,ok
57.39179617755055,FLOW,-0.05790615675661516,0.015742257440818183,1.681354947256369,True,ok
57.39856991735938,BARO,0.3354905834401398,,0.917902465694298,True,ok
57.40019415315172,LIDAR,-0.014398837220884086,,0.20262813656850587,True,ok
57.40557889737105,LIDAR,0.023913701201464743,,0.5626118838800637,True,ok
57.41952634493022,LIDAR,-0.01993873178709693,,0.388181759578055,True,ok
57.429620008310835,FLOW,-0.005441909329707478,0.07446891117704044,2.3751692768117185,True,ok
57.43310327783227,LIDAR,-0.026665224319893266,,0.6903731229767817,True,ok
57.437777900983114,BARO,-0.048195219419456814,,0.018942804383066742,True,ok
57.438015299733316,FLOW,0.005126189181269086,0.0001803521490138238,0.011964360990906652,True,ok
57.44177330043579,LIDAR,0.02870703281620468,,0.8026267551637207,True,ok
57.449881085190306,LIDAR,-0.0020195623683521013,,0.003985145051073578,True,ok
57.45609311902864,LIDAR,-0.02094242571280125,,0.4308622666492167,True,ok
57.46596474691189,FLOW,0.0022133093580767316,0.04159867393660698,0.756887116699484,True,ok
57.4665045374108,LIDAR,0.03665927320503615,,1.3176858661829052,True,ok
57.48076662224132,CAMERA,-0.07779765624435697,-0.10763827294258473,1.1218437562055672,True,ok
57.48251970461085,LIDAR,0.056085654179243605,,3.053172235891146,True,ok
57.485822201935264,BARO,-0.0367272781107042,,0.01100070066070842,True,ok
57.488180395991876,LIDAR,-0.000454541866615088,,0.00020209411348393483,True,ok
57.4896310554296,FLOW,0.045984382926545886,0.08000774362571053,3.6988401414947716,True,ok
57.49953826915289,LIDAR,-0.002612788552331491,,0.006660374396048954,True,ok
57.50615451571347,BARO,-0.6866789222237109,,3.8454487419502623,True,ok
57.50847894149303,FLOW,0.003780500464143466,-0.034745314227710704,0.5387143672819585,True,ok
57.51144796156715,LIDAR,-0.04437717807086505,,1.9159715655456409,True,ok
57.51258669152888,FLOW,0.030775401190137996,0.010976101117792438,0.5032731484001255,True,ok
57.52367250301462,LIDAR,0.018392065545893566,,0.3281590844860138,True,ok
57.52625138699974,LIDAR,-0.015840493764629926,,0.2464543854571194,True,ok
57.543692450584366,LIDAR,-0.027034652661892977,,0.7088747328520639,True,ok
57.54753832893645,FLOW,0.027828810992956587,-0.031230358276991277,0.7576179404488177,True,ok
57.55144800590079,LIDAR,-0.02376751544168032,,0.550415891365992,True,ok
57.55229119447684,FLOW,-0.0347280529300065,-0.034041897540224866,1.1012599420676965,True,ok
57.556688036651344,LIDAR,0.027592975432239708,,0.747404913569779,True,ok
57.559810302821774,BARO,-0.03456403588811341,,0.009743721262855838,True,ok
57.57026222518885,LIDAR,0.03254907721022038,,1.0332832313013107,True,ok
57.57523653555801,FLOW,-0.03939696814741192,0.016685549193483553,0.8264783118179386,True,ok
57.583497385883334,LIDAR,-0.015413401155472073,,0.2305764836803495,True,ok
57.58622246911985,BARO,-0.27805860278479155,,0.6305484678399154,True,ok
57.58821250990858,LIDAR,-0.0045916778975279016,,0.020651274072628623,True,ok
57.59713229592285,FLOW,-0.007498955817753256,0.012776025797547205,0.09765158675776148,True,ok
57.59735888146031,LIDAR,-0.006236333138752492,,0.03811457549699625,True,ok
57.602695096346274,CAMERA,-0.11195803695120077,0.09003729452528597,1.3141422132032252,True,ok
57.61418032496549,LIDAR,-0.05224394236951668,,2.644897596353996,True,ok
57.620026218059216,LIDAR,0.044234192757855784,,1.9106994695784942,True,ok
57.6229246650271,FLOW,0.021065261522535655,-0.01549951918184862,0.2973700293197761,True,ok
57.625353448678084,LIDAR,-0.02237824160053581,,0.4923919357839766,True,ok
57.63791278128241,BARO,0.03854876766859494,,0.012118556356306624,True,ok
57.63798544233562,LIDAR,0.0010552542701902645,,0.0010890848219941125,True,ok
57.64593226455443,LIDAR,-0.005947980488480997,,0.034691615413216914,True,ok
57.64777071953645,FLOW,0.009837619133748754,0.013982506294377252,0.12596355421553512,True,ok
57.660447659016725,LIDAR,0.0300282487662078,,0.8772838713364275,True,ok
57.665182871952474,LIDAR,0.0008331134308141586,,0.0006810605161752909,True,ok
57.666508954411555,BARO,-0.5340286484580818,,2.3260193371490923,True,ok
57.6693285623095,FLOW,0.027877610949992027,0.051334207758815587,1.484385285563268,True,ok
57.6774164209637,FLOW,-0.0058193327609268874,0.008675717765698556,0.05030472779947034,True,ok
57.68290905578751,LIDAR,0.001401977388825415,,0.0019041651318116495,True,ok
57.69478429182699,LIDAR,0.03282602287544156,,1.0423395877080424,True,ok
57.69712594366827,LIDAR,0.045095489742259076,,1.9936406385499368,True,ok
57.70941317500446,FLOW,0.015867090764412756,-0.0292709534491621,0.48061353364879134,True,ok
57.71158748058719,LIDAR,-0.041174010525650395,,1.6492346580611394,True,ok
57.71537083507654,BARO,0.16733555524404187,,0.22836164797915978,True,ok
57.71689487545554,LIDAR,0.003729704023386571,,0.013638531282233107,True,ok
57.71930187157944,FLOW,0.02938799109140869,0.015453112063864259,0.5035718804263519,True,ok
57.72846496147972,LIDAR,-0.012162166243687267,,0.14454394921222385,True,ok
57.736428837108974,FLOW,-0.0016605435604171992,-0.0535603070706047,1.3115393305052567,True,ok
57.736770701639934,LIDAR,0.013118680002430327,,0.16855217655958188,True,ok
57.741466885438506,CAMERA,0.1318217930367851,0.17067863117418394,2.947218684721546,True,ok
57.750839705320736,LIDAR,0.038488838334285624,,1.4408246460427678,True,ok
57.75986540287044,BARO,-0.19723903170282697,,0.31725108251102313,True,ok
57.76491163718988,LIDAR,0.020587917355657126,,0.4099805472633111,True,ok
57.76574912735859,LIDAR,-0.018388973519390284,,0.33223919030978194,True,ok
57.766544603371734,FLOW,0.027594758336588088,-0.06472242582048633,2.1505669148710904,True,ok
57.77714532816982,LIDAR,-0.055667646179062835,,3.0342391816462966,True,ok
57.78226942010003,FLOW,0.049516254451474895,0.07323440705378527,3.4894977927106554,True,ok
57.78546187250399,BARO,0.18823062072400498,,0.2889490554675909,True,ok
57.79130160825649,LIDAR,-0.014589448915814263,,0.20697762725271054,True,ok
57.79696799967436,CAMERA,-0.16359557724749152,0.06731724189777108,1.9961225458775238,True,ok
57.802877485739195,LIDAR,-0.009975739431300035,,0.09659774771278179,True,ok
57.809495918777536,FLOW,-0.035257412710184954,-0.019902432854447892,0.7104631332846507,True,ok
57.81266711173006,LIDAR,-0.018117808679166902,,0.31905330230985984,True,ok
57.82348170213306,LIDAR,0.0005938588788141352,,0.00034260826494279594,True,ok
57.82502103093051,LIDAR,-0.030464253700042576,,0.9139679084601757,True,ok
57.82505191130209,FLOW,-0.022291835655989106,-0.008097141497120264,0.2511326367884569,True,ok
57.837165261621635,LIDAR,0.017454155474468713,,0.2985289476464306,True,ok
57.8420462337968,FLOW,-0.03719442271829526,0.00508400697466007,0.6363337669574359,True,ok
57.849070692008425,BARO,0.7941703299956866,,5.143405165117204,True,ok
57.850524517180524,LIDAR,0.02230445670608594,,0.484667633342422,True,ok
57.85657869407007,LIDAR,-3.033195966026702,,9019.38362619633,False,invalid
57.8622443772373,BARO,-0.043000176218475517,,0.015078138404488435,True,ok
57.863193624521934,FLOW,-0.06632869751624565,-0.0038902872184867245,1.9736099047521851,True,ok
57.866480912958416,LIDAR,-0.004234679409710118,,0.017318112161752157,True,ok
57.87776468850078,LIDAR,0.020718839692830393,,0.414590717419338,True,ok
57.88106657853234,FLOW,-0.001000926547583575,-0.022246697911312972,0.2232744729825037,True,ok
57.891360666869474,LIDAR,0.013878986702103635,,0.18538400923787726,True,ok
57.896566701845835,FLOW,0.0801719396968533,0.027517616461007484,3.280793883091206,True,ok
57.90336225618377,LIDAR,0.0566198202660364,,3.0843294255153904,True,ok
57.91027502058431,LIDAR,-0.05551662333066365,,2.988045332902102,True,ok
57.915313062074816,FLOW,-0.0068460520142477055,-0.017354995803205674,0.158084883412763,True,ok
57.916830228096316,BARO,0.12762784683034756,,0.13283506229443304,True,ok
57.92295048633262,LIDAR,-0.031449550935708004,,0.95630384218164,True,ok
57.93303619129556,LIDAR,-0.002790924109162596,,0.007544066560294756,True,ok
57.935587589585225,LIDAR,-0.04565147781103818,,2.0444399986348847,True,ok
57.93876646062101,FLOW,-0.021555060876184695,0.037639346049917526,0.834933315159458,True,ok
57.94105402576741,CAMERA,-0.04981027020684081,0.13531414858618968,1.3188460016969445,True,ok
57.94797693448066,LIDAR,-0.013758919720204155,,0.18485283021630539,True,ok
57.95685178582415,FLOW,-0.04661258303143857,-0.07953837778239448,3.807998724084479,True,ok
57.957065923653445,LIDAR,-0.011215274236243467,,0.1229739004029448,True,ok
57.96253668593325,BARO,0.2534098271501146,,0.5237194913464328,True,ok
57.97007583334532,LIDAR,0.012489285342935474,,0.15176118992356014,True,ok
57.97351352593494,FLOW,-0.002231040592095862,-0.01451197644295571,0.09767615145271567,True,ok
57.9813760444023,LIDAR,0.02476753096310169,,0.5959762573826121,True,ok
57.986474561410205,BARO,-0.06169545282605138,,0.03104146169270997,True,ok
57.9918140947702,LIDAR,0.029205099090285458,,0.8289076739731497,True,ok
58.00016147891391,LIDAR,-0.0032441481160154773,,0.010261810239822955,True,ok
58.003126930787396,FLOW,-0.05105468138370864,0.00866129811490858,1.16260598503932,True,ok
58.01266348626211,LIDAR,-0.007715569201539818,,0.057830517476046124,True,ok
58.02091417824753,FLOW,-0.017969524757512484,0.02936192237552472,0.5251626652022382,True,ok
58.02454483392193,LIDAR,0.0661829368749478,,4.2465274266761535,True,ok
58.03179294844915,LIDAR,-0.057958489545787195,,3.2745556587168623,True,ok
58.03747252477131,CAMERA,-0.17556596749325593,0.008341211512143426,1.966398382832205,True,ok
58.039199515655675,BARO,0.435155131843767,,1.544262405530547,True,ok
58.0446873130677,LIDAR,-0.061710962908424705,,3.6970300821604445,True,ok
58.04777601986264,FLOW,-0.05553949758430318,-0.07003212229272736,3.454522216948723,True,ok
58.051694739496234,LIDAR,0.009002686784840286,,0.07911981348503823,True,ok
58.05630316083682,LIDAR,0.0072167523751645035,,0.05125140148987746,True,ok
58.05865956738302,FLOW,0.013857537764184982,0.030987782563604356,0.5244258389154914,True,ok
58.06864455017861,LIDAR,-0.011245002931461467,,0.12379791747733032,True,ok
58.069741847747956,BARO,-0.43321614264957686,,1.5306936401506592,True,ok
58.07519235601103,LIDAR,0.014982131119781972,,0.2207751193613913,True,ok
58.086434427620965,LIDAR,0.014016461495027333,,0.19257714810054147,True,ok
58.08764448769599,FLOW,0.004146164838794333,0.014917230637645135,0.10440999335149717,True,ok
58.099867533510675,LIDAR,-0.03968125807426537,,1.5340602248408926,True,ok
58.10869130379121,FLOW,0.02999822943828484,-0.05327377144083972,1.6393454044997413,True,ok
58.112840129419126,CAMERA,-0.0537302502517818,0.10649502382553766,0.9056778697255619,True,ok
58.11494236732476,LIDAR,0.034201643444953245,,1.1310881176169614,True,ok
58.11535071082258,BARO,-0.3026037993545856,,0.7467868584793133,True,ok
58.122695321945244,LIDAR,-0.014914527066692163,,0.21624519233865072,True,ok
58.1263720222405,FLOW,0.03164602711436966,0.008609614271841905,0.48024681647391393,True,ok
58.132107071291756,LIDAR,0.01465598085806441,,0.2091478556341537,True,ok
58.14358057198235,FLOW,0.03889515145196558,0.045752879582135635,1.628903534110917,True,ok
58.14430055218165,LIDAR,-0.005483008963684366,,0.02918590604069748,True,ok
58.15075387951996,BARO,-0.35202262694090547,,1.0105723597649374,True,ok
58.15264953159105,LIDAR,-0.01214117833285222,,0.14362548258831354,True,ok
58.15294112041075,FLOW,-0.061888031021694156,0.013155029895388727,1.8774871619546847,True,ok
58.159462461777906,LIDAR,-0.03663759303650771,,1.3145448116475276,True,ok
58.16620862121135,LIDAR,0.014536108895050415,,0.20779280393465585,True,ok
58.17319509730568,FLOW,-0.02696216039773343,0.018112107152403013,0.48382170514818834,True,ok
58.17730204007863,LIDAR,0.012671032608728261,,0.15739562713435432,True,ok
58.18912367800306,LIDAR,-0.026809885943334555,,0.7020357194320199,True,ok
58.19849053317601,FLOW,0.07199861590110933,0.09375643758067505,6.199851717379662,True,ok
58.199545098656195,BARO,-0.11416534543936097,,0.10628954309789078,True,ok
58.203398899260776,LIDAR,0.025619992788735058,,0.6368618937923312,True,ok
58.20999186830614,LIDAR,0.03181454018122576,,0.9882523513795253,True,ok
58.21655364290148,LIDAR,-0.0017654498178738542,,0.0030585582738548974,True,ok
58.21718341820616,CAMERA,0.18640683478408704,0.002379881828069065,2.2158245459043084,True,ok
58.22465628015291,FLOW,-0.09554544763626766,-0.0037654209105823285,3.9740493975803424,True,ok
58.230529835579176,LIDAR,0.0007053405618560049,,0.00048473248858578867,True,ok
58.23814151619237,LIDAR,-0.008425654540870742,,0.06943775341803544,True,ok
58.24230871428633,FLOW,-0.04998284304830302,-0.02579637622124189,1.4060442039889436,True,ok
58.245817515306,BARO,0.024574822752084557,,0.0049251780647669476,True,ok
58.25239058853116,FLOW,0.11832302604590711,-0.04199239559278419,7.3119815632862855,True,ok
58.253611583101964,LIDAR,-0.009166976461522758,,0.08147898005869023,True,ok
58.25995120263593,LIDAR,-0.006660019447962018,,0.04330149460017816,True,ok
58.27128158633953,BARO,-0.35541919364480856,,1.03014231409449,True,ok
58.27465483512252,LIDAR,-0.02180125048443693,,0.46067123483290257,True,ok
58.276033189923254,LIDAR,0.040224252890308065,,1.5909232892753677,True,ok
58.284321991895396,FLOW,-0.03485225864747889,0.05291150094145436,1.747512113393276,True,ok
58.291405586695035,LIDAR,0.06621953110421508,,4.270439573715882,True,ok
58.3005484444826,CAMERA,0.12018543355754474,-0.13668406977066674,2.112816772613324,True,ok
58.30245655836591,LIDAR,0.061492473767398526,,3.677883630473848,True,ok
58.30275596426156,FLOW,0.03118446674629638,0.04217956540191088,1.2232204616369629,True,ok
58.30692259649717,LIDAR,-0.013893772364401702,,0.1894505940587836,True,ok
58.307718958966845,BARO,-0.030337466460425233,,0.007506649046466474,True,ok
58.32104376830034,FLOW,0.02000832322578716,0.0017763898620788878,0.18110380753411273,True,ok
58.323283903823615,LIDAR,0.020390468574578602,,0.4037004857631725,True,ok
58.33178046114153,LIDAR,0.06497098277612912,,4.111973064443548,True,ok
58.341341189668526,FLOW,-0.08159837672827042,-0.02420793752755236,3.2482851744120986,True,ok
58.34265416892069,LIDAR,-0.04186814112133952,,1.7058061542502059,True,ok
58.34724394677425,LIDAR,-0.023756735881682367,,0.5540041717202758,True,ok
58.3478681642824,BARO,-0.22861941004016328,,0.4262998087142863,True,ok
58.36126994582487,LIDAR,1.9487368574019697,,3701.112666245126,False,gate
58.369128172577675,FLOW,-0.08581585694545539,-0.03773100795170471,3.814916321011578,True,ok
58.369921749248675,LIDAR,-0.042947050088228744,,1.773763143618859,True,ok
58.37907687458335,FLOW,0.04337124682360537,0.012006644173282205,0.927553858514969,True,ok
58.37945066398955,LIDAR,0.06238274174984637,,3.756273050102711,True,ok
58.38666247356947,CAMERA,0.08427824502121695,-0.21905206790738407,3.5135203960792625,True,ok
58.389513233022086,LIDAR,0.005190091605845826,,0.026054459947904743,True,ok
58.391347865919045,BARO,0.030152193388794934,,0.007414448551095922,True,ok
58.39584993376382,LIDAR,0.04260063424724825,,1.7685125085844429,True,ok
58.40488947359937,FLOW,0.04465240227831964,0.02230014246760461,1.105529430480792,True,ok
58.408917251019226,LIDAR,-0.0009277159943050783,,0.0008349828820667646,True,ok
58.41728058590202,LIDAR,-0.0021682371662019584,,0.004577598438693965,True,ok
58.426967906832274,BARO,0.029691411422412273,,0.007189169762653423,True,ok
58.42897687475839,FLOW,0.053614140284912765,-0.034885661038542695,1.7942117502842998,True,ok
58.433855221639206,LIDAR,-0.0779830828899375,,5.8649871243468565,True,ok
58.44364233658799,FLOW,0.05923593300258706,0.05967999924599876,3.193138205181675,True,ok
58.444318320767984,LIDAR,-0.037853050730102034,,1.3841503749715844,True,ok
58.451562488391524,LIDAR,0.0058551135517652675,,0.033324673408099435,True,ok
58.45796137239823,FLOW,-0.001348278345848053,0.009414048730509644,0.04157827476630476,True,ok
58.46035913571631,LIDAR,0.0015552565541141483,,0.0023573271186650485,True,ok
58.46414715592304,BARO,0.11067091842141696,,0.09988927292178668,True,ok
58.473058393869124,LIDAR,-0.04186207987694912,,1.7014464541225178,True,ok
58.47563688752387,FLOW,0.08924336182085964,0.030383697666839876,4.073487781253765,True,ok
58.48031746455815,LIDAR,-0.039638142577798297,,1.533354630478764,True,ok
58.487092375610466,LIDAR,0.01083098024291207,,0.11504031403447997,True,ok
58.49732120470996,FLOW,-0.08836430017089955,-0.06054248960629906,5.164997140934187,True,ok
58.5041450173427,LIDAR,-0.03680106326324539,,1.312667315874482,True,ok
58.50714603164934,LIDAR,0.012621929970524803,,0.15626925989865512,True,ok
58.51666503524749,LIDAR,-0.02470600149596658,,0.5985516295976833,True,ok
58.52023583424123,CAMERA,0.062056465227030344,0.04709520900568253,0.38630608042021786,True,ok
58.525753565277206,FLOW,-0.05510659364710399,0.0167766749359871,1.4395034550014036,True,ok
58.527091056935234,LIDAR,0.04129020802882488,,1.669138884617988,True,ok
58.52920657381018,BARO,0.5138525232932865,,2.153528681807229,True,ok
58.538144254716535,LIDAR,-0.007643041048591481,,0.0570678260482133,True,ok
58.545601627312095,FLOW,0.059465682499803885,-0.034340654531598055,2.078635387467225,True,ok
58.55082130936258,FLOW,-0.0953149390409551,-0.10831752769617392,9.81093961096665,False,gate
58.55120860609888,LIDAR,0.023855748378385222,,0.5532279564676079,True,ok
58.55666663825229,BARO,0.26355479142923866,,0.5664705886521996,True,ok
58.56481238903316,LIDAR,0.03633853537286935,,1.277635897813482,True,ok
58.5664896319844,LIDAR,-0.016258346828084136,,0.25944494062938783,True,ok
58.574676118869384,CAMERA,-0.06350553518088731,-0.13938535078938638,1.496994552843081,True,ok
58.58078646562092,FLOW,-0.02372092449491664,-0.020754543378016833,0.416133469509782,True,ok
58.58295907715102,BARO,0.1736228291444899,,0.2458196689987747,True,ok
58.58373757546856,LIDAR,-0.022303775633216727,,0.4824172025504036,True,ok
58.59002121843534,LIDAR,0.036237302327169374,,1.2822138168655726,True,ok
58.5961203784538,FLOW,0.057523920344763016,-0.05084332222884555,2.598845432740399,True,ok
58.60106244467331,LIDAR,-0.039402733155684766,,1.5133662677913486,True,ok
58.61010685365331,LIDAR,-0.0432196221468204,,1.8237314162328149,True,ok
58.62456122328634,LIDAR,-0.0365730771602939,,1.2968940962391353,True,ok
58.62484761320103,FLOW,-0.05693929387805812,-0.003160298990873882,1.3925347829650503,True,ok
58.625144219093485,LIDAR,-0.01048370908313112,,0.10822777915522824,True,ok
58.63863702024344,BARO,-0.20999784377015107,,0.3596325184428936,True,ok
58.64221587653266,LIDAR,-0.04476681728719645,,1.9492629223477347,True,ok
58.64433409984107,FLOW,0.008634145235334664,-0.0013050317238448503,0.033390673600818176,True,ok
58.650628976270426,LIDAR,0.014672656709465492,,0.2100317713876451,True,ok
58.661281891595735,BARO,-0.43489804849138536,,1.5423830172394986,True,ok
58.66367244593535,LIDAR,0.051423663843048306,,2.56822097404146,True,ok
58.66751806406693,FLOW,0.0017496848268708232,0.016318473157865634,0.11786833481520345,True,ok
58.67113212737444,LIDAR,-0.010354186044162716,,0.10461912799282116,True,ok
58.67701197878102,FLOW,0.08275446371856537,0.0454852306878605,4.115195653664749,True,ok
58.6793195710297,LIDAR,-0.02258935833223874,,0.4992999650759141,True,ok
58.691973617305365,LIDAR,0.009432340531768446,,0.08665554187564024,True,ok
58.701100421806146,CAMERA,-0.15747955847559325,0.14763132079920216,2.9713943827770497,True,ok
58.70492377618109,LIDAR,0.028953581732261036,,0.8130951092075338,True,ok
58.707469448511745,FLOW,-0.053838279740304605,0.031144106444325685,1.691078339947909,True,ok
58.71006681482242,LIDAR,-0.03570549455835326,,1.2471670769743906,True,ok
58.72254991971903,LIDAR,-0.040328633570121175,,1.5842285848467679,True,ok
58.72534661014664,FLOW,0.015044224330490269,0.03563293002041521,0.6665587733192225,True,ok
58.726040274741216,BARO,0.06817434452563154,,0.037904769684923456,True,ok
58.73381670256531,LIDAR,0.0008641634550743404,,0.0007263158535699575,True,ok
58.73922806591176,FLOW,-0.013639053306330223,-0.029632765902438206,0.48727996539123913,True,ok
58.73970742593003,LIDAR,-0.025817562024263108,,0.652737983220582,True,ok
58.74749580205701,LIDAR,-0.0009650889423624687,,0.0009144895231858624,True,ok
58.750960834528556,FLOW,-0.001920388379217361,-0.08872496896718682,3.6926861325474336,True,ok
58.75171996706644,BARO,-0.03336625735329046,,0.00907999651013914,True,ok
58.759857917937325,LIDAR,0.022978805559179527,,0.5160212223489924,True,ok
58.76583332061785,LIDAR,-0.033069349523416225,,1.07486950513553,True,ok
58.77427861661888,FLOW,-0.07532884353440186,0.050810384796749444,3.744713522368576,True,ok
58.77889004518143,LIDAR,0.01759825550995031,,0.3025697133846257,True,ok
58.78809758010219,LIDAR,0.024731537525445102,,0.5981190177035702,True,ok
58.79340708134374,FLOW,-0.031726876185629464,0.08109940790913847,3.4359890582933676,True,ok
58.79401202476219,BARO,0.5082759002809367,,2.1069247576932413,True,ok
58.795911619141364,LIDAR,0.01452972292860144,,0.2070539260972441,True,ok
58.806611684983984,LIDAR,0.04014455220274904,,1.5773216391254945,True,ok
58.80835194666461,CAMERA,0.0859805640697715,-0.14696751526019713,1.847031233111077,True,ok
58.82136308844379,LIDAR,-0.029362608770330256,,0.8372115523316755,True,ok
58.8215106309488,BARO,0.16195115846281238,,0.21390909318402537,True,ok
58.82473483569696,FLOW,0.004731223068757985,-0.035177000444877704,0.5435764641757066,True,ok
58.83252451508998,LIDAR,-0.009858322757636095,,0.09430184941449093,True,ok
58.836733231521215,LIDAR,0.04771777838856961,,2.2313356937577633,True,ok
58.84460409403938,FLOW,0.015391851273248137,-0.00285046745535142,0.10785812518197505,True,ok
58.84787164646909,LIDAR,0.03677556064488208,,1.3219160739607996,True,ok
58.85754981768131,LIDAR,0.07663770368264,,5.741459990941248,True,ok
58.86315094352771,FLOW,-0.024953181908225392,-0.04244128712213701,1.0849366590710612,True,ok
58.86868824044273,LIDAR,-0.017830571617125646,,0.3101319146142827,True,ok
58.87547826956726,FLOW,-0.0028658042229970787,0.029961216838505715,0.41865294378349066,True,ok
58.878090111850376,BARO,-0.27573306844885437,,0.6200140731323021,True,ok
58.88107914345499,LIDAR,0.02542251863616185,,0.6282444188209756,True,ok
58.890854983584134,LIDAR,-0.03483841481438277,,1.1810438201549796,True,ok
58.89615388766001,FLOW,0.025793881482509884,-0.0486125138927193,1.3780382188072529,True,ok
58.898107779680466,LIDAR,0.006660142058591667,,0.04336607647606104,True,ok
58.90528395057306,CAMERA,0.07399228778885458,0.062041255324342744,0.594184282789892,True,ok
58.90708782987448,LIDAR,-0.029478536099403208,,0.8505292433908814,True,ok
58.9155266549502,BARO,-0.4992173078873914,,2.0324422207092074,True,ok
58.91956161868921,LIDAR,7.969254130557601e-05,,6.189562815214661e-06,True,ok
58.92359788077843,FLOW,0.004491435723987615,-0.005034222490324352,0.019979632118831386,True,ok
58.926791274083904,LIDAR,-0.0009224303537349599,,0.0008329193729058268,True,ok
58.938176427031,LIDAR,0.011530545249476276,,0.12978981932222908,True,ok
58.94071480294604,FLOW,0.045184680922147086,0.053025465133030934,2.178196369510325,True,ok
58.949340493566325,BARO,0.07068127819359438,,0.04074038133065138,True,ok
58.952689029995035,FLOW,0.04015752600064229,-0.004412418913307836,0.7566620414447163,True,ok
58.95465509633943,LIDAR,-0.017111675121726178,,0.28301586662027145,True,ok
58.956897330128335,LIDAR,-0.01699309612736699,,0.28295768458790616,True,ok
58.958924424477715,CAMERA,-0.016625281653062984,-0.1431422778262808,1.3268320945407974,True,ok
58.96580269094667,LIDAR,-0.011984343264451525,,0.1408505637323928,True,ok
58.979489243430095,FLOW,-0.04911868944364656,-0.06749811983814064,3.097258440326986,True,ok
58.98338878772988,LIDAR,0.024546389030912774,,0.5835093296093391,True,ok
58.98523756072553,LIDAR,-0.04298104468214148,,1.8140297339594882,True,ok
58.988915677579975,BARO,0.06647169385204199,,0.03603689623940162,True,ok
58.99621373018005,LIDAR,-0.006487621591066528,,0.041222254474827566,True,ok
59.005003986332625,FLOW,-0.005986589879621994,-0.041899153672374054,0.7823327769830558,True,ok
59.010304873376235,LIDAR,0.017845512376865713,,0.309735580649696,True,ok
59.02180019743454,LIDAR,-0.025071479186436596,,0.6103235570471074,True,ok
59.02297087831755,FLOW,-0.04328240012407223,0.044788892359558054,1.7297248289825264,True,ok
59.02594887786553,LIDAR,0.02783333586969805,,0.7596264091733484,True,ok
59.03781349445437,LIDAR,0.011438260333620942,,0.12780439457333012,True,ok
59.04165816418398,BARO,0.4814478288419446,,1.890412427967788,True,ok
59.042935716358954,FLOW,0.01452195884040041,0.0038110204764593356,0.10093454142470007,True,ok
59.04834217341527,LIDAR,0.027357343656965405,,0.7304047457753552,True,ok
59.06142223184601,LIDAR,-0.011807522541018134,,0.1354133522614568,True,ok
59.06170685617279,FLOW,0.0671059487597982,0.00824667889179495,2.0605962390365904,True,ok
59.06600483725085,CAMERA,-0.09175034711413588,-0.17259250718341754,2.4394534165052684,True,ok
59.067080122263754,LIDAR,0.0005711610572523007,,0.0003192351615567924,True,ok
59.07563769573857,BARO,-0.1544529485921815,,0.1945495139270575,True,ok
59.07754971916444,FLOW,-0.04595831362313964,0.004300854310888318,0.9751638381128845,True,ok
59.08195695253558,LIDAR,0.02038984598626259,,0.4036361751276842,True,ok
59.09039749285142,LIDAR,0.018278860453292634,,0.32547170110870344,True,ok
59.09869873048356,LIDAR,0.024621639451281485,,0.5922434839492492,True,ok
59.10796889513781,FLOW,0.002372008923722989,0.06840985295394279,2.0429519519202244,True,ok
59.10838619437967,LIDAR,-0.06468811646524442,,4.0889119132097145,True,ok
59.112100295555386,FLOW,-0.015977464986524685,0.030430620046577317,0.5562748013940061,True,ok
59.11623783906185,BARO,-0.14663658452272021,,0.1753565584586795,True,ok
59.116607964698304,LIDAR,0.0005027897823355332,,0.0002476387761078264,True,ok
59.13181813640211,LIDAR,-0.040512929984388046,,1.5938506747041505,True,ok
59.13810886234916,LIDAR,0.025781118802180814,,0.6497033974508395,True,ok
59.13998933775623,FLOW,0.002424297009239282,0.009214389031463262,0.04056087931400462,True,ok
59.147571961773934,LIDAR,-0.03774758857231375,,1.3934200127053251,True,ok
59.15568445388009,CAMERA,-0.05207014545537447,0.18206741556131267,2.2912136964812073,True,ok
59.15993701128429,FLOW,0.07793172005437131,0.024582730047408567,2.989331621949207,True,ok
59.16244041756249,BARO,0.07966141446280472,,0.05174839818428383,True,ok
59.16345660158569,LIDAR,-0.030146142245844,,0.8804846247862597,True,ok
59.17294737699885,LIDAR,0.030142722527841892,,0.8821947167843229,True,ok
59.181571750503984,BARO,-0.12015176252425475,,0.1177267044931637,True,ok
59.182072493697895,LIDAR,-0.017748655426021553,,0.306605197984993,True,ok
59.182447151598716,FLOW,0.006948750725776991,-0.0162856860606447,0.13908837655098294,True,ok
59.1860711541441,LIDAR,-0.010106242413727928,,0.10036291045112503,True,ok
59.19638030907626,LIDAR,-0.04004609694037464,,1.572987473446642,True,ok
59.19831110547272,FLOW,0.023479605455215345,-0.009385256635429091,0.28985647725443453,True,ok
59.209590351142545,LIDAR,-0.029839974109694634,,0.8682518832747714,True,ok
59.21969334094877,LIDAR,-0.013835982963627425,,0.18665672175808634,True,ok
59.2272251384625,FLOW,0.047249078385970714,-0.022953888552782922,1.2012599721880717,True,ok
59.230734136291424,FLOW,-0.011133507630635725,0.010039061703847793,0.10611957409461834,True,ok
59.230827770698276,LIDAR,0.003670386678119142,,0.013114275857800345,True,ok
59.23742248334619,LIDAR,0.0022883902315997684,,0.005126402606391709,True,ok
59.243533485200444,BARO,-0.23027079973868436,,0.4324439155618217,True,ok
59.24695177353394,LIDAR,0.03212747425379603,,1.010597994496892,True,ok
59.254619406145565,FLOW,-0.014654569492939633,0.0008586311149040007,0.09809388222305127,True,ok
59.25540324732882,LIDAR,-0.01316006986982221,,0.16984700767482933,True,ok
59.272179571131495,FLOW,0.007795327471876008,-0.00645493172919301,0.046810478339561354,True,ok
59.27438252829832,LIDAR,0.016318338011183986,,0.2573334612802329,True,ok
59.27972898045932,LIDAR,-0.014144013635721375,,0.19508148096050454,True,ok
59.287679759197545,LIDAR,0.03896334094074483,,1.4851595468458303,True,ok
59.28831387734279,BARO,-0.39284948968631084,,1.2587273608398681,True,ok
59.30120541874923,FLOW,-0.01993161947082777,0.05015341443849258,1.2754430208273757,True,ok
59.302941470186845,LIDAR,0.05296338941770551,,2.721073043762421,True,ok
59.30727258859112,LIDAR,0.0004945471513284616,,0.00023957563365097228,True,ok
59.32077129949278,FLOW,-0.04515916157193106,0.004442493499555215,0.9153530917419364,True,ok
59.324477418260734,BARO,-0.528192803902567,,2.274980782952778,True,ok
59.324495860635224,LIDAR,0.012847865870495578,,0.1598176578505221,True,ok
59.32716506624879,LIDAR,0.02106569268147762,,0.43513238112949537,True,ok
59.33618623033349,LIDAR,0.0006065260759084978,,0.000360904840376027,True,ok
59.340906792182416,BARO,0.0032059600579956715,,8.382661958549857e-05,True,ok
59.346724892763135,LIDAR,0.003950171599663488,,0.0152811991313846,True,ok
59.34787625805709,FLOW,0.04338102872867824,-0.034756968630354844,1.3439203510370508,True,ok
59.34976059105147,CAMERA,0.01802133415130669,0.02744742311155804,0.06843055488528721,True,ok
59.35420054559858,FLOW,-0.02177880339193356,-0.04617292423999338,1.2166297300165525,True,ok
59.363679541976396,LIDAR,-0.003350197432239632,,0.010867619416929868,True,ok
59.367394322476805,LIDAR,0.024961743622888388,,0.610040095000244,True,ok
59.37783493533919,FLOW,0.02423239482588601,0.02145423475181213,0.47428402367369427,True,ok
59.38338935032618,LIDAR,-0.01689598313981655,,0.2767633521952085,True,ok
59.387892558837315,BARO,0.3815555455947113,,1.1872674826437393,True,ok
59.390849188930176,LIDAR,-0.019547433274325066,,0.37239473553712604,True,ok
59.395286950080084,FLOW,-0.023870171561407194,0.02390273164567923,0.5202142973595523,True,ok
59.402188946573574,LIDAR,0.01490781669534691,,0.21619880706661165,True,ok
59.4071989247049,LIDAR,-0.01337452334394329,,0.17543398563096352,True,ok
59.418661107933794,FLOW,0.06475169097865148,0.0002458532542888893,1.8745213264569114,True,ok
59.42188858527022,LIDAR,0.0037842350015768744,,0.013931154514542535,True,ok
59.42309873137313,BARO,-0.05769082893282795,,0.027144013738036633,True,ok
59.428321959119096,LIDAR,-0.010664560367181108,,0.11131676012530332,True,ok
59.435914692200356,CAMERA,-0.34459297078144857,-0.08028550089005154,7.965724484510455,True,ok
59.438394070659264,FLOW,0.004935805701979629,-0.04289900344313147,0.8367466778697696,True,ok
59.43936936251227,LIDAR,0.03845138549935001,,1.4439123322988325,True,ok
59.4470756779302,LIDAR,0.03189213709067751,,0.9965642181095656,True,ok
59.46174855310316,LIDAR,0.007266697137028988,,0.05132954367050051,True,ok
59.46551730810082,FLOW,0.01448937294528066,0.029289639382543312,0.46695038832140856,True,ok
59.469072195085744,LIDAR,0.012097222836515709,,0.14293725685537118,True,ok
59.469090361260925,CAMERA,0.09884887384156826,-0.026452953270423733,0.6695878302163905,True,ok
59.47157791297922,BARO,-0.712960639994012,,4.145682351313984,True,ok
59.47912765060863,FLOW,0.011355295415945058,0.0101759211071553,0.10572482545448966,True,ok
59.479454289931176,LIDAR,-0.05571082125247284,,3.029347691026921,True,ok
59.49227239012123,LIDAR,-0.06109838545993296,,3.627627108180846,True,ok
59.5036693064528,BARO,0.006603411028299311,,0.00035558081111287845,True,ok
59.50369429398717,LIDAR,0.0539357686442441,,2.8233576129153395,True,ok
59.50572509080417,LIDAR,-0.019807454791503476,,0.38579888710805854,True,ok
59.508831756413976,FLOW,-0.013107107143591298,0.0013349521848127054,0.07548494613974435,True,ok
59.51661159167578,FLOW,0.017290033985312064,0.007118109459046687,0.16224511218980336,True,ok
59.52340754580959,LIDAR,0.04079509383551816,,1.6151249492610094,True,ok
59.525484913332605,LIDAR,-0.0791525943208291,,6.160079401932625,True,ok
59.53531208200008,LIDAR,-0.013926483121495803,,0.1904646325931786,True,ok
59.549265229503156,FLOW,-0.09196247084547703,-0.05118302352809805,4.816102069584333,True,ok
59.55449319900228,BARO,0.25187055700290206,,0.517301937058392,True,ok
59.55491828153911,LIDAR,-1.4305822225501166,,1978.3536929281624,False,gate
59.55549336619303,FLOW,0.009184036632772417,-0.08108286187386692,3.108377611162947,True,ok
59.558011303031684,LIDAR,0.01689795905115843,,0.27470009198911643,True,ok
59.568885568246834,LIDAR,0.04532794459611278,,1.9795954178363617,True,ok
59.57687863615323,FLOW,-0.017461021489485546,0.07212603738685913,2.517447414833501,True,ok
59.58453899223319,LIDAR,-0.03360354959356071,,1.0811716051348799,True,ok
59.586841311006275,LIDAR,-0.029806581780290164,,0.8641962428939203,True,ok
59.59723693824226,FLOW,0.03411717761250294,0.0491507391591712,1.6209575900654778,True,ok
59.60211171488921,LIDAR,3.902782951459294e-05,,1.4705725683031975e-06,True,ok
59.6050691330392,LIDAR,0.010932009539079246,,0.11687816378002437,True,ok
59.60831038098097,BARO,-0.27449889442155495,,0.6145339628094652,True,ok
59.609124729062295,CAMERA,0.0731562448153511,0.0036047350933128292,0.3420396481682452,True,ok
59.62245428052377,LIDAR,0.0403589995871565,,1.5745930710657212,True,ok
59.6250713625142,FLOW,0.003394692860084786,0.05630849184190928,1.3939478024134095,True,ok
59.62707201015354,LIDAR,-0.0008605835394626116,,0.000723196315222908,True,ok
59.63161987865639,FLOW,-0.007615638317278656,-0.009346247909605612,0.06805237435388922,True,ok
59.641560058176644,LIDAR,0.05247438802943227,,2.670098854091712,True,ok
59.64191246324584,BARO,-0.3038524653966823,,0.7529768584809879,True,ok
59.6460282537978,LIDAR,0.018356296093858138,,0.32994144173915196,True,ok
59.65600179395141,LIDAR,-0.04012678161098138,,1.5756457859163675,True,ok
59.65617789164584,FLOW,-0.02901713015172067,0.037867665081921534,1.0288141478593793,True,ok
59.67146286732409,FLOW,0.027961592576258312,-0.008076494490025753,0.3894067552313472,True,ok
59.673680095233614,LIDAR,0.02863826378530865,,0.7927604856088386,True,ok
59.67536092137584,BARO,0.012313589784239909,,0.001236543527451231,True,ok
59.677594045749096,LIDAR,0.022002039704822618,,0.47323472688527973,True,ok
59.679272127827716,CAMERA,0.016198708131312856,0.03220008026329266,0.08294977034258907,True,ok
59.68746440922361,LIDAR,0.004311256545999953,,0.018167005575847474,True,ok
59.690216871614915,FLOW,0.019214917285423225,-0.020660085039020143,0.36469683761649196,True,ok
59.69507780641996,LIDAR,-0.029272811343037386,,0.8402748324201633,True,ok
59.708923635490294,BARO,0.08456509623844921,,0.058317263345122584,True,ok
59.71364235524286,LIDAR,-0.029111794334397256,,0.8195785240301274,True,ok
59.7191942101593,LIDAR,0.03448058974201995,,1.1596551224783942,True,ok
59.72092541202643,FLOW,-0.055333471893086905,-0.06644436411636107,3.2560569808140287,True,ok
59.727806523118055,LIDAR,-0.0199959436485857,,0.3908419956782747,True,ok
59.74331701378973,LIDAR,-0.03302137930272475,,1.056560338995501,True,ok
59.74707363080067,FLOW,0.0010088058120222045,-0.017612322126558586,0.13420653522230436,True,ok
59.748608790742416,LIDAR,-0.017968364318010188,,0.3155261245453175,True,ok
59.75696888846901,FLOW,0.022754455665883536,0.022668312590389077,0.472583502686425,True,ok
59.75752666874424,LIDAR,-0.034723941090872845,,1.179909298197984,True,ok
59.760515053511234,BARO,-0.20657051284332395,,0.34802011764776236,True,ok
59.7728638035974,LIDAR,0.015990559554545758,,0.2480731684383684,True,ok
59.77595146889509,LIDAR,-0.028610946144213667,,0.803444018468699,True,ok
59.7873384699717,FLOW,0.013215227789528154,0.011335734817482217,0.13206450904467626,True,ok
59.79305881456183,LIDAR,-1.1592650569500562,,1303.3645691758868,False,gate
59.79936192913721,FLOW,-0.11356035227053983,-0.04301551438079583,6.734478973614381,True,ok
59.80467090401778,LIDAR,-0.042774644960950736,,1.7425805460216648,True,ok
59.80587946952634,BARO,-0.3511552842038643,,1.0055416427049357,True,ok
59.80826034132399,LIDAR,0.01685998897141827,,0.2748853880285536,True,ok
59.81341931868782,CAMERA,-0.1302557574497598,0.10348482834678058,1.7634781543835576,True,ok
59.81549082830174,FLOW,0.07248255154288251,-0.008188911929274487,2.4500484831060163,True,ok
59.81988792761806,LIDAR,0.0491696392562635,,2.3362730392755573,True,ok
59.82402589527702,BARO,-0.4781911456053045,,1.8647857370766214,True,ok
59.831687157974336,LIDAR,-0.031166758450285048,,0.9380122977986418,True,ok
59.84391910197361,LIDAR,0.04824956076394726,,2.2450556748754775,True,ok
59.84677417513319,FLOW,0.02006327072498832,0.026589060495097315,0.4840083867237267,True,ok
59.85105414840268,LIDAR,-0.030577010355256506,,0.9077783612028898,True,ok
59.853176109731855,FLOW,0.016371946867260376,0.03586997495434037,0.7266270996024033,True,ok
59.8563900779503,CAMERA,0.07970321595084329,-0.02608738593223352,0.4500199196062861,True,ok
59.857093918737135,LIDAR,0.006375395394338845,,0.03974165515973887,True,ok
59.87494849633241,LIDAR,-0.005036142514624586,,0.024493014009692178,True,ok
59.88078737009684,LIDAR,0.05520651078403693,,2.968260535479024,True,ok
59.885859048270646,FLOW,-0.04311619987523589,-0.01555021566269334,0.9189091660180191,True,ok
59.888935036488476,BARO,-0.015842134689106002,,0.0020466973519103855,True,ok
59.89186933626919,FLOW,-0.013474780554410135,-0.0652594413333826,2.082616288783318,True,ok
59.894133806892064,LIDAR,-0.014928699786829869,,0.21605276377294652,True,ok
59.902292545901574,LIDAR,0.03922494625991102,,1.4977012272469965,True,ok
59.9052395177216,LIDAR,-0.015435384904419314,,0.23450712888196446,True,ok
59.91043274816293,BARO,-0.19354312843341037,,0.3055119954157278,True,ok
59.91573649834343,LIDAR,0.014912418103790959,,0.21838709244182486,True,ok
59.916174149632035,FLOW,0.01135650189961367,-0.01375991902876728,0.14414712232422217,True,ok
59.93206522034798,LIDAR,-0.034637624204656214,,1.1655269607342504,True,ok
59.93767889572994,LIDAR,0.01480758061148113,,0.21461462954700636,True,ok
59.949413035149234,FLOW,0.07917934561482878,-0.0823495513861467,5.591925394705245,True,ok
59.95236217803114,LIDAR,0.02376138930170546,,0.5483681441397514,True,ok
59.95577214837187,FLOW,-0.05054480380546413,0.040205741719084545,1.9331794807548315,True,ok
59.95762347822781,BARO,0.24172334244467297,,0.4765091548222633,True,ok
59.95783578806592,LIDAR,0.0028616990991476854,,0.00801686336520249,True,ok
59.96527669902387,LIDAR,-0.0069060002274399235,,0.04683856787315462,True,ok
59.98002332281987,LIDAR,-0.0599874070502302,,3.5043267836267074,True,ok
59.98565233135607,LIDAR,-0.001890967542156341,,0.003506580618079309,True,ok
59.98840901171369,FLOW,-0.03914144364852342,0.0212275231119346,0.8616140152119136,True,ok
59.990527950124644,FLOW,-0.027829178185384617,-0.015337626449891721,0.479531550623876,True,ok
59.990968336477366,BARO,-0.3297649566929748,,0.8868912930459657,True,ok
59.99562435376038,CAMERA,0.012314739699235133,0.023014068941928215,0.04344343842850125,True,ok
60.00289431457628,LIDAR,0.015240444526597452,,0.22507944149560435,True,ok
60.012435798039306,LIDAR,0.01549248948865678,,0.23306313646065718,True,ok
60.02984875764116,FLOW,0.012793450784668805,-0.06755962946617043,2.031773296509238,True,ok
60.03277962228183,BARO,-0.16554201500235677,,0.2234419742704936,True,ok
60.10948234300847,CAMERA,0.025094851162613452,-0.10243044127821821,0.7082685587038886,True,ok
